twr50,mean_dist_km,final_dist_km,max_dist_km,pump_energy_wh,min_battery_wh,target_changes,left_domain,est_err_mean_km,est_err_max_km,max_forecast_age_h,max_telemetry_backlog_min,month,lat,lon,controller
0.027586206896551724,1468.8179817939194,3332.3048057581527,3332.3048057581527,18.676776786538984,2218.0231239579957,0,False,0.011912154954888309,0.03047808297468361,3.0,0.0,1,10.0,70.0,hold
0.296551724137931,312.2321626319894,960.8971760014465,960.8971760014465,16.65185106490098,2185.160349806435,0,False,0.012455201432007651,0.031634649083100416,3.0,0.0,1,10.0,70.0,hold
0.07586206896551724,273.3272167861876,494.2572518469679,494.2572518469679,22.13281718694182,2181.2334246470796,0,False,0.012773252089871432,0.03478337682590034,3.0,0.0,1,10.0,70.0,hold
0.027586206896551724,909.3008329204143,2070.9910578887216,2070.9910578887216,15.106776575044973,2204.940629142435,0,False,0.011795289646332587,0.03367372137412895,3.0,0.0,1,10.0,70.0,hold
0.09655172413793103,694.46809973171,1502.5959378832908,1502.5959378832908,14.23936814644627,2197.791092809332,0,False,0.012770988839588477,0.033921910444207996,3.0,0.0,1,10.0,70.0,hold
0.034482758620689655,499.2927148087966,1040.0146751132543,1040.0146751132543,15.77996741812395,2200.375320853233,0,False,0.01380160565181692,0.03485844341117647,3.0,0.0,1,10.0,70.0,hold
0.041379310344827586,150.6959356352291,98.15596993655284,226.40888052514333,15.645392643987323,2190.9081118835816,0,False,0.01278514832282914,0.037802702425938514,3.0,0.0,1,10.0,75.0,hold
0.020689655172413793,1802.6180096453174,3518.095384346956,3518.095384346956,12.62405882841475,2226.638260020643,0,False,0.013387495820486817,0.030158038814397978,3.0,0.0,1,10.0,75.0,hold
0.05517241379310345,635.2134612795467,1523.4130247028975,1523.4130247028975,15.678175225930072,2201.5066101221037,0,False,0.011851263272800387,0.032052860123154,3.0,0.0,1,10.0,75.0,hold
0.041379310344827586,1051.6632310512293,2624.801731984666,2624.801731984666,18.680415355862714,2211.786979833424,0,False,0.01326935577397116,0.0312655595523475,3.0,0.0,1,10.0,75.0,hold
0.027586206896551724,951.269770927614,1976.0949978996132,1976.0949978996132,16.01868425727755,2181.453586194356,0,False,0.013656296496084781,0.033959253857429796,3.0,0.0,1,10.0,75.0,hold
0.027586206896551724,622.7607271556699,1058.7876070357904,1058.7876070357904,25.066016332934346,2204.4478761541736,0,False,0.012964566338401831,0.03290359529454129,3.0,0.0,1,10.0,75.0,hold
0.05517241379310345,667.60671953879,1462.6491100131411,1462.6491100131411,16.977527989687395,2199.4437129775024,0,False,0.011564208096036551,0.03980975558410564,3.0,0.0,1,10.0,80.0,hold
0.05517241379310345,914.8479768816721,1986.207207500702,1986.207207500702,14.80208897353824,2205.4327130542897,0,False,0.012274072744383555,0.03693038890524283,3.0,0.0,1,10.0,80.0,hold
0.04827586206896552,791.5161183261172,1442.389085853362,1442.389085853362,14.046593461801407,2195.708870827913,0,False,0.012463340861459926,0.029243528996496477,3.0,0.0,1,10.0,80.0,hold
0.020689655172413793,1092.5925780301716,2013.4701170526803,2013.4701170526803,15.403435292633436,2208.0478233559893,0,False,0.013417463973221445,0.034424343135034466,3.0,0.0,1,10.0,80.0,hold
0.020689655172413793,1384.105243166693,2519.8889079412884,2519.8889079412884,9.905368694920917,2210.373464599225,0,False,0.012914310655494685,0.034969732171466046,3.0,0.0,1,10.0,80.0,hold
0.020689655172413793,1360.139767714128,2574.1671605950737,2574.1671605950737,18.723618584852986,2180.9777228520334,0,False,0.011999112518565341,0.03309821047069599,3.0,0.0,1,10.0,80.0,hold
0.15172413793103448,724.5305669739877,1921.7839450937417,1921.7839450937417,15.483368027224955,2211.1234796953468,0,False,0.012112493732929924,0.03292834731145079,3.0,0.0,1,10.0,85.0,hold
0.020689655172413793,1427.9753514310592,2493.060074753047,2493.060074753047,22.289309809994723,2211.5355113060336,0,False,0.012490928124343617,0.03745209198839841,3.0,0.0,1,10.0,85.0,hold
0.013793103448275862,1671.519175371221,3021.0709852723994,3021.0709852723994,11.310045389836848,2210.1544287223974,0,False,0.012266341175635307,0.030551359855305278,3.0,0.0,1,10.0,85.0,hold
0.08275862068965517,427.2674318213308,881.5148136525955,881.5148136525955,17.72757416056917,2193.2295106783645,0,False,0.012867592041147308,0.037432651853706596,3.0,0.0,1,10.0,85.0,hold
0.020689655172413793,1271.007378231701,2413.2509120824448,2413.2509120824448,25.067022463951027,2216.309906466942,0,False,0.012409578011544497,0.03612899671955899,3.0,0.0,1,10.0,85.0,hold
0.034482758620689655,698.4140117562778,1396.2287438944056,1396.2287438944056,12.92361836096529,2209.7735220038057,0,False,0.012583703140414132,0.03144962222333295,3.0,0.0,1,10.0,85.0,hold
0.013793103448275862,1254.3403874148662,2251.1434053524836,2251.1434053524836,9.328007882354562,2202.444626925243,0,False,0.012072143825275623,0.031103604069592755,3.0,0.0,1,10.0,90.0,hold
0.027586206896551724,918.774616532517,1517.857158444192,1517.857158444192,11.596311031755448,2196.5311243074407,0,False,0.012348825051508576,0.030930887867751913,3.0,0.0,1,10.0,90.0,hold
0.041379310344827586,586.7701706437748,1179.164764578538,1179.164764578538,10.994861542526285,2207.3944720167333,0,False,0.011846230157975667,0.03141322434201233,3.0,0.0,1,10.0,90.0,hold
0.013793103448275862,1501.9801990227056,2523.732775462464,2523.732775462464,18.49269665275652,2213.78201766178,0,False,0.011589109010411366,0.03048177987013354,3.0,0.0,1,10.0,90.0,hold
0.13793103448275862,317.63601750782266,769.9058467420236,769.9058467420236,12.199415730242746,2199.254813656411,0,False,0.012087856743549034,0.03312906053695265,3.0,0.0,1,10.0,90.0,hold
0.013793103448275862,1433.8107541704878,2538.8320440003467,2538.8320440003467,17.33401554075397,2214.2262867961213,0,False,0.011874236577090322,0.02976939525375048,3.0,0.0,1,10.0,90.0,hold
0.04827586206896552,872.4598246903221,1926.8292192433642,1926.8292192433642,14.943563023339774,2193.56984173689,0,False,0.011726567971942414,0.03633468988489679,3.0,0.0,1,15.0,70.0,hold
0.07586206896551724,410.36380798592927,999.7633980505268,999.7633980505268,14.502263037432382,2192.256108066016,0,False,0.012744495254073071,0.0390685583675269,3.0,0.0,1,15.0,70.0,hold
0.41379310344827586,52.46153518306804,49.711996516587966,112.40323421017398,19.557991221227653,2172.9430095474145,0,False,0.012906699291261125,0.03646305248065684,3.0,0.0,1,15.0,70.0,hold
0.3310344827586207,229.6469467872529,679.3475681514988,679.3475681514988,14.314416610736874,2180.345222970183,0,False,0.012454609841721547,0.03167377323145253,3.0,0.0,1,15.0,70.0,hold
0.020689655172413793,1422.7944157533736,2584.1893286738214,2584.1893286738214,22.565308917947824,2159.1347853146976,0,False,0.011811723327486107,0.030333597479498802,3.0,0.0,1,15.0,70.0,hold
0.027586206896551724,611.63863480707,965.1358525821838,965.1358525821838,7.788257799476133,2183.888671825668,0,False,0.012595718348725414,0.032571687173227594,3.0,0.0,1,15.0,70.0,hold
0.027586206896551724,1147.1338436660553,2308.7593419666564,2308.7593419666564,22.236469564908383,2158.0552213365804,0,False,0.012261589530674166,0.03241930514521776,3.0,0.0,1,15.0,75.0,hold
0.034482758620689655,963.4840829092825,2056.255548143963,2056.255548143963,12.038470564924063,2190.4518956065717,0,False,0.013603848403218655,0.04091665375601462,3.0,0.0,1,15.0,75.0,hold
0.027586206896551724,845.1751010863189,1525.7598309134125,1525.7598309134125,14.85976853394276,2188.3539942498946,0,False,0.012670503465464292,0.029258090374449416,3.0,0.0,1,15.0,75.0,hold
0.05517241379310345,340.37682087233304,487.84269421916264,519.66342883877,19.666102837594536,2172.5962856779665,0,False,0.012293748658640536,0.029791662530020392,3.0,0.0,1,15.0,75.0,hold
0.08275862068965517,765.984819216629,1968.8739743087851,1968.8739743087851,15.379372763939891,2192.947773583529,0,False,0.012249259102344954,0.03697167136963285,3.0,0.0,1,15.0,75.0,hold
0.041379310344827586,830.7586667371711,1727.7667555864725,1727.7667555864725,15.543574609204407,2188.9956057441905,0,False,0.011521454490837675,0.038303230504958756,3.0,0.0,1,15.0,75.0,hold
0.034482758620689655,393.94052651250513,555.9238998331497,555.9238998331497,14.54858656645031,2185.081724441262,0,False,0.012964506269387015,0.03650330020218644,3.0,0.0,1,15.0,80.0,hold
0.027586206896551724,785.9609862823112,1681.1982570185014,1681.1982570185014,15.514514748965018,2154.976432266358,0,False,0.01215228643921277,0.03614570392432907,3.0,0.0,1,15.0,80.0,hold
0.027586206896551724,1214.9850651517481,2404.482160255463,2404.482160255463,15.752653428611795,2206.6306454766395,0,False,0.012575471193683277,0.03102969539831274,3.0,0.0,1,15.0,80.0,hold
0.041379310344827586,914.265891925096,2018.5036755225467,2018.5036755225467,15.809936872072889,2183.6493243986943,0,False,0.012402795042405037,0.031163462347905072,3.0,0.0,1,15.0,80.0,hold
0.027586206896551724,989.3265452049096,1882.689155927515,1882.689155927515,18.077967769143275,2199.0594198219806,0,False,0.012072469359789456,0.04080299724648897,3.0,0.0,1,15.0,80.0,hold
0.020689655172413793,1666.743516255761,3193.0627114642202,3193.0627114642202,21.755206299147204,2151.195425861838,0,False,0.013830255022420964,0.03229038483098364,3.0,0.0,1,15.0,80.0,hold
0.034482758620689655,568.4397194068061,1016.2416546562852,1016.2416546562852,12.785538549397545,2178.6698359862453,0,False,0.012713011819526103,0.03806647571362511,3.0,0.0,1,15.0,85.0,hold
0.12413793103448276,350.16741490611867,797.1096695513446,797.1096695513446,19.275154794806962,2173.8139451326533,0,False,0.011760650748744918,0.032655547375934985,3.0,0.0,1,15.0,85.0,hold
0.041379310344827586,367.48017616281885,699.0959712610291,701.2965768066914,0.0,2164.241339735519,0,False,0.012699326395267337,0.03415587025863536,3.0,0.0,1,15.0,85.0,hold
0.034482758620689655,203.86300943422606,311.2039019756666,311.2039019756666,14.725484242307195,2183.8809534981165,0,False,0.012428225220408175,0.031933175003997304,3.0,0.0,1,15.0,85.0,hold
0.43448275862068964,117.0618248223409,345.75209124238665,345.75209124238665,22.442620579107384,2175.213276139931,0,False,0.011684743779849018,0.033671620508193015,3.0,0.0,1,15.0,85.0,hold
0.0896551724137931,285.84551278566664,565.332409101081,565.332409101081,10.563635710141904,2166.7562146672553,0,False,0.011866623621391072,0.03290004144631355,3.0,0.0,1,15.0,85.0,hold
0.027586206896551724,614.9305314209342,1094.786168354305,1094.786168354305,8.224672234010772,2182.970169816478,0,False,0.013686909227535281,0.03890986435936213,3.0,0.0,1,15.0,90.0,hold
0.08275862068965517,345.27848418720305,640.8233287638958,640.8233287638958,6.6493600995096385,2165.5878672071362,0,False,0.013657295597766853,0.03591416478910794,3.0,0.0,1,15.0,90.0,hold
0.041379310344827586,275.96609421113476,490.30829608888195,490.30829608888195,11.363014621140238,2177.43918707466,0,False,0.012286536663957596,0.03313035554877848,3.0,0.0,1,15.0,90.0,hold
0.07586206896551724,509.65558078042966,1093.0059201213348,1093.0059201213348,17.365516919933402,2155.939756703322,0,False,0.013392195537765413,0.032735958168573734,3.0,0.0,1,15.0,90.0,hold
0.05517241379310345,568.4674748350744,1162.0214778454663,1162.0214778454663,11.097134343797437,2182.3054380546378,0,False,0.012261645967485324,0.03267493017862925,3.0,0.0,1,15.0,90.0,hold
0.05517241379310345,214.03203894849455,652.4783496170401,652.4783496170401,21.07488211243291,2182.6057015269726,0,False,0.012894685525009714,0.03532208361461144,3.0,0.0,1,15.0,90.0,hold
0.027586206896551724,980.4657848806927,2167.160729360557,2167.160729360557,17.216388593499605,2182.781417620976,0,False,0.011371148110072723,0.026957430102204222,3.0,0.0,1,20.0,70.0,hold
0.027586206896551724,769.9086052056372,1332.3322378853252,1332.3322378853252,0.4457478317763092,2181.4918155244627,0,False,0.012244506949635353,0.03121230461878321,3.0,0.0,1,20.0,70.0,hold
0.027586206896551724,781.397389602163,1045.4269210205932,1144.914816834117,11.614479035019585,2141.3278529492113,0,False,0.012737114003326189,0.02909041493384143,3.0,0.0,1,20.0,70.0,hold
0.027586206896551724,716.7940616179335,1536.6222211805764,1536.6222211805764,17.797093506252757,2181.3592957717538,0,False,0.012421919242432493,0.03251470180878538,3.0,0.0,1,20.0,70.0,hold
0.041379310344827586,407.3817272772039,829.2733510461771,829.2733510461771,22.34265144889548,2176.1207458641516,0,False,0.012846438886251102,0.03477213121362399,3.0,0.0,1,20.0,70.0,hold
0.0896551724137931,387.0870858074047,823.3731049790058,823.3731049790058,19.09363311361502,2137.9005489067185,0,False,0.01259582680471485,0.037498089840657306,3.0,0.0,1,20.0,70.0,hold
0.2482758620689655,143.8606615085871,354.53051751958594,354.53051751958594,10.417095685435358,2161.9278484929514,0,False,0.011048105491683316,0.028014370182162525,3.0,0.0,1,20.0,75.0,hold
0.04827586206896552,353.3922466457342,554.6139777301288,555.1618236637491,14.987917781266248,2164.9164238673225,0,False,0.012596032920924575,0.03604071464184372,3.0,0.0,1,20.0,75.0,hold
0.08275862068965517,156.11171388168518,291.89311076690706,291.89311076690706,14.272970430309929,2157.4396798512203,0,False,0.013007059655276397,0.035182183151676996,3.0,0.0,1,20.0,75.0,hold
0.04827586206896552,663.8700581196636,1614.8488773954932,1614.8488773954932,13.898802004222556,2158.691494932506,0,False,0.012391289047326764,0.0345248763598049,3.0,0.0,1,20.0,75.0,hold
0.31724137931034485,141.40820529908683,321.23975691833044,321.23975691833044,15.837513475870653,2157.696352569238,0,False,0.01352089368232027,0.03155761006934527,3.0,0.0,1,20.0,75.0,hold
0.034482758620689655,464.7756759096216,861.51963244542,861.51963244542,14.030862767660109,2146.6206799432653,0,False,0.012956337187536327,0.03152359305468983,3.0,0.0,1,20.0,75.0,hold
0.20689655172413793,178.38231137873882,472.66600336500136,472.66600336500136,13.332337640279679,2167.200700178714,0,False,0.012989072516327992,0.03506320645223323,3.0,0.0,1,20.0,80.0,hold
0.041379310344827586,593.5406784801327,1360.577995462659,1360.577995462659,16.331696447281733,2144.817946956923,0,False,0.01266214691415562,0.031217670360069012,3.0,0.0,1,20.0,80.0,hold
0.06896551724137931,570.277725173964,1461.0827026284753,1461.0827026284753,17.343674425942694,2176.112059262207,0,False,0.012430712091157906,0.03334859624228265,3.0,0.0,1,20.0,80.0,hold
0.027586206896551724,855.7507896138526,1531.072616672413,1531.072616672413,13.567955178875541,2154.6937444679907,0,False,0.012346138203679163,0.030961780739747983,3.0,0.0,1,20.0,80.0,hold
0.04827586206896552,471.40833384252477,742.4073851865832,761.4578127603536,10.11819308380108,2151.121976597548,0,False,0.013006877473119753,0.031071514909460887,3.0,0.0,1,20.0,80.0,hold
0.041379310344827586,489.34470991432096,1007.6995886413466,1007.6995886413466,10.913967599450181,2145.175407936832,0,False,0.01211234914930411,0.034841212175976785,3.0,0.0,1,20.0,80.0,hold
0.7034482758620689,60.22799413982294,223.01207591068857,223.01207591068857,10.705044079691667,2155.457531399613,0,False,0.013285100776153982,0.03272899157065362,3.0,0.0,1,20.0,85.0,hold
0.05517241379310345,393.4734430280315,865.6740488453431,865.6740488453431,12.666717138752773,2153.9457924891067,0,False,0.013545075080975003,0.034506873411783615,3.0,0.0,1,20.0,85.0,hold
0.05517241379310345,668.3168445345701,1558.1693318533119,1558.1693318533119,14.104566267326188,2145.0157246862755,0,False,0.011949464818383526,0.035785636726474404,3.0,0.0,1,20.0,85.0,hold
0.041379310344827586,864.1587389106244,1982.5092965263677,1982.5092965263677,18.37318713111037,2186.0736964617054,0,False,0.012359800507489933,0.03456398239917451,3.0,0.0,1,20.0,85.0,hold
0.05517241379310345,219.08552488654854,202.07467851791318,301.56820003271895,18.91850115392451,2166.0986250048486,0,False,0.012380750549189806,0.0338338895229854,3.0,0.0,1,20.0,85.0,hold
0.21379310344827587,256.21545568301656,594.929822554627,594.929822554627,14.553050332312507,2156.4957757794145,0,False,0.013668037740493586,0.036759760303670216,3.0,0.0,1,20.0,85.0,hold
0.12413793103448276,81.3694201503717,79.18960586970937,122.68142690068605,11.896108020241481,2151.915632048507,0,False,0.013448648467649002,0.030929159673265788,3.0,0.0,1,20.0,90.0,hold
0.020689655172413793,1298.2302094690617,2563.2608064577776,2563.2608064577776,11.59105496868613,2174.1348281956007,0,False,0.011776466605556701,0.027954445287387043,3.0,0.0,1,20.0,90.0,hold
0.06206896551724138,212.12558099637118,409.590290026141,409.590290026141,12.824892552090931,2151.0726912052532,0,False,0.013142577336265055,0.034560007439105214,3.0,0.0,1,20.0,90.0,hold
0.034482758620689655,492.9729835948646,867.1753350058426,867.1753350058426,14.219658628518232,2144.8771009147804,0,False,0.01308113424747785,0.03705905012413202,3.0,0.0,1,20.0,90.0,hold
0.04827586206896552,622.1632836120257,1140.5337415303036,1140.5337415303036,17.891914834309148,2146.787573768125,0,False,0.011544090605819204,0.0282512127700964,3.0,0.0,1,20.0,90.0,hold
0.04827586206896552,330.3951794637617,469.4692464972019,489.7896508730047,18.810278076424144,2154.3219852840243,0,False,0.012634250747007561,0.035524878566210775,3.0,0.0,1,20.0,90.0,hold
0.05517241379310345,1084.6357342891897,2672.8121266396593,2672.8121266396593,9.166048262668342,1970.0965922783162,0,False,0.011576849695259923,0.028865291067886857,3.0,0.0,1,25.0,70.0,hold
0.08275862068965517,377.04512434196454,1135.3959509774008,1135.3959509774008,10.563605423394728,2081.4351509834482,0,False,0.012823048542582004,0.030482616436137762,3.0,0.0,1,25.0,70.0,hold
0.034482758620689655,1183.072931379611,2935.529398291723,2935.529398291723,19.275529350829554,1888.7041045382439,0,False,0.013149571409863045,0.03062382974133168,3.0,0.0,1,25.0,70.0,hold
0.05517241379310345,945.4662455039092,2053.3153015058147,2053.3153015058147,17.645118427897877,2162.7864838556857,0,False,0.012013870270764823,0.032919882049349154,3.0,0.0,1,25.0,70.0,hold
0.034482758620689655,916.0701988372932,1869.9104704370732,1869.9104704370732,13.261079900632687,2166.983212104642,0,False,0.013617648804916817,0.037771358548281155,3.0,0.0,1,25.0,70.0,hold
0.020689655172413793,1215.1363181080076,2139.4244421414423,2139.4244421414423,8.829564604382004,2015.2361431470442,0,False,0.01251147772536399,0.033239188318977396,3.0,0.0,1,25.0,70.0,hold
0.04827586206896552,784.7048920634224,1586.7514548858733,1586.7514548858733,14.154016479471595,2164.5952971264796,0,False,0.013324490658615906,0.03290553188194507,3.0,0.0,1,25.0,75.0,hold
0.3103448275862069,257.8812864847196,842.0140758303315,842.0140758303315,16.20792206657248,2021.9158023020027,0,False,0.011392454788738378,0.027991917651007777,3.0,0.0,1,25.0,75.0,hold
0.18620689655172415,102.86567489098306,259.34835315637145,259.34835315637145,12.026475944034873,1944.5723896300074,0,False,0.012274704053953027,0.03321437481997617,3.0,0.0,1,25.0,75.0,hold
0.020689655172413793,1333.4049809118542,2576.040534889968,2576.040534889968,18.183047223122294,2180.3418856214685,0,False,0.01305541954344627,0.032861109781415536,3.0,0.0,1,25.0,75.0,hold
0.020689655172413793,706.5748051062445,1415.1545452891871,1415.1545452891871,7.114764897497673,2173.327514625754,0,False,0.012556306255716054,0.029153714275237153,3.0,0.0,1,25.0,75.0,hold
0.020689655172413793,866.3624044874543,1445.2956234846704,1447.5291795624491,14.006915897428952,2048.5116199416602,0,False,0.012610763228643008,0.03453327032025384,3.0,0.0,1,25.0,75.0,hold
0.027586206896551724,778.0952183160075,1353.0031302874963,1353.0031302874963,10.615973028907689,1996.2011283042443,0,False,0.012054454796008461,0.03362836907408823,3.0,0.0,1,25.0,80.0,hold
0.034482758620689655,758.5065615280981,1369.7833812088063,1369.7833812088063,16.86474877252781,2153.6353619128386,0,False,0.012739951102767736,0.03181172325562831,3.0,0.0,1,25.0,80.0,hold
0.027586206896551724,1644.8682981949223,3588.0630371004518,3588.0630371004518,11.321099398208473,1781.1307365392825,0,False,0.012456339155969892,0.031481508357511664,3.0,0.0,1,25.0,80.0,hold
0.08275862068965517,206.67491923356252,497.26996412800395,497.26996412800395,15.007611417230788,2133.0265073915775,0,False,0.013086474504668993,0.03486121502575973,3.0,0.0,1,25.0,80.0,hold
0.041379310344827586,754.4294958535565,1567.3592192346448,1567.3592192346448,15.743653198262397,2170.092694591159,0,False,0.012110662484977998,0.030479811000231925,3.0,0.0,1,25.0,80.0,hold
0.09655172413793103,393.8267326319168,1082.033239152734,1082.033239152734,15.175718012375905,2152.7844445137894,0,False,0.013429565382032587,0.030686643375051066,3.0,0.0,1,25.0,80.0,hold
0.35172413793103446,151.46055916203883,418.38890632619194,418.38890632619194,9.840887193562473,2140.7453241821117,0,False,0.012748872837634262,0.03199517577424572,3.0,0.0,1,25.0,85.0,hold
0.041379310344827586,974.377303589534,2329.392022413997,2329.392022413997,8.967332498116923,1928.4466677736434,0,False,0.01320858101100393,0.033964062954149714,3.0,0.0,1,25.0,85.0,hold
0.027586206896551724,1253.3834295108652,2922.1118368504212,2922.1118368504212,10.68168310116838,1840.9259954176625,0,False,0.012633676950526597,0.03614056659128737,3.0,0.0,1,25.0,85.0,hold
0.020689655172413793,1493.0549032960066,3426.3198505358005,3426.3198505358005,10.510205674272498,2150.1869253132595,0,False,0.013549776116016854,0.03489149817447202,3.0,0.0,1,25.0,85.0,hold
0.04827586206896552,302.5098926495461,786.1410145703223,786.1410145703223,13.125515757442967,2124.4577929988295,0,False,0.013056174357578169,0.03274195247070998,3.0,0.0,1,25.0,85.0,hold
0.027586206896551724,847.1327412424707,1934.9196201484413,1934.9196201484413,15.28517643822758,2162.4158594889163,0,False,0.012783689193725361,0.03465209577757509,3.0,0.0,1,25.0,85.0,hold
0.034482758620689655,1047.0197033690954,1884.9419670759949,1884.9419670759949,11.938340004801372,2061.619433950481,0,False,0.012841234994332335,0.031985390718529,3.0,0.0,1,25.0,90.0,hold
0.020689655172413793,1519.5161534722986,3614.8657154956877,3614.8657154956877,11.61572507647649,2172.1938944175804,0,False,0.012715027961715452,0.0436989796760895,3.0,0.0,1,25.0,90.0,hold
0.07586206896551724,142.6551751501041,284.1407735848249,284.1407735848249,9.407980986830765,2148.504304156184,0,False,0.0119834801855052,0.03334204142638927,3.0,0.0,1,25.0,90.0,hold
0.027586206896551724,481.5710441734371,613.209559734736,672.3031029792277,13.921220479305648,2064.56028398353,0,False,0.011826578471229539,0.031314925145904865,3.0,0.0,1,25.0,90.0,hold
0.06896551724137931,433.2128513257033,1105.782484231649,1105.782484231649,10.492681209170446,2110.120767211243,0,False,0.013087588338249433,0.03775665783910463,3.0,0.0,1,25.0,90.0,hold
0.020689655172413793,1052.9996694495576,1754.4336776279638,1754.4336776279638,8.980007261879466,2013.079610480592,0,False,0.011678899111366159,0.02698666574320896,3.0,0.0,1,25.0,90.0,hold
0.013793103448275862,2130.0302863097486,4038.7999454865376,4038.7999454865376,13.28084707495363,1613.5513934586404,0,False,0.012152830655325197,0.0247482910854936,3.0,0.0,1,30.0,70.0,hold
0.020689655172413793,1434.049483502545,3142.89619816118,3142.89619816118,9.538926312550773,2120.253728162436,0,False,0.011425756148582737,0.0313625087673412,3.0,0.0,1,30.0,70.0,hold
0.06206896551724138,812.8089230580331,2170.095894249202,2170.095894249202,14.320339201711953,2032.9378639850838,0,False,0.011496627534047572,0.030487754941555423,3.0,0.0,1,30.0,70.0,hold
0.11724137931034483,419.3384490800668,843.429209496937,843.429209496937,12.3869967808908,1702.7662058798614,0,False,0.012805216075858066,0.04438349152172981,3.0,0.0,1,30.0,70.0,hold
0.013793103448275862,2969.6896835745683,4759.7605017010665,4759.7605017010665,28.746515296986665,1293.3656592559648,0,True,0.012163098022313048,0.04630598606950335,3.0,0.0,1,30.0,70.0,hold
0.034482758620689655,399.0979759781504,855.2086616199925,855.2086616199925,14.797378720912626,1540.2254477565061,0,False,0.011699335188482828,0.03213158746633283,3.0,0.0,1,30.0,70.0,hold
0.020689655172413793,1861.9068274270703,3062.564261048776,3062.564261048776,17.26358529543911,1410.9659864783994,0,True,0.012251016668116357,0.02827803238053809,3.0,0.0,1,30.0,75.0,hold
0.020689655172413793,1630.9900757934397,3027.523768243769,3027.523768243769,25.603705056352396,1895.7125433130243,0,False,0.012673592342818273,0.034388189832837486,3.0,0.0,1,30.0,75.0,hold
0.020689655172413793,1923.856760032569,2914.6147092419733,2914.6147092419733,0.21696593851276483,1412.3781302248544,0,True,0.012283891036880643,0.03138479411542832,3.0,0.0,1,30.0,75.0,hold
0.04827586206896552,601.4608525053054,1207.8712428607837,1207.8712428607837,11.995960725397351,1781.1101321679232,0,False,0.01179377722206143,0.03097801519961544,3.0,0.0,1,30.0,75.0,hold
0.013793103448275862,1684.116895020285,3149.3133957144923,3149.3133957144923,31.58705407297296,2158.6687473485154,0,False,0.01189821380180333,0.03069119992801984,3.0,0.0,1,30.0,75.0,hold
0.020689655172413793,2533.2908317847964,4614.380380993335,4614.380380993335,8.89077497353948,1385.1328796016055,0,True,0.013630835918783928,0.03033623963216398,3.0,0.0,1,30.0,75.0,hold
0.013793103448275862,1903.4060307507796,3076.5248149978916,3076.5248149978916,9.744848689106673,1726.196097473431,0,True,0.012473067067975283,0.035056594961769896,3.0,0.0,1,30.0,80.0,hold
0.21379310344827587,506.68479259211665,1761.4182202919026,1761.4182202919026,5.112248026006975,1977.8525634442103,0,False,0.013296447287046086,0.02910366387931316,3.0,0.0,1,30.0,80.0,hold
0.020689655172413793,1814.842068238425,3785.631411749019,3785.631411749019,8.961841248360246,1592.2094427822442,0,False,0.013028989624828954,0.027724585773000347,3.0,0.0,1,30.0,80.0,hold
0.013793103448275862,2006.7176340984952,3737.315984198356,3737.315984198356,19.424887246620507,1644.7832505886702,0,False,0.01258046152094929,0.029498406718513275,3.0,0.0,1,30.0,80.0,hold
0.06896551724137931,397.60576141150545,1200.4888015147799,1200.4888015147799,11.706440623906706,2111.180199456459,0,False,0.013352460095939133,0.034513339048226684,3.0,0.0,1,30.0,80.0,hold
0.020689655172413793,653.415972850035,808.671744495032,874.478320891518,10.430708812701626,1768.0749781829952,0,False,0.01287805072335377,0.034884877314806655,3.0,0.0,1,30.0,80.0,hold
0.027586206896551724,502.8670784880588,669.2246185127988,674.417009792313,13.117152304061127,1909.4834896928921,0,False,0.013612835520442861,0.03974206677578212,3.0,0.0,1,30.0,85.0,hold
0.034482758620689655,403.81816479108556,319.5047026007419,556.3640171627219,17.670347632510047,1851.1302384270562,0,False,0.013115319878345013,0.03253034232974612,3.0,0.0,1,30.0,85.0,hold
0.027586206896551724,1533.4754898626911,3514.684489549243,3514.684489549243,16.241003718894753,1626.425945196999,0,False,0.0128467864068207,0.03330712059986261,3.0,0.0,1,30.0,85.0,hold
0.027586206896551724,1687.2926541580268,3872.5102866671414,3872.5102866671414,9.104595561173943,1510.6807881849752,0,False,0.012346626566640786,0.02824620476781375,3.0,0.0,1,30.0,85.0,hold
0.013793103448275862,1595.578609046834,2985.99576288521,2985.99576288521,15.80645250108691,1714.868339497315,0,False,0.011946117262893456,0.030115796335945924,3.0,0.0,1,30.0,85.0,hold
0.027586206896551724,1590.038177242816,2610.613738680474,2610.613738680474,10.821644811966154,1425.1625984970722,0,True,0.012713692554482566,0.028925786469866394,3.0,0.0,1,30.0,85.0,hold
0.034482758620689655,1101.8798469420874,2747.1686435491497,2747.1686435491497,7.93859019520067,2012.2118833807679,0,False,0.01287175169688441,0.03378234451712292,3.0,0.0,1,30.0,90.0,hold
0.020689655172413793,2271.440585505431,3205.6778001785924,3205.6778001785924,12.211782622120149,1397.833064157537,0,True,0.01287321163961997,0.03251217602643872,3.0,0.0,1,30.0,90.0,hold
0.04827586206896552,285.79521703533163,454.3627032990261,461.1670353788392,9.722486251919529,1720.9788362827587,0,False,0.01252006620501318,0.038463169775810734,3.0,0.0,1,30.0,90.0,hold
0.041379310344827586,1081.4380396606189,2553.9165912136286,2553.9165912136286,5.33337308452388,1742.9561833206858,0,False,0.013052382251222946,0.043676032948263624,3.0,0.0,1,30.0,90.0,hold
0.020689655172413793,1263.402566517179,2227.920425190564,2227.920425190564,15.827626304193437,1861.405832469064,0,False,0.012523414872722297,0.04108357137796576,3.0,0.0,1,30.0,90.0,hold
0.013793103448275862,2481.2866846394545,3769.5943330577493,3769.5943330577493,13.115303131948293,1608.4129890755053,0,True,0.012257616949208391,0.033718343677055944,3.0,0.0,1,30.0,90.0,hold
0.027586206896551724,554.6761705602793,973.7794328102262,973.7794328102262,211.82345661126215,2013.3315248865777,4,False,0.011912154960449095,0.030478082973242962,3.0,0.0,1,10.0,70.0,mpc / perfect forecast
0.47586206896551725,55.41681882366908,78.30919021272936,140.80412278170772,439.7842275358534,1997.6626246821575,8,False,0.012455201432134357,0.031634648623516164,3.0,0.0,1,10.0,70.0,mpc / perfect forecast
0.13793103448275862,200.99949511282955,404.8171760855476,404.8171760855476,284.1117236855855,2003.7780393448659,6,False,0.012773252093840334,0.03478337688485195,3.0,0.0,1,10.0,70.0,mpc / perfect forecast
0.43448275862068964,92.04661190315721,281.80763741638873,281.80763741638873,299.7811803310562,2099.092673959228,5,False,0.011795289641857686,0.033673721362661536,3.0,0.0,1,10.0,70.0,mpc / perfect forecast
0.2620689655172414,124.05434531628447,38.510037849323936,277.25912602837036,197.13374887669886,2099.9123557309445,5,False,0.012770988840773783,0.03392191042676043,3.0,0.0,1,10.0,70.0,mpc / perfect forecast
0.2206896551724138,125.26558824404168,307.1809384356466,307.1809384356466,431.99114302553465,1990.8095131504215,8,False,0.01380160565164202,0.034858443619793546,3.0,0.0,1,10.0,70.0,mpc / perfect forecast
0.3793103448275862,58.698488518328695,41.630316845212455,115.68807233014685,404.07621432203274,2094.47068958797,7,False,0.01278514832180847,0.037802702425938514,3.0,0.0,1,10.0,75.0,mpc / perfect forecast
0.020689655172413793,648.5177791756016,760.6026756466416,953.388518665811,96.39024470100227,2122.040709766358,2,False,0.013387495870947626,0.03015803960323814,3.0,0.0,1,10.0,75.0,mpc / perfect forecast
0.3793103448275862,103.90300397456588,190.2442521108974,269.91714341078676,294.7552819929446,2099.359855213646,6,False,0.011851263270694154,0.0320528598211514,3.0,0.0,1,10.0,75.0,mpc / perfect forecast
0.3448275862068966,266.36650864168337,708.5799849156355,708.5799849156355,213.81237640585275,2011.6177788501157,5,False,0.013269355773109281,0.031265559398238454,3.0,0.0,1,10.0,75.0,mpc / perfect forecast
0.4689655172413793,67.18605627815487,49.39699930619152,137.54331924289914,660.9953498051848,1996.5018218461717,10,False,0.013656296500791315,0.03395925528529019,3.0,0.0,1,10.0,75.0,mpc / perfect forecast
0.2689655172413793,77.5642172371175,106.92302413168271,156.56420442412346,415.7972923892037,2092.503277575178,6,False,0.012964566339362226,0.03290359503220157,3.0,0.0,1,10.0,75.0,mpc / perfect forecast
0.1724137931034483,132.7745280371358,123.93043307887302,202.8800435925512,415.47324961880463,1892.795710857415,7,False,0.01156420809899615,0.039809755582732566,3.0,0.0,1,10.0,80.0,mpc / perfect forecast
0.18620689655172415,121.12665554022568,120.74388523642287,202.60040727860388,94.86469881364715,2106.072731074603,3,False,0.012274072746527807,0.036930388895255704,3.0,0.0,1,10.0,80.0,mpc / perfect forecast
0.2,131.69062604745474,196.22391885925535,299.67545824720486,187.30894866413823,2106.6818782304326,5,False,0.012463340867167676,0.029243529162382036,3.0,0.0,1,10.0,80.0,mpc / perfect forecast
0.034482758620689655,205.98483862566778,103.63164628670779,283.73026370547495,0.0,2196.252955099229,0,False,0.01341746397135453,0.034424343142084465,3.0,0.0,1,10.0,80.0,mpc / perfect forecast
0.027586206896551724,214.02633986925017,165.8275479504569,315.6871222966488,92.49294398543249,2193.457714639394,1,False,0.01291431066151509,0.03496973171157662,3.0,0.0,1,10.0,80.0,mpc / perfect forecast
0.7172413793103448,38.53294639505454,112.14896447665623,112.14896447665623,717.9479172144154,2090.7731258064573,10,False,0.011999112515690432,0.0330982094922814,3.0,0.0,1,10.0,80.0,mpc / perfect forecast
0.3103448275862069,300.7808258859432,948.8460028626779,948.8460028626779,6.964202656183537,2203.910093201498,1,False,0.012112493728613236,0.03292834727509305,3.0,0.0,1,10.0,85.0,mpc / perfect forecast
0.15172413793103448,101.48377344582401,131.20644386817466,163.01610202887525,196.63518356282154,2113.1056776405353,4,False,0.012490928117440576,0.03745209167476099,3.0,0.0,1,10.0,85.0,mpc / perfect forecast
0.027586206896551724,199.1763745917816,136.9983120898693,330.9720405713138,0.0,2195.3339388756485,0,False,0.012266341177241036,0.03055135952398305,3.0,0.0,1,10.0,85.0,mpc / perfect forecast
0.696551724137931,42.247811400044455,63.15328354920527,96.10885496188901,617.3389561116934,1994.814266457613,10,False,0.012867592041657118,0.03743265182374857,3.0,0.0,1,10.0,85.0,mpc / perfect forecast
0.041379310344827586,420.6109350141058,355.5505016195432,626.1527529751339,100.82250320242277,2123.9131742070667,2,False,0.012409578029341072,0.03612899684015465,3.0,0.0,1,10.0,85.0,mpc / perfect forecast
0.4689655172413793,60.66246638269847,76.76384691587698,125.80348316352651,416.98174755014225,1997.688834956547,9,False,0.012583703134497783,0.03144962220255294,3.0,0.0,1,10.0,85.0,mpc / perfect forecast
0.013793103448275862,337.7060957326558,254.95974978321587,445.24741225269605,0.0,2202.7286619852866,0,False,0.012072143830761873,0.03110360426715341,3.0,0.0,1,10.0,90.0,mpc / perfect forecast
0.30344827586206896,102.46819297441569,155.88663049058965,205.05841379081377,385.4421841738931,2101.253797620905,7,False,0.012348825047550046,0.03093088784754603,3.0,0.0,1,10.0,90.0,mpc / perfect forecast
0.4482758620689655,51.52749130282457,26.996358368368067,93.55573242814455,211.8084881246774,2000.177807652557,5,False,0.011846230156871513,0.03141322427387576,3.0,0.0,1,10.0,90.0,mpc / perfect forecast
0.027586206896551724,444.84636173240847,559.593179292146,687.2288565259715,0.7816722661516704,2201.748091769388,0,False,0.011589109002388897,0.03048177968327005,3.0,0.0,1,10.0,90.0,mpc / perfect forecast
0.4206896551724138,65.98430717125578,34.738135624562325,134.17192244723205,314.05822007642263,1998.4844808165599,7,False,0.012087856741795114,0.03312906050034563,3.0,0.0,1,10.0,90.0,mpc / perfect forecast
0.013793103448275862,288.00166564817965,177.43656052247655,417.55726214850756,6.537268468703507,2205.118349725018,0,False,0.011874236569047653,0.02976939548699108,3.0,0.0,1,10.0,90.0,mpc / perfect forecast
0.5862068965517241,50.85295530013882,15.914320478836771,106.08727001215948,291.7576241711162,1983.0182606482451,5,False,0.011726567968830556,0.03633468988774975,3.0,0.0,1,15.0,70.0,mpc / perfect forecast
0.2896551724137931,115.7968540946114,410.87334557303296,410.87334557303296,32.20461674374933,2157.7880451842007,1,False,0.012744495238584714,0.0390685583675269,3.0,0.0,1,15.0,70.0,mpc / perfect forecast
0.7448275862068966,36.56987585165038,76.87307252169423,110.34176742070093,416.63542317423276,2078.3240402980728,6,False,0.012906699286876856,0.036463052100848395,3.0,0.0,1,15.0,70.0,mpc / perfect forecast
0.8896551724137931,26.019998704519534,58.429985109936354,65.32741127731984,112.41989568341087,2080.5427390433565,4,False,0.012454609850491917,0.03167377328490761,3.0,0.0,1,15.0,70.0,mpc / perfect forecast
0.6137931034482759,43.79653772026339,68.63048412239448,104.49971819913411,486.1695047327473,2074.2093553497753,5,False,0.011811723342364938,0.030333597379611766,3.0,0.0,1,15.0,70.0,mpc / perfect forecast
0.1724137931034483,146.96538522971315,285.2031189645782,285.2031189645782,431.6944593011917,2045.2719952133557,6,False,0.012595718359631957,0.03257168751469237,3.0,0.0,1,15.0,70.0,mpc / perfect forecast
0.6275862068965518,43.17717846079637,102.54416222628967,109.1593357290623,345.2206607178644,2181.0171337809934,3,False,0.012261589515661404,0.0324193052440146,3.0,0.0,1,15.0,75.0,mpc / perfect forecast
0.4206896551724138,79.50641362152093,9.966157565986755,222.53984598945303,288.2462787575711,1991.0348539311422,5,False,0.013603848404898984,0.0409166546997086,3.0,0.0,1,15.0,75.0,mpc / perfect forecast
0.034482758620689655,257.87074672518406,406.3623233020385,406.3623233020385,322.9386764359954,2068.722877702877,4,False,0.012670503477787086,0.029258089910979966,3.0,0.0,1,15.0,75.0,mpc / perfect forecast
0.07586206896551724,182.6510749040417,198.07648964067744,258.8804083945495,286.9692692905211,2010.2720419279408,4,False,0.012293748664699438,0.02979166267319863,3.0,0.0,1,15.0,75.0,mpc / perfect forecast
0.07586206896551724,248.78491548381402,491.4098355263931,491.4098355263931,6.997168641870393,2190.187784569343,3,False,0.01224925911476835,0.03697167145185656,3.0,0.0,1,15.0,75.0,mpc / perfect forecast
0.46206896551724136,64.55676970968203,215.10251601342986,215.10251601342986,368.1967401780343,2092.901763431436,7,False,0.011521454490735184,0.03830323050526418,3.0,0.0,1,15.0,75.0,mpc / perfect forecast
0.5655172413793104,44.577039934864615,50.393388722606005,87.84220315402855,330.5301405234504,2075.8699955160387,5,False,0.012964506272624505,0.03650330010374617,3.0,0.0,1,15.0,80.0,mpc / perfect forecast
0.07586206896551724,174.39292735809633,283.3488970417787,285.5669453229241,404.29505267826835,2170.788007865529,4,False,0.012152286414957858,0.03614570408545942,3.0,0.0,1,15.0,80.0,mpc / perfect forecast
0.06896551724137931,379.1617502799409,655.24642214453,662.3084787047969,0.0,2193.5065180120837,0,False,0.012575471179641686,0.031029695398255973,3.0,0.0,1,15.0,80.0,mpc / perfect forecast
0.5103448275862069,67.95656705871072,53.73702997343154,150.45931901171517,292.20401209431134,2078.5407004706203,6,False,0.01240279502646133,0.03116346225765024,3.0,0.0,1,15.0,80.0,mpc / perfect forecast
0.12413793103448276,353.4584264836988,620.3565255706899,629.236648756593,0.0,2193.5365622171403,0,False,0.012072469357482766,0.040802997822717686,3.0,0.0,1,15.0,80.0,mpc / perfect forecast
0.903448275862069,32.99609743929592,51.2925002982457,53.413487415377155,506.30233432766113,2178.3422897248834,4,False,0.013830255023182213,0.03229038490380675,3.0,0.0,1,15.0,80.0,mpc / perfect forecast
0.05517241379310345,132.8677585751194,167.758375346943,190.82548800734818,275.4783695260897,2175.7972674873195,5,False,0.012713011823341657,0.03806647586928717,3.0,0.0,1,15.0,85.0,mpc / perfect forecast
0.4068965517241379,74.3399323343121,207.3525987891856,207.3525987891856,281.109299526758,2174.1244708360796,6,False,0.011760650760208127,0.03265554771083061,3.0,0.0,1,15.0,85.0,mpc / perfect forecast
0.0896551724137931,144.63660195720357,231.23466667508086,278.19140874430946,481.86537844114144,2012.981765010603,8,False,0.012699326409807183,0.03415586784734638,3.0,0.0,1,15.0,85.0,mpc / perfect forecast
0.08275862068965517,164.42538577741598,222.45396230274648,261.26127459452437,97.93028205445904,2097.5195790465805,2,False,0.012428225228768559,0.031933174979330146,3.0,0.0,1,15.0,85.0,mpc / perfect forecast
0.8413793103448276,33.546729209005605,35.844724080501436,64.40746982479273,114.33960884670633,2173.8798675304797,3,False,0.011684743777490314,0.03367162034064199,3.0,0.0,1,15.0,85.0,mpc / perfect forecast
0.14482758620689656,115.47703424757968,202.2141870488628,204.66502240936381,395.76370221768275,2081.002194617663,6,False,0.011866623618690165,0.03290004140308591,3.0,0.0,1,15.0,85.0,mpc / perfect forecast
0.04827586206896552,116.28121379386809,141.0135376934264,162.22741576270522,273.1395036568273,2143.544920965744,5,False,0.013686909216877634,0.03890986434921756,3.0,0.0,1,15.0,90.0,mpc / perfect forecast
0.16551724137931034,215.67106830015186,344.6635672882146,357.73929442142787,482.5929333308389,1977.0316793854652,8,False,0.013657295596253243,0.03591416519495362,3.0,0.0,1,15.0,90.0,mpc / perfect forecast
0.5379310344827586,55.602910167434146,189.59307173784705,189.59307173784705,379.6359376074251,1998.6941943594188,7,False,0.012286536665305896,0.03313035556641714,3.0,0.0,1,15.0,90.0,mpc / perfect forecast
0.296551724137931,95.61525976456743,66.92159722685206,162.9150841786893,496.85149428368555,2081.661222675981,8,False,0.013392195551555184,0.032735957420040374,3.0,0.0,1,15.0,90.0,mpc / perfect forecast
0.7241379310344828,40.12772140421222,65.2325459827265,101.91006969857568,403.26574741444347,2075.2849703540796,8,False,0.012261645966319538,0.032674930174517,3.0,0.0,1,15.0,90.0,mpc / perfect forecast
0.3448275862068966,118.20787674406178,490.90620509431085,490.90620509431085,386.03273881689694,1987.6967140656702,5,False,0.012894685519534767,0.03532208275843746,3.0,0.0,1,15.0,90.0,mpc / perfect forecast
0.027586206896551724,587.6461275923042,1279.7555769686473,1279.7555769686473,1184.4548950429048,1861.1915182820194,8,False,0.011371148102356001,0.02695743155874952,3.0,0.0,1,20.0,70.0,mpc / perfect forecast
0.027586206896551724,694.8239714010147,1153.5889106940535,1153.5889106940535,404.7237283587232,2109.851677347243,1,False,0.012244506946620166,0.03121230457724436,3.0,0.0,1,20.0,70.0,mpc / perfect forecast
0.04827586206896552,260.2393540494681,535.7315303213524,535.7315303213524,505.36047294808327,1880.1333961208436,6,False,0.012737114024957223,0.029090415535055647,3.0,0.0,1,20.0,70.0,mpc / perfect forecast
0.027586206896551724,581.9568870393006,1266.1760966649706,1266.1760966649706,928.5295656967381,1861.6967676798358,8,False,0.012421919236823505,0.03251470156786377,3.0,0.0,1,20.0,70.0,mpc / perfect forecast
0.041379310344827586,416.50471742869735,912.9597065338638,912.9597065338638,404.39462009942605,2177.4867505093603,2,False,0.012846438882599438,0.034772131211483794,3.0,0.0,1,20.0,70.0,mpc / perfect forecast
0.5448275862068965,52.731100273260395,2.655712333400491,126.50321296018235,575.3721095928477,1865.0813393957426,7,False,0.012595826809446048,0.03749808968243766,3.0,0.0,1,20.0,70.0,mpc / perfect forecast
0.3793103448275862,96.73049295373286,242.29669358773404,242.29669358773404,523.4547369455573,1845.9750892966797,7,False,0.011048105492174439,0.028014370171183016,3.0,0.0,1,20.0,75.0,mpc / perfect forecast
0.04827586206896552,172.05740867235522,326.4348117761146,343.89954647974184,475.88643012884427,1957.7658547242306,5,False,0.012596032929678005,0.03604071480893997,3.0,0.0,1,20.0,75.0,mpc / perfect forecast
0.0896551724137931,95.49707446666898,77.10741061053363,150.596892182905,341.4247711729174,1945.7297587169226,7,False,0.013007059660398031,0.03518218319865237,3.0,0.0,1,20.0,75.0,mpc / perfect forecast
0.05517241379310345,570.7131987438096,1303.38344059386,1303.38344059386,500.7315138127013,1838.3973765089295,7,False,0.01239128905194618,0.034524876388587415,3.0,0.0,1,20.0,75.0,mpc / perfect forecast
0.5379310344827586,51.1672511334503,55.15262048426658,102.07419883624114,605.3470136297407,1960.7953240455372,6,False,0.01352089368197498,0.031557609640844114,3.0,0.0,1,20.0,75.0,mpc / perfect forecast
0.09655172413793103,80.33082415916563,78.80154551668392,121.99669156814285,607.9635404108102,1944.6920162352258,7,False,0.01295633718055412,0.03152359310711681,3.0,0.0,1,20.0,75.0,mpc / perfect forecast
0.7172413793103448,39.128958899437485,43.68640082054697,90.0674832131632,236.1865162798674,2164.6432640193893,5,False,0.012989072515654454,0.03506320650326196,3.0,0.0,1,20.0,80.0,mpc / perfect forecast
0.5724137931034483,70.03780611629175,191.2822724388829,191.2822724388829,627.7125899760943,1846.5548643050229,7,False,0.012662146914313159,0.03121767038284697,3.0,0.0,1,20.0,80.0,mpc / perfect forecast
0.07586206896551724,253.55134810916417,431.92749738238786,443.09239911482854,305.3515060959763,1991.317128945966,7,False,0.012430712089642144,0.033348596169033906,3.0,0.0,1,20.0,80.0,mpc / perfect forecast
0.4068965517241379,62.179415609232315,165.3330953082146,165.3330953082146,647.6825119029369,1868.163233022205,6,False,0.012346138200256868,0.030961780672567513,3.0,0.0,1,20.0,80.0,mpc / perfect forecast
0.14482758620689656,190.12872551138753,258.27733476359566,301.1324831147797,528.5444440854388,1958.5255629122246,6,False,0.013006877473886506,0.03107151492786878,3.0,0.0,1,20.0,80.0,mpc / perfect forecast
0.06896551724137931,133.6732165315352,142.03222587361367,194.30315672775384,705.8333252868218,1888.5513453442045,8,False,0.012112349153041194,0.03484121238529542,3.0,0.0,1,20.0,80.0,mpc / perfect forecast
0.9172413793103448,26.1714190790825,33.70178249170197,57.659148879499355,155.5166818712886,2049.7157393527746,4,False,0.013285100775814134,0.032728991747517436,3.0,0.0,1,20.0,85.0,mpc / perfect forecast
0.31724137931034485,160.41585121281435,415.8457161634309,415.8457161634309,613.9962844650104,1860.2415468279444,6,False,0.013545075079627787,0.034506873417932654,3.0,0.0,1,20.0,85.0,mpc / perfect forecast
0.05517241379310345,457.4126731243678,838.1079048476888,838.1079048476888,501.6399318119741,1827.5989893953067,6,False,0.011949464831652806,0.035785635876587264,3.0,0.0,1,20.0,85.0,mpc / perfect forecast
0.15172413793103448,327.292326084592,757.2918185309326,757.2918185309326,0.2976196413845309,2178.1288149405805,0,False,0.012359800509317058,0.03456398242226637,3.0,0.0,1,20.0,85.0,mpc / perfect forecast
0.8275862068965517,33.006083487689494,27.395542353246555,88.55965211540365,654.1812200826683,1906.804585788337,9,False,0.012380750550233235,0.03383388942145696,3.0,0.0,1,20.0,85.0,mpc / perfect forecast
0.32413793103448274,163.50381320143777,425.8153600703392,425.8153600703392,538.2477559859203,1862.890699322705,7,False,0.01366803774393954,0.0367597606305267,3.0,0.0,1,20.0,85.0,mpc / perfect forecast
0.6,45.4166788385525,10.66927826616793,85.12494596511215,243.6266743150434,2150.8787173143496,4,False,0.013448648469348198,0.030929159655199896,3.0,0.0,1,20.0,90.0,mpc / perfect forecast
0.041379310344827586,682.8359143855997,1507.5487217458453,1507.5487217458453,400.9060164197819,2032.5948785132412,1,False,0.011776466619168794,0.027954445259989115,3.0,0.0,1,20.0,90.0,mpc / perfect forecast
0.6482758620689655,41.09443608131849,37.42306489211813,65.69610127167475,247.2129256419126,2046.2786110867514,4,False,0.0131425773380386,0.03456000743363979,3.0,0.0,1,20.0,90.0,mpc / perfect forecast
0.3724137931034483,55.951638387368384,20.753028187794904,85.16411386126062,547.1436039795515,1951.5832193790843,5,False,0.013081134250042327,0.03705905012206097,3.0,0.0,1,20.0,90.0,mpc / perfect forecast
0.04827586206896552,214.4507227427751,263.5490214414969,307.99374315479355,576.6452351783117,2160.623958911492,6,False,0.011544090603204838,0.028251212449850453,3.0,0.0,1,20.0,90.0,mpc / perfect forecast
0.041379310344827586,215.36275882599023,264.5776650069778,309.2177953011794,459.93132156170844,2160.579740477718,7,False,0.012634250747111648,0.035524878558442774,3.0,0.0,1,20.0,90.0,mpc / perfect forecast
0.05517241379310345,758.434186099621,1969.6857502468938,1969.6857502468938,412.13188595792815,1769.9512497729386,1,False,0.01157684969738089,0.02886529146260414,3.0,0.0,1,25.0,70.0,mpc / perfect forecast
0.3103448275862069,283.05928673641415,935.626137244198,935.626137244198,65.596074052968,2090.6628196230786,1,False,0.012823048545732357,0.03048261648059874,3.0,0.0,1,25.0,70.0,mpc / perfect forecast
0.027586206896551724,1094.2367820217016,2565.0037656989566,2565.0037656989566,460.787715320785,1492.4021944497326,4,False,0.013149571404074642,0.030623829732458474,3.0,0.0,1,25.0,70.0,mpc / perfect forecast
0.04827586206896552,537.3599596843222,1060.106995402113,1060.106995402113,258.36380592956505,2159.5508690580577,1,False,0.012013870264737936,0.03291988204870703,3.0,0.0,1,25.0,70.0,mpc / perfect forecast
0.027586206896551724,675.5610914288239,1370.1674953830106,1370.1674953830106,451.4193149618508,1810.3002463388627,2,False,0.01361764880205109,0.03777135875670972,3.0,0.0,1,25.0,70.0,mpc / perfect forecast
0.020689655172413793,1018.4253095367418,1777.5384856667074,1777.5384856667074,519.3165981161502,1484.7669261916126,5,False,0.012511477721887236,0.03323918835054227,3.0,0.0,1,25.0,70.0,mpc / perfect forecast
0.04827586206896552,701.4050921529987,1413.1768068904732,1413.1768068904732,118.31229353043904,2163.909358392223,2,False,0.01332449066779933,0.032905531918991156,3.0,0.0,1,25.0,75.0,mpc / perfect forecast
0.38620689655172413,202.80656226193616,711.590320789468,711.590320789468,88.6384263406289,1979.769232384983,1,False,0.011392454789221455,0.027991917876740196,3.0,0.0,1,25.0,75.0,mpc / perfect forecast
0.7034482758620689,41.615979875447145,49.98861500280772,107.01985209850343,498.00228772668396,1486.8660715800017,6,False,0.012274704059210847,0.03321437492451572,3.0,0.0,1,25.0,75.0,mpc / perfect forecast
0.020689655172413793,990.4557078926484,1833.6474623584008,1833.6474623584008,98.49318383875413,2134.827419810626,3,False,0.013055419547340795,0.03286110980515768,3.0,0.0,1,25.0,75.0,mpc / perfect forecast
0.027586206896551724,508.92134748220764,954.251700650841,954.251700650841,270.85344706234207,1958.6420863735784,4,False,0.012556306255966493,0.029153714517205134,3.0,0.0,1,25.0,75.0,mpc / perfect forecast
0.5448275862068965,47.99513067766971,43.681486215304226,105.60482734696203,700.9853536681835,1289.0118664905783,8,False,0.01261076322617312,0.03453327169623929,3.0,0.0,1,25.0,75.0,mpc / perfect forecast
0.06896551724137931,131.72798757193576,143.75037118782734,188.93770169849086,500.9405052611966,2103.1233467399466,6,False,0.012054454782188929,0.03362837147013091,3.0,0.0,1,25.0,80.0,mpc / perfect forecast
0.034482758620689655,204.28525592560013,157.15568796997326,304.8004943778327,0.0,2135.913155580865,0,False,0.012739951067018663,0.031811722882205073,3.0,0.0,1,25.0,80.0,mpc / perfect forecast
0.027586206896551724,1091.7327601749273,2183.764581115466,2183.764581115466,799.8563640149533,1428.709652732401,9,False,0.012456339160238769,0.03148150890470694,3.0,0.0,1,25.0,80.0,mpc / perfect forecast
0.0896551724137931,115.54212472345846,151.92603752489254,167.7533557436682,220.46996793481767,1883.8902910934564,6,False,0.013086474507896571,0.03486121518384846,3.0,0.0,1,25.0,80.0,mpc / perfect forecast
0.04827586206896552,670.1262850149809,1436.4057342956821,1436.4057342956821,230.18452008457848,1956.5285744791374,2,False,0.012110662483940757,0.030479810960230114,3.0,0.0,1,25.0,80.0,mpc / perfect forecast
0.496551724137931,52.36473075229644,19.334036503311957,103.53730307301366,292.967202012167,1991.1471599758383,8,False,0.013429565381921717,0.030686643376053837,3.0,0.0,1,25.0,80.0,mpc / perfect forecast
0.5241379310344828,55.354632985485814,64.12281487435648,104.62687680609656,419.7192863301861,1795.2885842761684,8,False,0.01274887284236059,0.03199517605087143,3.0,0.0,1,25.0,85.0,mpc / perfect forecast
0.041379310344827586,911.0290724295976,2163.0727148465003,2163.0727148465003,233.83905095949666,1699.9335344321807,2,False,0.013208581007136852,0.033964063025543,3.0,0.0,1,25.0,85.0,mpc / perfect forecast
0.041379310344827586,930.8193522723205,2198.9204000724912,2198.9204000724912,373.15113442876105,1696.4048026184016,2,False,0.01263367695032422,0.03614056689634089,3.0,0.0,1,25.0,85.0,mpc / perfect forecast
0.041379310344827586,716.2499189294342,1702.9823462812064,1702.9823462812064,482.00069462787866,1958.315750075652,4,False,0.013549776064958594,0.03489149607404733,3.0,0.0,1,25.0,85.0,mpc / perfect forecast
0.5172413793103449,50.428185684832926,63.93943538859071,101.39304899559538,398.6409161690075,1777.1174849848157,6,False,0.013056174345988476,0.03274195427187381,3.0,0.0,1,25.0,85.0,mpc / perfect forecast
0.1724137931034483,213.75432330722907,535.1865889088915,537.0117571533158,285.65950244715,2058.9031252988234,6,False,0.012783689182486277,0.034652096135568244,3.0,0.0,1,25.0,85.0,mpc / perfect forecast
0.027586206896551724,709.9127149640842,1109.013567000344,1114.386931812842,152.2071580577274,2123.7290283045086,2,False,0.012841234993995643,0.031985391971797485,3.0,0.0,1,25.0,90.0,mpc / perfect forecast
0.027586206896551724,837.995489405937,1991.088140089246,1991.088140089246,555.7140403179236,1894.964429488173,5,False,0.012715027961123757,0.043698981246930356,3.0,0.0,1,25.0,90.0,mpc / perfect forecast
0.6137931034482759,50.98018779834632,190.5163184731077,190.5163184731077,273.94588866881907,2052.873006589327,6,False,0.011983480189694496,0.03334204142638927,3.0,0.0,1,25.0,90.0,mpc / perfect forecast
0.5655172413793104,49.83073952471107,13.644249916335276,99.74963979329013,591.9594451385318,1912.6125487189913,6,False,0.011826578474299491,0.03131492567234882,3.0,0.0,1,25.0,90.0,mpc / perfect forecast
0.14482758620689656,108.74157102312955,216.14326587759925,225.2461437293947,477.016929254763,1788.6960452694077,6,False,0.013087588332220514,0.03775665767694039,3.0,0.0,1,25.0,90.0,mpc / perfect forecast
0.2896551724137931,69.92467339484466,84.68889388986626,133.19672313439867,532.6625247194042,1701.940193647938,4,False,0.011678899103273398,0.026986665769677474,3.0,0.0,1,25.0,90.0,mpc / perfect forecast
0.013793103448275862,1628.9184723351632,3305.0364772497687,3305.0364772497687,336.5653571240759,1477.2343508714664,2,False,0.012152830647954024,0.02474829079249504,3.0,0.0,1,30.0,70.0,mpc / perfect forecast
0.020689655172413793,1056.665633480193,2168.9713978873974,2168.9713978873974,100.42084244100658,2040.7894903483982,0,False,0.011425756170283472,0.031362511381272405,3.0,0.0,1,30.0,70.0,mpc / perfect forecast
0.27586206896551724,566.9816887217496,1843.3689818339283,1843.3689818339283,221.06920530820472,1850.9956605078648,1,False,0.011496627525258785,0.030487754875401955,3.0,0.0,1,30.0,70.0,mpc / perfect forecast
0.3724137931034483,81.83240032002728,99.24538122936094,170.62671017809518,174.79727511501713,1478.5287836008072,1,False,0.012805216101881834,0.04438349359411831,3.0,0.0,1,30.0,70.0,mpc / perfect forecast
0.013793103448275862,1879.3783530599205,3884.9232402977646,3884.9232402977646,391.4597135103755,1480.184377260767,0,False,0.012163097991023528,0.046305986411807595,3.0,0.0,1,30.0,70.0,mpc / perfect forecast
0.38620689655172413,62.82958027098536,58.661734561542225,115.1014134526808,340.6169406160137,1361.4828635641434,4,False,0.011699335186992305,0.032131587420830755,3.0,0.0,1,30.0,70.0,mpc / perfect forecast
0.020689655172413793,1577.8570125775216,3256.804283318846,3256.804283318846,405.47211339959006,1481.9433466147261,5,True,0.012251016646253833,0.028278031825789713,3.0,0.0,1,30.0,75.0,mpc / perfect forecast
0.020689655172413793,1570.9679261410647,2902.1193457551512,2902.1193457551512,68.07689044014815,1902.3086971778118,0,False,0.012673592352236385,0.03438818996396537,3.0,0.0,1,30.0,75.0,mpc / perfect forecast
0.020689655172413793,1952.4604907672683,3311.845539076964,3311.845539076964,370.6066889471558,1210.0435432595991,7,True,0.012283891058506457,0.031384794115477815,3.0,0.0,1,30.0,75.0,mpc / perfect forecast
0.16551724137931034,95.48235816903728,119.63672784405762,134.38797861208474,458.6450912205743,1548.5715326701127,5,False,0.011793777225247824,0.03097801567108131,3.0,0.0,1,30.0,75.0,mpc / perfect forecast
0.013793103448275862,1742.1710489016925,3454.8835326710155,3454.8835326710155,177.81825644432405,1706.9124380253581,7,False,0.011898213812223862,0.030691205389276863,3.0,0.0,1,30.0,75.0,mpc / perfect forecast
0.020689655172413793,1749.0202253001598,3544.483331471091,3544.483331471091,453.3166586496283,1335.5216380305772,4,False,0.013630835981093952,0.030336245179666706,3.0,0.0,1,30.0,75.0,mpc / perfect forecast
0.013793103448275862,1424.6384469283673,2897.458199059579,2897.458199059579,173.97551953856953,1785.2380024735157,4,True,0.012473067084476559,0.03505659474486382,3.0,0.0,1,30.0,80.0,mpc / perfect forecast
0.2482758620689655,377.8916618800801,1260.4138830617749,1260.4138830617749,320.4968098985563,1802.9756468507994,2,False,0.013296447282164874,0.029103664234538678,3.0,0.0,1,30.0,80.0,mpc / perfect forecast
0.020689655172413793,1673.007543001328,3353.423636539807,3353.423636539807,101.2887903399016,1630.0584958000732,0,False,0.01302898960547388,0.027724586802717353,3.0,0.0,1,30.0,80.0,mpc / perfect forecast
0.013793103448275862,1238.0645945856086,2077.61533487245,2077.61533487245,260.75932047315297,1775.1493786378035,0,False,0.012580461518171222,0.029498408499384076,3.0,0.0,1,30.0,80.0,mpc / perfect forecast
0.06896551724137931,344.47488722775574,1045.7925878712274,1045.7925878712274,361.53879819866137,2108.915459005754,3,False,0.013352460093122168,0.03451333835438347,3.0,0.0,1,30.0,80.0,mpc / perfect forecast
0.027586206896551724,149.16898243794483,129.6794102971995,215.95275272319785,387.68477581813477,1728.969870763179,1,False,0.012878050712200339,0.03488487484204584,3.0,0.0,1,30.0,80.0,mpc / perfect forecast
0.1724137931034483,129.27375095733578,206.36853073497184,230.92602184656909,523.7728657573083,1258.8910685824328,6,False,0.013612835512045623,0.039742068683228236,3.0,0.0,1,30.0,85.0,mpc / perfect forecast
0.2482758620689655,83.78522116009114,55.65659656846165,188.6192935060304,314.8396695191994,1463.6486297629244,3,False,0.01311531988028705,0.03253034222733942,3.0,0.0,1,30.0,85.0,mpc / perfect forecast
0.027586206896551724,1489.5148534941109,3436.4599673145963,3436.4599673145963,218.25036507675281,1451.173373744496,3,False,0.012846786403352286,0.033307120929306815,3.0,0.0,1,30.0,85.0,mpc / perfect forecast
0.027586206896551724,1362.3774271061977,3186.379390723434,3186.379390723434,307.6826205624969,1377.6487535060087,2,False,0.012346626574121533,0.028246204774150616,3.0,0.0,1,30.0,85.0,mpc / perfect forecast
0.020689655172413793,1510.4510515520865,2802.0531910203185,2802.0531910203185,123.05661187740273,1727.5303475278477,2,False,0.011946117263494434,0.03011579629374039,3.0,0.0,1,30.0,85.0,mpc / perfect forecast
0.027586206896551724,1329.7287445420293,2489.9219654573917,2489.9219654573917,2.940687106083496,1494.5269270529534,2,True,0.012713692551508097,0.028925786469111803,3.0,0.0,1,30.0,85.0,mpc / perfect forecast
0.06206896551724138,523.8985237496078,1503.8308121596147,1503.8308121596147,526.5601261093809,1626.9367525582074,3,False,0.012871751716713434,0.03378234559033314,3.0,0.0,1,30.0,90.0,mpc / perfect forecast
0.020689655172413793,1800.7453982253803,3763.4695685595098,3763.4695685595098,464.7998490559998,1822.1326671089248,3,True,0.012873211530947446,0.032512176906212546,3.0,0.0,1,30.0,90.0,mpc / perfect forecast
0.7241379310344828,39.57933486334614,91.46582937932578,91.46582937932578,268.90059588925845,1515.220459117789,5,False,0.012520066205056338,0.038463169662375264,3.0,0.0,1,30.0,90.0,mpc / perfect forecast
0.04827586206896552,908.3864019223031,2190.568514835473,2190.568514835473,426.3293613526779,1363.630089921906,3,False,0.013052382263073908,0.04367603355980482,3.0,0.0,1,30.0,90.0,mpc / perfect forecast
0.020689655172413793,1196.9743688126703,2074.0166388033454,2074.0166388033454,49.67351867548709,1848.1885385166731,3,False,0.012523414870796992,0.04108357137908921,3.0,0.0,1,30.0,90.0,mpc / perfect forecast
0.013793103448275862,1570.7811149795991,3084.766021212352,3084.766021212352,365.40661424851527,2062.912951971027,1,False,0.01225761686127672,0.03371834246527918,3.0,0.0,1,30.0,90.0,mpc / perfect forecast
0.07586206896551724,369.2840919847152,963.9670846071953,963.9670846071953,20.277919678138822,2218.357639997602,0,False,0.01191215495304633,0.030478083230370955,3.0,0.0,2,10.0,70.0,hold
0.08275862068965517,588.5648569113051,1427.9696132555064,1427.9696132555064,16.355548153490208,2222.23184878888,0,False,0.012455201425556874,0.03163464801350949,3.0,0.0,2,10.0,70.0,hold
0.020689655172413793,603.0758755710551,467.52671667187053,788.8706542309478,22.492028741824843,2215.4657549911253,0,False,0.012773252110933556,0.03478337684265788,3.0,0.0,2,10.0,70.0,hold
0.041379310344827586,438.5947693693788,369.6554209232308,633.7852089217436,16.71681994749621,2202.2330679041534,0,False,0.011795289630269502,0.03367372135717762,3.0,0.0,2,10.0,70.0,hold
0.013793103448275862,1312.148668502728,2341.1203568779506,2341.1203568779506,24.66587941170945,2215.6058061387052,0,False,0.0127709888451608,0.03392191035915361,3.0,0.0,2,10.0,70.0,hold
0.034482758620689655,537.2741653058403,873.8017898328782,873.8017898328782,20.95374835496956,2203.6270153666337,0,False,0.013801605646030272,0.034858444829960034,3.0,0.0,2,10.0,70.0,hold
0.06206896551724138,355.4484324616362,754.8721698197965,754.8721698197965,19.793558529982615,2207.9917558164134,0,False,0.012785148324597756,0.037802702425938514,3.0,0.0,2,10.0,75.0,hold
0.027586206896551724,1004.1859362784253,2047.8445704446794,2047.8445704446794,21.87021818066481,2212.995640036641,0,False,0.013387495826571845,0.030158038969001783,3.0,0.0,2,10.0,75.0,hold
0.3103448275862069,108.17700667624085,324.7838413872589,324.7838413872589,12.768722182969132,2201.1215399207185,0,False,0.011851263257075145,0.03205285988172856,3.0,0.0,2,10.0,75.0,hold
0.04827586206896552,486.37294550899094,1052.3681544997498,1052.3681544997498,14.435666385266204,2218.2947703532977,0,False,0.013269355776137333,0.03126555961710619,3.0,0.0,2,10.0,75.0,hold
0.041379310344827586,192.66668322199305,306.4296546336836,306.4296546336836,27.223896734938414,2195.8618545903264,0,False,0.013656296492663743,0.033959253472684886,3.0,0.0,2,10.0,75.0,hold
0.05517241379310345,336.4082080261331,749.6585411639031,749.6585411639031,17.538840711034513,2210.0589339770186,0,False,0.012964566340538851,0.0329035950000013,3.0,0.0,2,10.0,75.0,hold
0.21379310344827587,265.41636319247743,860.9053200286787,860.9053200286787,22.14770747359942,2215.8504742187456,0,False,0.011564208096073478,0.03980975557539714,3.0,0.0,2,10.0,80.0,hold
0.027586206896551724,991.0996127309571,2045.4514571382272,2045.4514571382272,17.330324788017766,2195.9216483045643,0,False,0.012274072746448888,0.03693038904072217,3.0,0.0,2,10.0,80.0,hold
0.020689655172413793,1508.4161347656636,2808.8548165914835,2808.8548165914835,12.653004666981897,2231.7299708365035,0,False,0.012463340867361847,0.029243529245423384,3.0,0.0,2,10.0,80.0,hold
0.041379310344827586,610.8513194780762,1228.2816732565875,1228.2816732565875,14.491744389547454,2221.889851705834,0,False,0.01341746396605368,0.03442434314773735,3.0,0.0,2,10.0,80.0,hold
0.034482758620689655,569.8912458978585,1033.0708803244947,1033.0708803244947,21.72802690167461,2216.731610154196,0,False,0.012914310652096224,0.034969732277765515,3.0,0.0,2,10.0,80.0,hold
0.0896551724137931,386.3883419196289,1026.8678833908234,1026.8678833908234,21.84568683675722,2217.7422402889497,0,False,0.011999112511840637,0.03309820933080699,3.0,0.0,2,10.0,80.0,hold
0.034482758620689655,916.6960671078502,2000.2057316666658,2000.2057316666658,23.85309513081745,2227.0191387938503,0,False,0.012112493716382546,0.03292834782338994,3.0,0.0,2,10.0,85.0,hold
0.13793103448275862,669.3037382106157,1684.97421533143,1684.97421533143,21.173943898075343,2203.247704355252,0,False,0.012490928102968604,0.03745209201653162,3.0,0.0,2,10.0,85.0,hold
0.020689655172413793,945.6451689293144,1581.9178768072022,1581.9178768072022,12.902463984505987,2214.3700140651863,0,False,0.01226634117860053,0.030551359317921568,3.0,0.0,2,10.0,85.0,hold
0.027586206896551724,923.2932451845813,1689.6315502942928,1689.6315502942928,13.512187778629087,2225.828415001575,0,False,0.012867592048317205,0.03743265195706849,3.0,0.0,2,10.0,85.0,hold
0.11724137931034483,210.39091414838737,429.7719273957279,429.7719273957279,24.576907990641377,2207.605592263618,0,False,0.01240957802492721,0.03612899682879033,3.0,0.0,2,10.0,85.0,hold
0.041379310344827586,636.0418012023554,1383.5202321822837,1383.5202321822837,15.836745017436494,2202.7993912402267,0,False,0.012583703135625998,0.03144962223258208,3.0,0.0,2,10.0,85.0,hold
0.041379310344827586,800.5178947250955,1715.7111385865894,1715.7111385865894,23.72827868556566,2226.8476447883995,0,False,0.012072143826111117,0.031103604108009737,3.0,0.0,2,10.0,90.0,hold
0.020689655172413793,886.3467337187492,1260.6907734376762,1260.6907734376762,10.173497095075424,2211.6908399433823,0,False,0.012348825045886525,0.03093088787020091,3.0,0.0,2,10.0,90.0,hold
0.32413793103448274,192.6463770374882,708.4120364744805,708.4120364744805,27.391091647201012,2210.8035534644264,0,False,0.011846230160627788,0.03141322431526159,3.0,0.0,2,10.0,90.0,hold
0.020689655172413793,1295.9875462618777,2479.7585395729657,2479.7585395729657,13.648661566775315,2227.3884500137638,0,False,0.011589109006879598,0.030481780295206765,3.0,0.0,2,10.0,90.0,hold
0.041379310344827586,844.2824294146069,1884.1804045032231,1884.1804045032231,23.966178121327523,2228.6885029334703,0,False,0.012087856728302187,0.033129059930141036,3.0,0.0,2,10.0,90.0,hold
0.027586206896551724,1197.4585010303922,2317.2487461919904,2317.2487461919904,14.586862499431941,2220.837433398303,0,False,0.011874236575570294,0.029769395355019428,3.0,0.0,2,10.0,90.0,hold
0.04827586206896552,401.85764488935575,717.2927438466484,717.2927438466484,19.398646905759417,2188.8597675913065,0,False,0.011726567956845117,0.03633468989047909,3.0,0.0,2,15.0,70.0,hold
0.25517241379310346,233.04762828381197,542.9899862572078,542.9899862572078,22.69251568885372,2207.8088844825984,0,False,0.012744495243352017,0.0390685583675269,3.0,0.0,2,15.0,70.0,hold
0.18620689655172415,211.47757377529183,518.4947344799625,518.4947344799625,7.7849848999376405,2192.7564053358697,0,False,0.012906699260942954,0.03646305062384733,3.0,0.0,2,15.0,70.0,hold
0.06896551724137931,836.4726258910218,2145.6677535306094,2145.6677535306094,17.65936446865975,2213.637352745288,0,False,0.012454609891876333,0.03167377229558513,3.0,0.0,2,15.0,70.0,hold
0.020689655172413793,1245.61243189031,2388.704307328205,2388.704307328205,25.332444654931543,2205.224550859735,0,False,0.011811723328079124,0.030333597378900623,3.0,0.0,2,15.0,70.0,hold
0.10344827586206896,382.0835422686034,816.5759610660783,816.5759610660783,7.363493069742376,2185.5278029593496,0,False,0.012595718381848272,0.032571688211873194,3.0,0.0,2,15.0,70.0,hold
0.041379310344827586,566.5006816174134,745.5964652222069,767.8653108088554,26.714597933079297,2193.475260916233,0,False,0.012261589514209506,0.03241930531396961,3.0,0.0,2,15.0,75.0,hold
0.013793103448275862,1360.1613445413752,1908.8525685536783,1939.2597392890166,24.45953055328092,2216.7274783365915,0,False,0.013603848397246607,0.04091665645467919,3.0,0.0,2,15.0,75.0,hold
0.041379310344827586,484.421410449574,885.0559001345564,885.0559001345564,18.340853377270818,2182.989487832908,0,False,0.012670503489367218,0.029258089916687706,3.0,0.0,2,15.0,75.0,hold
0.10344827586206896,557.6980679914639,1445.2948603591892,1445.2948603591892,20.830192170455902,2184.2137971781685,0,False,0.012293748621085333,0.02979166191076661,3.0,0.0,2,15.0,75.0,hold
0.06206896551724138,254.73856659593966,169.35149011087597,389.9183584041303,12.125100106418131,2196.8805293583523,0,False,0.012249259125051808,0.03697167156769117,3.0,0.0,2,15.0,75.0,hold
0.15172413793103448,316.5436553437263,675.3219480982217,675.3219480982217,15.229502494890038,2210.049682765353,0,False,0.011521454488378047,0.03830323050702447,3.0,0.0,2,15.0,75.0,hold
0.06206896551724138,401.2945396769811,902.4807297881284,902.4807297881284,14.50433418085431,2204.542830351832,0,False,0.012964506270125591,0.03650330008148849,3.0,0.0,2,15.0,80.0,hold
0.08275862068965517,511.53730264238607,949.7996567920408,949.7996567920408,35.76040567705467,2191.756665559066,0,False,0.01215228636923991,0.036145705040606706,3.0,0.0,2,15.0,80.0,hold
0.027586206896551724,1317.8392620682432,2584.661975021633,2584.661975021633,18.215634959192776,2220.5678319656436,0,False,0.012575471172616697,0.031029695413069443,3.0,0.0,2,15.0,80.0,hold
0.034482758620689655,842.841810631549,1682.1476009143091,1682.1476009143091,20.069752421646452,2199.011855943835,0,False,0.012402795012254655,0.031163462199176626,3.0,0.0,2,15.0,80.0,hold
0.034482758620689655,923.6339371020783,1803.7243947657391,1803.7243947657391,15.746507655300597,2201.0380562874752,0,False,0.01207246935564767,0.04080299831871981,3.0,0.0,2,15.0,80.0,hold
0.034482758620689655,929.5138556559752,1892.0639685927772,1892.0639685927772,15.026575653531504,2201.130624394777,0,False,0.013830255008961104,0.03229038469082755,3.0,0.0,2,15.0,80.0,hold
0.09655172413793103,260.87892426724085,580.6573836548138,580.6573836548138,19.538457021168984,2187.989064700678,0,False,0.0127130118128058,0.038066474859791304,3.0,0.0,2,15.0,85.0,hold
0.020689655172413793,1024.8129601831997,1672.2601794352054,1695.6681704286746,25.582382031495612,2213.895355266014,0,False,0.011760650729880799,0.03265554634191048,3.0,0.0,2,15.0,85.0,hold
0.020689655172413793,1506.4944481156904,2853.5333931025484,2853.5333931025484,16.10850653178982,2201.5870577305545,0,False,0.012699326395568426,0.034155869869119455,3.0,0.0,2,15.0,85.0,hold
0.08275862068965517,147.83090501203466,21.623300957033052,213.1149855466227,13.614817540093016,2203.3593294432744,0,False,0.01242822525202329,0.03193317538288234,3.0,0.0,2,15.0,85.0,hold
0.041379310344827586,619.6021397916209,1053.2470126309397,1053.2470126309397,22.023898483312898,2194.6459091707484,0,False,0.01168474376007272,0.03367161935227487,3.0,0.0,2,15.0,85.0,hold
0.06206896551724138,475.7669326362528,1158.6011907367358,1158.6011907367358,8.545281424759956,2212.4914737669355,0,False,0.01186662361966214,0.03290004137873145,3.0,0.0,2,15.0,85.0,hold
0.041379310344827586,928.6597756602974,1938.0957311067352,1938.0957311067352,11.739318998554987,2215.952808824011,0,False,0.013686909238081064,0.038909864060573056,3.0,0.0,2,15.0,90.0,hold
0.04827586206896552,311.3202434602387,613.770735540105,613.770735540105,15.131118266344735,2206.742046341175,0,False,0.01365729559158437,0.03591416616099984,3.0,0.0,2,15.0,90.0,hold
0.027586206896551724,1069.127659254215,2157.9034164501695,2157.9034164501695,20.932002077069914,2198.556751235572,0,False,0.012286536660624079,0.03313035535498501,3.0,0.0,2,15.0,90.0,hold
0.06206896551724138,553.1494931719068,1331.5947477334528,1331.5947477334528,9.093737175056042,2213.343946848772,0,False,0.01339219552837538,0.03273595753020253,3.0,0.0,2,15.0,90.0,hold
0.0896551724137931,203.36621597510202,332.8194155644266,365.01857770884436,19.00591706630398,2201.9523671006473,0,False,0.012261645977768338,0.03267493017819172,3.0,0.0,2,15.0,90.0,hold
0.027586206896551724,412.96143111589896,264.7935464265164,587.4236224006613,18.584696720271598,2215.580747726112,0,False,0.012894685527277256,0.035322083893902075,3.0,0.0,2,15.0,90.0,hold
0.04827586206896552,684.4658439927898,1659.0217632137212,1659.0217632137212,13.954968996492699,2199.163782971589,0,False,0.011371148102733028,0.026957431862955697,3.0,0.0,2,20.0,70.0,hold
0.034482758620689655,1299.0279377819954,3171.7890514988217,3171.7890514988217,14.151797551743527,2184.725343978043,0,False,0.012244507008356578,0.031212305217937348,3.0,0.0,2,20.0,70.0,hold
0.027586206896551724,1356.0214598327282,2638.9960292105934,2638.9960292105934,16.990787219862973,2195.860511695513,0,False,0.012737114021435403,0.02909041553072378,3.0,0.0,2,20.0,70.0,hold
0.034482758620689655,360.8491832143059,482.1161435847032,554.0184295921371,22.428812140099943,2187.4047538531504,0,False,0.012421919241462532,0.03251470212565327,3.0,0.0,2,20.0,70.0,hold
0.034482758620689655,1278.3848903757103,3101.454859771709,3101.454859771709,15.260691883463315,2186.1835393148076,0,False,0.012846438842373154,0.034772131183707256,3.0,0.0,2,20.0,70.0,hold
0.027586206896551724,1541.8751472244248,3321.1057355441403,3321.1057355441403,12.327292143417969,2197.574984923334,0,False,0.012595826798409015,0.037498090312456066,3.0,0.0,2,20.0,70.0,hold
0.027586206896551724,1255.155135744871,2883.894041715265,2883.894041715265,23.262087391290805,2185.6356864654695,0,False,0.011048105462264653,0.02801436912228089,3.0,0.0,2,20.0,75.0,hold
0.041379310344827586,325.6677845860646,434.96554170082925,460.38526053813723,20.33569162307185,2186.8199720727994,0,False,0.012596032944433821,0.03604071485518762,3.0,0.0,2,20.0,75.0,hold
0.020689655172413793,1474.1449887130134,3107.5194860436086,3107.5194860436086,17.07793040238632,2196.5162644078714,0,False,0.013007059679049934,0.03518218352401453,3.0,0.0,2,20.0,75.0,hold
0.027586206896551724,1234.0574062053174,2547.5093903898896,2547.5093903898896,22.5866849035376,2188.8051355692687,0,False,0.012391289045464977,0.03452487632455184,3.0,0.0,2,20.0,75.0,hold
0.11724137931034483,222.92278685916472,369.06235909127145,369.06235909127145,10.733431336811249,2186.1764194957846,0,False,0.013520893682451506,0.031557609171262255,3.0,0.0,2,20.0,75.0,hold
0.027586206896551724,1372.4096011964987,3073.2687462583285,3073.2687462583285,20.432286402987632,2189.1306113278783,0,False,0.012956337247448593,0.03152359427248627,3.0,0.0,2,20.0,75.0,hold
0.027586206896551724,1441.3033186259495,2940.7511040872178,2940.7511040872178,20.157771053343456,2173.4060791264524,0,False,0.012989072510671391,0.035063205695577165,3.0,0.0,2,20.0,80.0,hold
0.020689655172413793,973.4734784547485,2044.3564589777006,2044.3564589777006,12.951566936058418,2185.63602975443,0,False,0.01266214691728777,0.03121767093239057,3.0,0.0,2,20.0,80.0,hold
0.041379310344827586,182.82382959927173,218.442826213919,265.9312102475371,18.343086643780826,2190.3359477316835,0,False,0.012430712094717633,0.033348595969734156,3.0,0.0,2,20.0,80.0,hold
0.027586206896551724,1169.010484607831,2495.125331758633,2495.125331758633,19.13750347775252,2188.0070373061826,0,False,0.012346138195277153,0.030961783874568976,3.0,0.0,2,20.0,80.0,hold
0.1103448275862069,276.7773665705517,651.3302089011374,652.7876930831899,28.448100158739045,2198.2851491320416,0,False,0.013006877471394604,0.03107151493074009,3.0,0.0,2,20.0,80.0,hold
0.034482758620689655,1431.448437011685,3646.7314365613615,3646.7314365613615,11.970028714217312,2216.0119833726376,0,False,0.012112349151327109,0.03484121180547167,3.0,0.0,2,20.0,80.0,hold
0.034482758620689655,1204.6304412615257,2214.989040634297,2214.989040634297,9.175329280123558,2190.844980178637,0,False,0.013285100789942529,0.03272899293353895,3.0,0.0,2,20.0,85.0,hold
0.0896551724137931,180.1907282873793,652.3801333821004,652.3801333821004,20.136618452298997,2195.291779266926,0,False,0.013545075077705635,0.03450687319232873,3.0,0.0,2,20.0,85.0,hold
0.013793103448275862,1527.1166815369224,2779.7888406328802,2779.7888406328802,29.692533468147328,2203.122174857299,0,False,0.011949464803407653,0.03578563830813765,3.0,0.0,2,20.0,85.0,hold
0.027586206896551724,553.9101215100408,871.6340026105167,871.6340026105167,10.982124714869148,2187.9449161370485,0,False,0.012359800494815316,0.034563982249860466,3.0,0.0,2,20.0,85.0,hold
0.034482758620689655,228.0897253151138,250.90881008116924,281.84713746403855,6.844680968157071,2194.263816667169,0,False,0.012380750545810386,0.03383388914890039,3.0,0.0,2,20.0,85.0,hold
0.020689655172413793,1415.2920504726815,2558.800451716933,2558.800451716933,20.061284082006306,2171.772018261963,0,False,0.013668037739846388,0.03675976027780249,3.0,0.0,2,20.0,85.0,hold
0.034482758620689655,1202.4213519613756,2716.4146565007054,2716.4146565007054,9.069392753374258,2191.5099162012366,0,False,0.013448648472054051,0.03092915962079717,3.0,0.0,2,20.0,90.0,hold
0.034482758620689655,963.5886859956382,2029.862156803498,2029.862156803498,13.054996132434969,2191.2610553051127,0,False,0.011776466647725357,0.027954444937131395,3.0,0.0,2,20.0,90.0,hold
0.041379310344827586,662.4456421946442,1051.8626035767388,1059.528432406581,12.823232844409437,2186.198007637021,0,False,0.01314257736452285,0.03456000730084161,3.0,0.0,2,20.0,90.0,hold
0.020689655172413793,1339.4203818214046,2499.067141162176,2499.067141162176,14.971681526783083,2174.828671979079,0,False,0.013081134259003577,0.03705905012249908,3.0,0.0,2,20.0,90.0,hold
0.041379310344827586,251.17585836480464,169.47803921700367,347.14599836481216,13.283092237671084,2190.8541924140236,0,False,0.01154409061396669,0.02825121341453961,3.0,0.0,2,20.0,90.0,hold
0.1793103448275862,84.66433219981825,271.74604028503387,271.74604028503387,8.593521208656535,2195.0200287666685,0,False,0.0126342507525712,0.03552488036334507,3.0,0.0,2,20.0,90.0,hold
0.04827586206896552,1166.5762529805609,3162.9822416796874,3162.9822416796874,17.410187027321477,2192.6279632352016,0,False,0.01157684969522562,0.028865291131379516,3.0,0.0,2,25.0,70.0,hold
0.04827586206896552,1054.4555260489171,2781.7094036421413,2781.7094036421413,12.489256746779576,2195.5858986602366,0,False,0.0128230485403888,0.0304826164158409,3.0,0.0,2,25.0,70.0,hold
0.020689655172413793,1587.0106679152977,3244.47755820314,3244.47755820314,32.06670606362607,2178.2378843985643,0,False,0.013149571369567195,0.03062382988598505,3.0,0.0,2,25.0,70.0,hold
0.027586206896551724,613.6503786896368,1526.6442783974771,1526.6442783974771,8.772307010540228,2164.2883340036287,0,False,0.0120138702795765,0.032919882050895286,3.0,0.0,2,25.0,70.0,hold
0.020689655172413793,2136.249785316837,5163.486601094584,5163.486601094584,13.823547650528967,2213.3334476732825,0,False,0.013617648897940536,0.0377713620019619,3.0,0.0,2,25.0,70.0,hold
0.020689655172413793,1323.34868722057,1680.9008877182202,1918.5178470011183,16.979254236023444,2152.969516469785,0,False,0.012511477706720502,0.033239188165165925,3.0,0.0,2,25.0,70.0,hold
0.013793103448275862,1808.6714650219178,3153.9648377118556,3153.9648377118556,22.98982769145215,2205.427614331056,0,False,0.013324490777471672,0.03290553117980687,3.0,0.0,2,25.0,75.0,hold
0.013793103448275862,2376.6112873171596,4982.478868887948,4982.478868887948,11.357752635552963,2101.8080624668387,0,False,0.011392454757847625,0.027991915097102468,3.0,0.0,2,25.0,75.0,hold
0.027586206896551724,752.9329966898619,1203.8996214391555,1221.2790632333792,11.705959797459917,2175.970539538216,0,False,0.0122747040707749,0.033214375256877,3.0,0.0,2,25.0,75.0,hold
0.020689655172413793,1461.2311419893867,2402.51268628005,2402.51268628005,11.031580878206672,2169.9995442452414,0,False,0.013055419568830271,0.032861109397155204,3.0,0.0,2,25.0,75.0,hold
0.020689655172413793,912.0065184339052,1738.7347171720473,1738.7347171720473,17.176572847964295,2183.064118582531,0,False,0.012556306266626746,0.029153711828473223,3.0,0.0,2,25.0,75.0,hold
0.020689655172413793,1684.1959705396291,3502.8383809356496,3502.8383809356496,18.41481739694607,2181.225045299818,0,False,0.012610763234634732,0.03453327446866387,3.0,0.0,2,25.0,75.0,hold
0.04827586206896552,324.60430042856603,651.0822100028271,652.3362685232358,11.799290434843392,2177.7273587833183,0,False,0.012054454785370915,0.033628370694969344,3.0,0.0,2,25.0,80.0,hold
0.16551724137931034,661.4986893532921,2038.5478859868665,2038.5478859868665,26.172692237306087,2153.7643287652445,0,False,0.01273995109682369,0.031811722930977435,3.0,0.0,2,25.0,80.0,hold
0.041379310344827586,1174.8514844484346,3041.3170954499524,3041.3170954499524,13.93532128318791,2197.382937085138,0,False,0.012456339192587372,0.03148150944897738,3.0,0.0,2,25.0,80.0,hold
0.020689655172413793,1544.4152008316821,2912.9909817307184,2912.9909817307184,8.414711716554145,2174.7571181150884,0,False,0.013086474519698002,0.034861216038677104,3.0,0.0,2,25.0,80.0,hold
0.034482758620689655,2135.869969540615,4816.992688494067,4816.992688494067,10.739742126656848,2215.2510481665918,0,True,0.012110662486395906,0.030479810637208393,3.0,0.0,2,25.0,80.0,hold
0.034482758620689655,1275.5946067364976,3026.2144939178856,3026.2144939178856,11.69501306889736,2173.7697833724365,0,False,0.013429565382160114,0.03068664336475848,3.0,0.0,2,25.0,80.0,hold
0.020689655172413793,2016.9581796243292,4441.8483325827965,4441.8483325827965,10.215278220243551,2087.5266233083516,0,True,0.012748872898177496,0.031995178882038726,3.0,0.0,2,25.0,85.0,hold
0.027586206896551724,464.8785215181965,252.15999140509365,666.768576527631,10.91597651828744,2170.047686974301,0,False,0.013208581031057074,0.03396406262429949,3.0,0.0,2,25.0,85.0,hold
0.020689655172413793,1202.717061765732,2157.4826672221634,2157.4826672221634,11.353902721077993,2170.4926710295767,0,False,0.01263367694066387,0.03614056806043505,3.0,0.0,2,25.0,85.0,hold
0.10344827586206896,984.8080607669481,2888.7636932938767,2888.7636932938767,13.220388095761686,2198.6534550777537,0,False,0.013549776083663694,0.03489149685479415,3.0,0.0,2,25.0,85.0,hold
0.020689655172413793,2201.87347511951,4200.515289710907,4200.515289710907,10.667470043082808,2093.228356426045,0,False,0.013056174414454365,0.03274194795066476,3.0,0.0,2,25.0,85.0,hold
0.05517241379310345,197.38362017921057,148.47748439483195,303.92767080946555,13.584286467063539,2179.192434413812,0,False,0.012783689178114427,0.034652096524823886,3.0,0.0,2,25.0,85.0,hold
0.09655172413793103,496.7099308077754,1278.8177461122666,1278.8177461122666,16.345599898363,2169.2028313621536,0,False,0.012841234994244603,0.0319853939991545,3.0,0.0,2,25.0,90.0,hold
0.1310344827586207,442.67171957987006,1372.2797038535641,1372.2797038535641,10.269414739204697,2193.3257644922055,0,False,0.012715027966802114,0.043698981639080814,3.0,0.0,2,25.0,90.0,hold
0.013793103448275862,2737.8049328301513,4061.831818195116,4061.831818195116,25.518459605879016,2157.933138380531,0,True,0.011983479979847167,0.03334204142638927,3.0,0.0,2,25.0,90.0,hold
0.027586206896551724,1594.3956348885024,3387.2542892875854,3387.2542892875854,14.622529734892856,2181.74113542691,0,False,0.011826578466506326,0.03131492570498776,3.0,0.0,2,25.0,90.0,hold
0.020689655172413793,1769.5333503542993,4010.956399251719,4010.956399251719,17.451367157816907,2203.826353755774,0,True,0.013087588372324413,0.03775665655444887,3.0,0.0,2,25.0,90.0,hold
0.020689655172413793,1093.3581333923566,1883.2051808308781,1883.2051808308781,9.186454582820529,2172.92974657899,0,False,0.01167889912656993,0.026986665721321905,3.0,0.0,2,25.0,90.0,hold
0.020689655172413793,1054.769693306056,1491.908538576867,1491.908538576867,12.030255960567077,2163.8799589259897,0,False,0.012152830685875166,0.024748292428236795,3.0,0.0,2,30.0,70.0,hold
0.027586206896551724,1090.9865916191573,2036.6424347674456,2036.6424347674456,23.924353858605805,2196.9102004377683,0,False,0.011425756128188896,0.03136250551642531,3.0,0.0,2,30.0,70.0,hold
0.04827586206896552,645.2423587250732,2456.939155788897,2456.939155788897,16.208088550177358,2177.9781400361703,0,False,0.01149662754297255,0.03048775554081788,3.0,0.0,2,30.0,70.0,hold
0.020689655172413793,2502.4985353710467,5021.6071525249945,5021.6071525249945,13.397391619400517,2117.9010112915857,0,True,0.012805216244613192,0.04438350245611551,3.0,0.0,2,30.0,70.0,hold
0.013793103448275862,3169.2846758412766,4938.3897443718,4938.3897443718,0.0,1895.223297887353,0,True,0.01216309802501483,0.04630598784397741,3.0,0.0,2,30.0,70.0,hold
0.15172413793103448,921.7899233210836,3022.6843012201675,3022.6843012201675,8.670362704165399,2184.03083928706,0,False,0.0116993351847213,0.03213158714428881,3.0,0.0,2,30.0,70.0,hold
0.020689655172413793,1776.1929897880161,3527.780614474647,3527.780614474647,12.359576933495523,2143.1772388222325,0,True,0.01225101661569321,0.028278031218697618,3.0,0.0,2,30.0,75.0,hold
0.013793103448275862,1576.9241309935198,2701.196563748701,2701.196563748701,23.65577890003193,2197.3537148715404,0,False,0.012673592320373293,0.03438818972773012,3.0,0.0,2,30.0,75.0,hold
0.013793103448275862,1958.4932020509261,3597.6720561325274,3597.6720561325274,11.37032222622321,2170.728289795078,0,False,0.01228389106779194,0.031384794129677075,3.0,0.0,2,30.0,75.0,hold
0.05517241379310345,902.0566638478618,2688.1839126020946,2688.1839126020946,10.962396251633505,2185.222126217399,0,False,0.011793777201518812,0.030978014416055324,3.0,0.0,2,30.0,75.0,hold
0.020689655172413793,2316.915996444248,5084.33892115116,5084.33892115116,26.152281703163926,2186.5664065714404,0,True,0.011898213816891457,0.03069120724681787,3.0,0.0,2,30.0,75.0,hold
0.027586206896551724,605.6357226338095,652.9662136776169,875.155198465635,4.210553097384351,2172.1516071913484,0,False,0.013630836004967114,0.03033624833288703,3.0,0.0,2,30.0,75.0,hold
0.013793103448275862,3091.6365425731233,4248.055485105247,4248.055485105247,14.72341996529993,1677.2069693613357,0,True,0.012473067039906107,0.035056595169126646,3.0,0.0,2,30.0,80.0,hold
0.013793103448275862,3041.3122224272615,4194.380633054094,4194.380633054094,13.681600817949725,1820.2447673072015,0,True,0.013296447295115331,0.029103662055352128,3.0,0.0,2,30.0,80.0,hold
0.013793103448275862,2999.9358666536746,4642.848748358483,4642.848748358483,14.337599655201718,1894.5238157307704,0,True,0.013028989669493842,0.027724583258233428,3.0,0.0,2,30.0,80.0,hold
0.08275862068965517,279.53691424367935,806.7009871940974,806.7009871940974,16.451080376872937,2148.8747565779154,0,False,0.012580461517038998,0.029498408341673166,3.0,0.0,2,30.0,80.0,hold
0.013793103448275862,1606.5636914155714,2649.143444758091,2649.143444758091,15.338996358991777,2037.9580878429988,0,False,0.013352460109020647,0.03451334170582918,3.0,0.0,2,30.0,80.0,hold
0.020689655172413793,765.0649768015421,946.2192234342291,1013.6948909189077,15.967389240166769,2153.0862498306788,0,False,0.012878050727629162,0.034884877646909736,3.0,0.0,2,30.0,80.0,hold
0.041379310344827586,427.79237039521684,559.3146534118749,589.9202234528115,18.40555149673275,2170.856897302331,0,False,0.0136128355172213,0.03974206758254566,3.0,0.0,2,30.0,85.0,hold
0.027586206896551724,837.0156277613727,1406.5042852797965,1406.5042852797965,13.116845239972823,2148.865727869961,0,False,0.013115319885133892,0.03253034226998653,3.0,0.0,2,30.0,85.0,hold
0.013793103448275862,2688.8096354143227,4199.206591451547,4199.206591451547,27.416582487795004,2054.516312510766,0,True,0.012846786442072296,0.03330711771686225,3.0,0.0,2,30.0,85.0,hold
0.1103448275862069,176.68102813186795,555.5242380434811,555.5242380434811,3.086334651380278,2159.6993082786503,0,False,0.01234662659128917,0.028246204914956045,3.0,0.0,2,30.0,85.0,hold
0.08275862068965517,354.1284387163122,1268.0007343525342,1268.0007343525342,12.518364942374395,2176.6633695482933,0,False,0.011946117275623532,0.030115795960960947,3.0,0.0,2,30.0,85.0,hold
0.027586206896551724,723.3945805944508,1158.7255337795611,1158.7255337795611,6.983718446662934,2170.3376257588056,0,False,0.012713692370652218,0.028925784718664756,3.0,0.0,2,30.0,85.0,hold
0.013793103448275862,2567.027577992212,3770.6361113783582,3770.6361113783582,25.309169486843295,1932.808438208308,0,True,0.012871751670194432,0.033782342203842394,3.0,0.0,2,30.0,90.0,hold
0.013793103448275862,2696.91115954028,3453.524708446674,3453.524708446674,17.509105554010116,1590.3467165198292,0,True,0.012873211659383387,0.03251217602677485,3.0,0.0,2,30.0,90.0,hold
0.013793103448275862,2569.789403005512,3762.0496887300587,3762.0496887300587,28.038864320742977,1919.892322115486,0,True,0.01252006624030927,0.03846317017634714,3.0,0.0,2,30.0,90.0,hold
0.013793103448275862,2681.5124064279353,3548.530452766379,3548.530452766379,28.36126472578025,2127.6153191421304,0,True,0.01305238211904339,0.043676027065706724,3.0,0.0,2,30.0,90.0,hold
0.027586206896551724,1389.5732414673648,3510.6133008250044,3510.6133008250044,10.798881174509766,2103.2725839789255,0,False,0.012523414876666908,0.041083571378506274,3.0,0.0,2,30.0,90.0,hold
0.06896551724137931,405.4028232927681,586.7112174890595,643.0819850049799,14.535818796984296,2164.491787884089,0,False,0.012257616856195636,0.033718342436328076,3.0,0.0,2,30.0,90.0,hold
0.08275862068965517,118.00400879969462,252.8832311695082,252.8832311695082,13.031716560357232,2217.945771906482,1,False,0.01191215495408326,0.030478083119902584,3.0,0.0,2,10.0,70.0,mpc / perfect forecast
0.3586206896551724,76.14373156634784,123.84444024242893,167.62961176615718,121.27000740150805,2111.737825005873,4,False,0.01245520143134858,0.03163464804848236,3.0,0.0,2,10.0,70.0,mpc / perfect forecast
0.041379310344827586,247.7573495116745,101.40583706061787,369.9582547340561,405.2498189090183,2114.7608595858956,6,False,0.012773252091189357,0.034783376503533345,3.0,0.0,2,10.0,70.0,mpc / perfect forecast
0.2206896551724138,77.84638450418271,29.900317145516716,132.64562849498776,411.24650728753466,2107.239918695971,6,False,0.011795289632155755,0.03367372137797344,3.0,0.0,2,10.0,70.0,mpc / perfect forecast
0.06896551724137931,258.39716181602654,304.88403336301286,447.7830968158503,98.98855279206836,2206.0049106361753,2,False,0.012770988853603992,0.033921910467847684,3.0,0.0,2,10.0,70.0,mpc / perfect forecast
0.3448275862068966,70.4112124354838,69.65649665824228,153.1097458724642,300.5920939976357,2020.1122878046722,5,False,0.01380160564884907,0.034858443961016665,3.0,0.0,2,10.0,70.0,mpc / perfect forecast
0.3793103448275862,74.83175911491797,87.96267288106766,147.55936352441833,318.0735750038999,2012.6368449330942,7,False,0.012785148319995535,0.037802702425938514,3.0,0.0,2,10.0,75.0,mpc / perfect forecast
0.25517241379310346,72.7139042193495,74.92437127801065,128.84670235201295,293.54677167270137,2109.7711285745527,6,False,0.013387495832404967,0.030158039027354654,3.0,0.0,2,10.0,75.0,mpc / perfect forecast
0.5172413793103449,66.63078935558315,60.213047255894594,163.73251019573155,200.561829842725,2109.0337128503033,4,False,0.011851263265387992,0.03205286006314465,3.0,0.0,2,10.0,75.0,mpc / perfect forecast
0.5448275862068965,48.30881901153355,85.05860722023044,100.3963251225163,223.37477097656526,2207.895635237568,6,False,0.01326935577077529,0.03126555950622755,3.0,0.0,2,10.0,75.0,mpc / perfect forecast
0.09655172413793103,89.7153004614453,44.89018273498728,142.16557672654477,197.52450760683735,2115.4140271958768,4,False,0.013656296500887654,0.0339592549614031,3.0,0.0,2,10.0,75.0,mpc / perfect forecast
0.3724137931034483,73.34908004984193,134.76421963980295,153.52615383924555,411.44356488536397,2093.224894735792,9,False,0.012964566339030143,0.03290359495466159,3.0,0.0,2,10.0,75.0,mpc / perfect forecast
0.496551724137931,77.94879147561261,207.5403799134185,207.5403799134185,178.97533061122135,2214.5391734719437,4,False,0.011564208101683257,0.03980975556350953,3.0,0.0,2,10.0,80.0,mpc / perfect forecast
0.5862068965517241,50.866498330854355,133.82896481959645,135.49212208175487,578.5772361762087,2010.391433789538,8,False,0.012274072746506635,0.036930389040077595,3.0,0.0,2,10.0,80.0,mpc / perfect forecast
0.020689655172413793,345.4854321694099,572.1277753105439,572.1277753105439,0.0,2211.903508606072,0,False,0.012463340859657505,0.029243529049725634,3.0,0.0,2,10.0,80.0,mpc / perfect forecast
0.1724137931034483,166.78234054808448,261.0322842889273,341.8811215362637,0.25680093254750797,2219.8497362464277,0,False,0.013417463962108538,0.03442434314940486,3.0,0.0,2,10.0,80.0,mpc / perfect forecast
0.6689655172413793,43.88358031591691,28.55904200411748,104.25806520581806,310.4854611660788,2114.330629995643,5,False,0.012914310652864504,0.03496973231425485,3.0,0.0,2,10.0,80.0,mpc / perfect forecast
0.6413793103448275,43.95767641835825,60.10009726059485,96.76790280106661,311.5863285783229,2214.1242718364824,7,False,0.011999112514403871,0.03309820945442379,3.0,0.0,2,10.0,80.0,mpc / perfect forecast
0.08275862068965517,164.9372446140538,371.4183570735288,371.4183570735288,8.301079113681181,2215.4062555272917,0,False,0.012112493734953428,0.03292834690369543,3.0,0.0,2,10.0,85.0,mpc / perfect forecast
0.05517241379310345,178.11400485055213,252.55938668824365,328.1828130791469,324.4215489897192,2112.214174938472,4,False,0.012490928095908162,0.037452092071057395,3.0,0.0,2,10.0,85.0,mpc / perfect forecast
0.16551724137931034,82.54258009966905,38.37450112219897,169.8618347910371,509.96445310359576,2107.635908393054,9,False,0.012266341172611007,0.03055135983945354,3.0,0.0,2,10.0,85.0,mpc / perfect forecast
0.027586206896551724,477.4870447702754,858.3592253100493,858.3592253100493,6.253758967337047,2220.5835563859773,1,False,0.01286759205337725,0.03743265184703902,3.0,0.0,2,10.0,85.0,mpc / perfect forecast
0.6758620689655173,44.05497228114212,4.494588291064276,122.75509672701166,417.4768018580305,2103.9454786844503,9,False,0.01240957802329778,0.036128996846849455,3.0,0.0,2,10.0,85.0,mpc / perfect forecast
0.5862068965517241,76.41617929328143,196.57585207702832,210.3171659865987,338.79072368647206,2104.8280356187643,6,False,0.012583703134443123,0.031449622210896734,3.0,0.0,2,10.0,85.0,mpc / perfect forecast
0.15172413793103448,121.91966231897607,329.0380475468501,329.0380475468501,99.78960655756534,2117.226092004076,3,False,0.012072143825893077,0.031103604002248594,3.0,0.0,2,10.0,90.0,mpc / perfect forecast
0.27586206896551724,85.7750083758552,135.66091621058106,184.13553093057382,507.9326974988464,2108.1497905827982,10,False,0.012348825042399175,0.030930887845527517,3.0,0.0,2,10.0,90.0,mpc / perfect forecast
0.6551724137931034,40.04600664783404,52.96167998370789,88.33684398675193,234.41884746689882,2114.6645425678403,6,False,0.011846230157015062,0.0314132243155301,3.0,0.0,2,10.0,90.0,mpc / perfect forecast
0.020689655172413793,278.65045976240435,540.6315919209259,540.6315919209259,99.5358212893489,2121.8069379018825,2,False,0.011589109007905003,0.03048178045520308,3.0,0.0,2,10.0,90.0,mpc / perfect forecast
0.2413793103448276,166.9784456436772,333.1456325699217,335.273994677257,99.19421844665577,2116.252317367246,2,False,0.01208785673462915,0.033129060204735356,3.0,0.0,2,10.0,90.0,mpc / perfect forecast
0.5310344827586206,46.84621273124384,24.326566408596083,101.97440001883447,301.26943610542673,2111.2242134307157,6,False,0.01187423657334846,0.02976939540089954,3.0,0.0,2,10.0,90.0,mpc / perfect forecast
0.06206896551724138,285.1040151048825,491.81657579785343,493.9158925020093,821.227142444308,1915.569574317977,11,False,0.011726567962632883,0.03633468989003295,3.0,0.0,2,15.0,70.0,mpc / perfect forecast
0.27586206896551724,147.43737870296238,256.0114035191105,281.3489008285502,238.31744744397864,2107.3894561758516,5,False,0.012744495246468148,0.0390685583675269,3.0,0.0,2,15.0,70.0,mpc / perfect forecast
0.18620689655172415,185.60999659160004,440.1436679063185,440.1436679063185,396.00025304554197,1990.131370936427,6,False,0.012906699265266552,0.03646305069284156,3.0,0.0,2,15.0,70.0,mpc / perfect forecast
0.06206896551724138,709.5496483819046,1802.5775147303018,1802.5775147303018,230.1518053492509,2121.730930146893,5,False,0.012454609881776818,0.03167377243215177,3.0,0.0,2,15.0,70.0,mpc / perfect forecast
0.20689655172413793,173.31822207124318,420.65740026413926,420.65740026413926,279.66268813969214,2006.730632808109,6,False,0.0118117233266165,0.030333597411022484,3.0,0.0,2,15.0,70.0,mpc / perfect forecast
0.15172413793103448,341.63738273101154,744.1734376908831,744.1734376908831,90.20967009903715,2186.732596402545,1,False,0.012595718380147135,0.03257168813119697,3.0,0.0,2,15.0,70.0,mpc / perfect forecast
0.8551724137931035,27.03949428060324,28.726528915919058,66.87934054908338,579.9390728659617,2201.478281862273,6,False,0.012261589509548672,0.0324193052480478,3.0,0.0,2,15.0,75.0,mpc / perfect forecast
0.05517241379310345,330.5675540221054,396.8561621140439,422.61010876504787,481.0498740609925,2109.3703948744355,7,False,0.01360384839211889,0.04091665751077471,3.0,0.0,2,15.0,75.0,mpc / perfect forecast
0.041379310344827586,282.4639885778381,415.9589831751797,415.9589831751797,658.6420523928406,1998.0955566885325,9,False,0.012670503477780336,0.02925808980243234,3.0,0.0,2,15.0,75.0,mpc / perfect forecast
0.23448275862068965,89.34880111459374,91.37456379993037,148.06231893847135,530.9693602564755,1997.4748865110798,7,False,0.012293748623779733,0.02979166198710794,3.0,0.0,2,15.0,75.0,mpc / perfect forecast
0.2,92.67243348603635,94.42304955325258,155.78983589444363,528.7522858952683,1997.3741115013381,7,False,0.012249259120973608,0.03697167153429866,3.0,0.0,2,15.0,75.0,mpc / perfect forecast
0.15862068965517243,220.86185132508103,396.40933366179485,396.40933366179485,109.71258262227785,2200.443888889749,2,False,0.011521454488311985,0.03830323050472708,3.0,0.0,2,15.0,75.0,mpc / perfect forecast
0.7379310344827587,37.91409229192386,30.100043085895066,84.80842136309232,319.65889738709154,2105.789243161707,6,False,0.012964506270332262,0.03650330014592929,3.0,0.0,2,15.0,80.0,mpc / perfect forecast
0.18620689655172415,77.27321848895174,55.99823386260094,150.91427608060857,211.17843660090176,2107.4544393052433,3,False,0.01215228638629702,0.036145705033357615,3.0,0.0,2,15.0,80.0,mpc / perfect forecast
0.04827586206896552,483.45272445197526,1178.033043139604,1178.033043139604,90.75909152979942,2212.9825888374617,2,False,0.012575471176251138,0.031029695413826327,3.0,0.0,2,15.0,80.0,mpc / perfect forecast
0.07586206896551724,166.89239998041057,333.95747529606274,333.95747529606274,281.6159847010189,2095.7012184721657,6,False,0.012402795015965622,0.03116346221309318,3.0,0.0,2,15.0,80.0,mpc / perfect forecast
0.2689655172413793,187.90874616840347,430.77722525217575,430.77722525217575,94.24335452179045,2190.013440609763,2,False,0.012072469356249447,0.04080299790790741,3.0,0.0,2,15.0,80.0,mpc / perfect forecast
0.08275862068965517,228.3313822000503,374.2512954847058,374.2512954847058,412.98362115638304,1994.1187570216255,6,False,0.013830255013006732,0.03229038464152269,3.0,0.0,2,15.0,80.0,mpc / perfect forecast
0.15172413793103448,202.3556917880707,433.8085385476948,433.8085385476948,282.55815092958704,2098.3609673888063,5,False,0.012713011816417326,0.03806647516770329,3.0,0.0,2,15.0,85.0,mpc / perfect forecast
0.06896551724137931,471.4551603060612,653.4477877495348,711.1076207428367,93.30939230007083,2208.6813481125882,2,False,0.011760650729060396,0.0326555460341648,3.0,0.0,2,15.0,85.0,mpc / perfect forecast
0.020689655172413793,272.5417516450315,530.9151787272616,530.9151787272616,185.6950017370418,2098.1726988283053,4,False,0.012699326399172928,0.03415586905008127,3.0,0.0,2,15.0,85.0,mpc / perfect forecast
0.3103448275862069,57.709484130317215,42.805098803487944,93.91517420592537,297.1525564917821,2104.7184948572817,4,False,0.012428225252157539,0.03193317549073246,3.0,0.0,2,15.0,85.0,mpc / perfect forecast
0.08275862068965517,245.07557052970503,413.506977584894,413.506977584894,300.4966595001687,1998.2076256728542,6,False,0.0116847437643627,0.03367161960367992,3.0,0.0,2,15.0,85.0,mpc / perfect forecast
0.12413793103448276,289.25887088124256,710.3938240733173,710.3938240733173,96.658295808561,2115.366653382174,2,False,0.011866623620882328,0.03290004139449128,3.0,0.0,2,15.0,85.0,mpc / perfect forecast
0.2620689655172414,205.73287773234378,567.6296786104633,567.6296786104633,192.44888409157838,2111.969689881831,4,False,0.01368690923453357,0.03890986447718684,3.0,0.0,2,15.0,90.0,mpc / perfect forecast
0.06206896551724138,96.70533565791457,110.12006474872567,145.22627462353054,325.7555629003875,2101.9944430928845,6,False,0.013657295589684029,0.03591416633207708,3.0,0.0,2,15.0,90.0,mpc / perfect forecast
0.20689655172413793,129.180345222292,260.79176513393855,260.79176513393855,198.2958578218933,2102.348754327161,4,False,0.012286536661836074,0.03313035559263046,3.0,0.0,2,15.0,90.0,mpc / perfect forecast
0.06206896551724138,317.5639147294281,726.1873081906649,726.1873081906649,96.72358535840023,2113.6940006823775,3,False,0.01339219553273349,0.03273595782345377,3.0,0.0,2,15.0,90.0,mpc / perfect forecast
0.13793103448275862,107.87438579340069,95.83484815787533,164.22750847249173,217.01587048257775,2102.6735231206285,4,False,0.01226164597207124,0.032674930178318184,3.0,0.0,2,15.0,90.0,mpc / perfect forecast
0.2896551724137931,67.73440372668021,51.84190212304595,113.1864648762741,223.84061944244925,2110.3466827962466,2,False,0.012894685519781568,0.03532208304869937,3.0,0.0,2,15.0,90.0,mpc / perfect forecast
0.8827586206896552,32.43259107684707,154.88676210753565,154.88676210753565,418.63028287273943,1985.6452268203684,10,False,0.011371148105333967,0.026957432035157155,3.0,0.0,2,20.0,70.0,mpc / perfect forecast
0.041379310344827586,1279.5884812325933,3001.289050299168,3001.289050299168,279.20740504711415,2112.6771959822904,5,False,0.012244507005390915,0.031212305168020774,3.0,0.0,2,20.0,70.0,mpc / perfect forecast
0.034482758620689655,1163.608848838288,2358.2772051241714,2358.2772051241714,787.4294866569724,1827.9678478175385,9,False,0.012737114018369923,0.029090415288793567,3.0,0.0,2,20.0,70.0,mpc / perfect forecast
0.903448275862069,28.23905141281762,21.864256763140386,57.028048090561164,427.3932879196595,2088.6942663203913,8,False,0.012421919243890401,0.032514702053042986,3.0,0.0,2,20.0,70.0,mpc / perfect forecast
0.04827586206896552,1156.1227784435257,2574.813280838997,2574.813280838997,592.6465068020477,1790.1804128805593,4,False,0.012846438845580122,0.03477213118953554,3.0,0.0,2,20.0,70.0,mpc / perfect forecast
0.027586206896551724,1352.361957511378,2931.9169114770143,2931.9169114770143,272.5613296737251,2011.7697234789773,4,False,0.012595826797677833,0.03749809059518935,3.0,0.0,2,20.0,70.0,mpc / perfect forecast
0.041379310344827586,1064.4016605721417,2653.6126520012826,2653.6126520012826,185.7969204614752,2008.7796210606125,3,False,0.011048105454139283,0.028014368729321008,3.0,0.0,2,20.0,75.0,mpc / perfect forecast
0.4068965517241379,66.96671705882932,97.58808848127372,150.4869566899796,271.38346882659005,1982.8146380385135,5,False,0.012596032946505816,0.03604071482657619,3.0,0.0,2,20.0,75.0,mpc / perfect forecast
0.027586206896551724,873.8433729161613,2088.120179065914,2088.120179065914,274.1015538937445,2004.6784551074918,5,False,0.013007059686099803,0.035182183558275446,3.0,0.0,2,20.0,75.0,mpc / perfect forecast
0.027586206896551724,1161.6852821206405,2206.013924666787,2206.013924666787,277.5448208715597,2003.7704002744958,4,False,0.012391289049613693,0.03452487632311393,3.0,0.0,2,20.0,75.0,mpc / perfect forecast
0.9586206896551724,25.755089034294507,21.02449272102602,57.599113990833885,408.46992066203904,2083.616047374183,7,False,0.013520893682593092,0.03155760927106576,3.0,0.0,2,20.0,75.0,mpc / perfect forecast
0.027586206896551724,1105.974030476099,2823.782878948164,2823.782878948164,271.541066378205,2011.7731317236237,6,False,0.012956337265772042,0.0315235949595745,3.0,0.0,2,20.0,75.0,mpc / perfect forecast
0.503448275862069,57.16208462277565,105.85743554226137,123.88154738129577,550.0569440905629,1872.975753052195,5,False,0.012989072510099122,0.035063206243118004,3.0,0.0,2,20.0,80.0,mpc / perfect forecast
0.034482758620689655,726.7367766504377,1662.6445123405872,1662.6445123405872,687.910075955612,1775.5920242740924,8,False,0.012662146917442357,0.031217671096142215,3.0,0.0,2,20.0,80.0,mpc / perfect forecast
0.5517241379310345,46.9818313962771,40.64246641874584,74.65368153997588,318.2436582568212,2089.660614340204,5,False,0.012430712093373528,0.03334859596095648,3.0,0.0,2,20.0,80.0,mpc / perfect forecast
0.034482758620689655,958.5245004289129,2457.52798132777,2457.52798132777,172.10627013460885,2104.206657874427,4,False,0.012346138172295539,0.03096178564386112,3.0,0.0,2,20.0,80.0,mpc / perfect forecast
0.3103448275862069,62.08452070375911,87.4653300208586,120.90679087703937,231.49706651294835,2090.218723855244,5,False,0.013006877473876133,0.03107151492973867,3.0,0.0,2,20.0,80.0,mpc / perfect forecast
0.034482758620689655,1294.0134383454779,3086.1160273875107,3086.1160273875107,401.32025575369516,2036.335989191004,7,False,0.012112349151510588,0.03484121202382935,3.0,0.0,2,20.0,80.0,mpc / perfect forecast
0.05517241379310345,221.26269878550434,301.894079025282,325.23048977121493,289.3319007184145,2093.1863233810955,4,False,0.013285100790500583,0.032728992714848755,3.0,0.0,2,20.0,85.0,mpc / perfect forecast
0.8482758620689655,31.03216279749224,37.85434915215325,96.68463131906525,224.63300905539046,2091.2170639090295,6,False,0.013545075080155622,0.03450687322950909,3.0,0.0,2,20.0,85.0,mpc / perfect forecast
0.020689655172413793,1044.2188446335856,1679.5184473935578,1683.534486181671,88.58225312421774,2204.59506804498,2,False,0.011949464812320561,0.03578563714795829,3.0,0.0,2,20.0,85.0,mpc / perfect forecast
0.503448275862069,52.14966824359703,69.01459516884827,101.14983135990784,390.64305931717917,2089.1969489279277,5,False,0.01235980049714234,0.034563982403535025,3.0,0.0,2,20.0,85.0,mpc / perfect forecast
0.7586206896551724,58.232800296401635,240.35091386696809,240.35091386696809,502.54837605997693,2094.3966469851307,5,False,0.012380750545903658,0.03383388934045311,3.0,0.0,2,20.0,85.0,mpc / perfect forecast
0.12413793103448276,79.71759976942512,61.560302053512686,118.49478171228051,596.2996940824894,2090.953250489027,7,False,0.013668037748474072,0.03675976085541145,3.0,0.0,2,20.0,85.0,mpc / perfect forecast
0.05517241379310345,619.0851618136769,1606.0437431751134,1606.0437431751134,184.5743499198865,2000.3169605609507,4,False,0.013448648490410952,0.030929159502747525,3.0,0.0,2,20.0,90.0,mpc / perfect forecast
0.04827586206896552,466.5032118343484,1193.5083202738913,1193.5083202738913,274.98526237573975,1999.9998219698805,7,False,0.011776466609975462,0.027954445389182795,3.0,0.0,2,20.0,90.0,mpc / perfect forecast
0.04827586206896552,390.1350585524925,495.41579167834783,579.8876610018052,0.0,2179.4222169697296,0,False,0.013142577361632365,0.03456000729923964,3.0,0.0,2,20.0,90.0,mpc / perfect forecast
0.6206896551724138,43.41434966339094,32.76193190487165,89.37998486678983,684.5174563749168,1869.419770520879,8,False,0.013081134250704313,0.03705905012409049,3.0,0.0,2,20.0,90.0,mpc / perfect forecast
0.7655172413793103,34.36735447593878,74.25925452181535,74.25925452181535,250.5757940895167,2100.690955984952,3,False,0.011544090617607177,0.02825121350184471,3.0,0.0,2,20.0,90.0,mpc / perfect forecast
0.8206896551724138,30.658086614296366,63.318264926748654,63.318264926748654,106.49633433290792,2194.598150173075,2,False,0.012634250752587775,0.0355248804469403,3.0,0.0,2,20.0,90.0,mpc / perfect forecast
0.27586206896551724,506.96311069850816,1905.7026049794702,1905.7026049794702,487.79796960440154,2012.253567263303,6,False,0.011576849681677095,0.028865290440839176,3.0,0.0,2,25.0,70.0,mpc / perfect forecast
0.46206896551724136,256.3259504664021,1160.4963205946156,1160.4963205946156,380.0369973697408,2012.2580866649785,6,False,0.012823048549193316,0.03048261658242745,3.0,0.0,2,25.0,70.0,mpc / perfect forecast
0.020689655172413793,1576.7831190129396,3206.864283027498,3206.864283027498,40.068243528748326,2179.7632546742902,1,False,0.013149571368715347,0.030623829889694164,3.0,0.0,2,25.0,70.0,mpc / perfect forecast
0.7793103448275862,39.559450835397065,16.882075791339044,87.33851778781082,765.8565735472955,2062.89939711834,8,False,0.012013870282321442,0.03291988204973134,3.0,0.0,2,25.0,70.0,mpc / perfect forecast
0.041379310344827586,1221.6382139360833,3346.315416430679,3346.315416430679,697.8016611570214,2011.5110999231256,7,False,0.013617648857955864,0.03777136018838297,3.0,0.0,2,25.0,70.0,mpc / perfect forecast
0.020689655172413793,720.9139312447658,741.1877289734042,1126.8039526097393,720.4197419545729,2051.3585173843953,4,False,0.01251147772154834,0.03323918850720091,3.0,0.0,2,25.0,70.0,mpc / perfect forecast
0.013793103448275862,1422.5547263281146,2239.7677515536234,2239.7677515536234,375.5337591572289,2029.6020678962357,6,False,0.013324490761068423,0.0329055312170605,3.0,0.0,2,25.0,75.0,mpc / perfect forecast
0.013793103448275862,1741.9086564791348,3357.947016221806,3357.947016221806,517.612148151425,2053.3606305537533,8,False,0.011392454784578806,0.02799191755235758,3.0,0.0,2,25.0,75.0,mpc / perfect forecast
0.7103448275862069,48.08685359769612,88.31246141537233,92.13128576719762,167.36706736737207,2186.418059854594,3,False,0.012274704059990002,0.033214374976659626,3.0,0.0,2,25.0,75.0,mpc / perfect forecast
0.020689655172413793,610.836509292821,517.9158251175984,815.8361553059897,316.1654127470707,1883.5907870289755,1,False,0.013055419555089636,0.03286110951959465,3.0,0.0,2,25.0,75.0,mpc / perfect forecast
0.020689655172413793,426.89874797801747,148.37922685398036,623.3930200249399,131.73328127549487,2172.557773929206,2,False,0.01255630626375294,0.029153713194611665,3.0,0.0,2,25.0,75.0,mpc / perfect forecast
0.027586206896551724,1238.462528429895,2368.126115241428,2368.126115241428,159.53013917674818,2183.5705328495405,1,False,0.012610763222476765,0.03453327346753648,3.0,0.0,2,25.0,75.0,mpc / perfect forecast
0.35172413793103446,65.54707345475961,39.630574407089675,127.28474346398481,299.6965701059795,2181.0691473827983,4,False,0.012054454783116283,0.033628371156601965,3.0,0.0,2,25.0,80.0,mpc / perfect forecast
0.5241379310344828,49.88765692200003,46.69650763057959,98.83287526730271,520.962433137477,1971.6736044685388,7,False,0.012739951080675254,0.03181172277252417,3.0,0.0,2,25.0,80.0,mpc / perfect forecast
0.2,665.9797687168619,2154.391755152706,2154.391755152706,202.53389560136335,2099.573133804973,2,False,0.012456339193846947,0.03148150975679199,3.0,0.0,2,25.0,80.0,mpc / perfect forecast
0.020689655172413793,1249.1929289784493,2193.5319937675713,2193.5319937675713,354.37397281446704,2173.560514973235,1,False,0.013086474517502845,0.03486121582544451,3.0,0.0,2,25.0,80.0,mpc / perfect forecast
0.034482758620689655,1839.3338702708213,4674.561591928651,4674.561591928651,342.11384127711756,2016.570912803143,4,False,0.01211066248308643,0.03047981066561151,3.0,0.0,2,25.0,80.0,mpc / perfect forecast
0.034482758620689655,1003.9985574972821,2258.6159199602753,2258.6159199602753,409.5676843611367,2113.3891965018024,5,False,0.013429565381551227,0.03068664337781954,3.0,0.0,2,25.0,80.0,mpc / perfect forecast
0.027586206896551724,1108.248489495885,2423.067092021865,2423.067092021865,623.3485875199931,1992.0002549470082,6,False,0.012748872854000974,0.0319951764544349,3.0,0.0,2,25.0,85.0,mpc / perfect forecast
0.034482758620689655,199.02820118432186,74.7813100803824,333.66847469941587,297.50767437238534,2075.6582235973465,3,False,0.01320858104295691,0.03396406234951289,3.0,0.0,2,25.0,85.0,mpc / perfect forecast
0.08275862068965517,115.69938391898397,118.96325333033916,169.45103826188577,584.3897897939769,1933.1397639661386,6,False,0.012633676934322475,0.03614056810954214,3.0,0.0,2,25.0,85.0,mpc / perfect forecast
0.11724137931034483,731.7017142322451,2242.269129831355,2242.269129831355,205.98514962782926,2137.1252688395475,1,False,0.01354977607145426,0.034891496376820194,3.0,0.0,2,25.0,85.0,mpc / perfect forecast
0.020689655172413793,1604.268563027701,3412.2058519327297,3412.2058519327297,428.6725012865941,1974.636469057078,4,False,0.013056174371522816,0.03274194980449927,3.0,0.0,2,25.0,85.0,mpc / perfect forecast
0.041379310344827586,129.4690888189901,196.08604921974074,196.08604921974074,420.82331514099235,2082.6787809840703,9,False,0.012783689176212002,0.03465209613444435,3.0,0.0,2,25.0,85.0,mpc / perfect forecast
0.41379310344827586,53.78636247725,83.93991467252474,121.37107829024647,272.60227677344835,2079.218870071897,4,False,0.012841234992905985,0.03198539327832841,3.0,0.0,2,25.0,90.0,mpc / perfect forecast
0.41379310344827586,125.87079717220128,509.2916385117398,509.2916385117398,107.42327782645567,2188.8377500138868,4,False,0.012715027965728286,0.04369898185586857,3.0,0.0,2,25.0,90.0,mpc / perfect forecast
0.013793103448275862,2516.427270891731,3990.4047757514304,3990.4047757514304,405.3355009747068,2087.7755718508524,6,True,0.01198348004478487,0.03334204142638927,3.0,0.0,2,25.0,90.0,mpc / perfect forecast
0.027586206896551724,1371.225014858391,3013.8594625959804,3013.8594625959804,388.0121001334438,1987.1657838903855,7,False,0.0118265784247389,0.031314924157788214,3.0,0.0,2,25.0,90.0,mpc / perfect forecast
0.027586206896551724,1567.3247989300735,3817.555354734138,3817.555354734138,119.73570859864355,2124.1554060399226,2,False,0.013087588364161037,0.03775665669992726,3.0,0.0,2,25.0,90.0,mpc / perfect forecast
0.020689655172413793,515.8910634834078,458.1033783650138,670.8741504265116,2.1496432855874557,2169.6175100048476,1,False,0.011678899115119034,0.02698666572696466,3.0,0.0,2,25.0,90.0,mpc / perfect forecast
0.020689655172413793,735.1682185272473,322.02496476546395,1046.3916595167432,215.61403203499137,2154.832972863949,5,False,0.012152830696153485,0.02474829312653109,3.0,0.0,2,30.0,70.0,mpc / perfect forecast
0.027586206896551724,1053.8202674131583,1867.5735074096124,1867.5735074096124,128.98557189351237,2119.1509979369625,4,False,0.011425756129083873,0.031362505429078105,3.0,0.0,2,30.0,70.0,mpc / perfect forecast
0.13793103448275862,633.7369539114832,2172.624880590439,2172.624880590439,466.75179989357144,2016.0759249191124,3,False,0.011496627538621773,0.030487755545189874,3.0,0.0,2,30.0,70.0,mpc / perfect forecast
0.020689655172413793,1696.9895026098673,3752.6940525627833,3752.6940525627833,325.3180569864382,2065.7001982505653,2,False,0.01280521610500584,0.04438349306176462,3.0,0.0,2,30.0,70.0,mpc / perfect forecast
0.013793103448275862,1548.3950111409406,3230.991001729454,3230.991001729454,419.5677383833258,2174.068045298271,0,False,0.012163097951822991,0.04630599007869016,3.0,0.0,2,30.0,70.0,mpc / perfect forecast
0.15172413793103448,636.5849016231933,2174.8335550265333,2174.8335550265333,387.27563926980224,2016.0406121835222,3,False,0.011699335188399893,0.03213158696400688,3.0,0.0,2,30.0,70.0,mpc / perfect forecast
0.034482758620689655,188.17515574942828,319.23002890695165,343.10917196257856,450.6814535906238,1825.2690687184192,2,False,0.012251016632835414,0.028278031634159765,3.0,0.0,2,30.0,75.0,mpc / perfect forecast
0.020689655172413793,1140.7326796234938,1816.4971049936958,1816.4971049936958,270.85728948991823,1951.2281440068577,4,False,0.012673592338154538,0.03438818999788311,3.0,0.0,2,30.0,75.0,mpc / perfect forecast
0.020689655172413793,1197.702362642826,1482.5851570526481,1671.9072329663609,162.88029287845984,2033.5055105133763,1,False,0.012283891083632136,0.031384794142290506,3.0,0.0,2,30.0,75.0,mpc / perfect forecast
0.11724137931034483,686.5454689175139,2292.588961091682,2292.588961091682,283.07565392512663,2012.4412641982053,4,False,0.011793777205437367,0.030978014851709687,3.0,0.0,2,30.0,75.0,mpc / perfect forecast
0.020689655172413793,2087.4388334407804,4575.847105436211,4575.847105436211,120.51503976662909,2181.004407400312,2,False,0.011898213813993466,0.030691206372021516,3.0,0.0,2,30.0,75.0,mpc / perfect forecast
0.06896551724137931,176.9855388215623,362.045410378257,362.045410378257,396.302303215339,1994.3825523648827,5,False,0.013630835998819871,0.030336247778292396,3.0,0.0,2,30.0,75.0,mpc / perfect forecast
0.013793103448275862,2648.581767268902,4057.6900426104453,4057.6900426104453,279.6429439414479,1757.6285232406433,3,True,0.012473067070212,0.0350565949320672,3.0,0.0,2,30.0,80.0,mpc / perfect forecast
0.013793103448275862,2519.712667769185,4415.958509594554,4415.958509594554,328.6154412281288,2023.528603996217,1,True,0.0132964472997521,0.02910366248991996,3.0,0.0,2,30.0,80.0,mpc / perfect forecast
0.013793103448275862,2711.706923543265,4109.536252901385,4109.536252901385,55.04739880133898,1775.057285571361,1,True,0.013028989698523103,0.027724581726483837,3.0,0.0,2,30.0,80.0,mpc / perfect forecast
0.6137931034482759,45.20581983507003,52.082136037368386,81.44550842843118,401.4533522636323,1963.455661197323,5,False,0.012580461516590306,0.029498408899118363,3.0,0.0,2,30.0,80.0,mpc / perfect forecast
0.013793103448275862,1059.1800904939687,1208.8185468584436,1511.314392314799,182.69712791444408,2159.249492960968,2,False,0.013352460093610883,0.03451333997935119,3.0,0.0,2,30.0,80.0,mpc / perfect forecast
0.3310344827586207,219.63261295482076,40.891357120310786,476.1105851430424,611.0347971311804,1962.0286704755952,5,False,0.012878050714414292,0.03488487601650736,3.0,0.0,2,30.0,80.0,mpc / perfect forecast
0.4896551724137931,71.51634884505276,227.66217416926932,227.66217416926932,213.49167631278996,2175.7066261624955,3,False,0.013612835521410608,0.03974206866544863,3.0,0.0,2,30.0,85.0,mpc / perfect forecast
0.18620689655172415,152.83797438301227,33.55771428954444,293.4797223042504,198.1383962748468,2164.774448749205,2,False,0.013115319897994271,0.032530342231345766,3.0,0.0,2,30.0,85.0,mpc / perfect forecast
0.013793103448275862,2433.728042448333,3867.9664032032915,3867.9664032032915,143.94880821594626,2097.0819567729973,2,True,0.012846786443588417,0.03330711688288544,3.0,0.0,2,30.0,85.0,mpc / perfect forecast
0.5103448275862069,74.4854412930083,154.06135694275048,154.06135694275048,309.65148892520904,2061.8547207047136,5,False,0.012346626594248483,0.02824620492687882,3.0,0.0,2,30.0,85.0,mpc / perfect forecast
0.1103448275862069,313.993511222689,1064.357234351306,1064.357234351306,673.5010515439224,1855.9970609846214,5,False,0.011946117276855314,0.0301157959350771,3.0,0.0,2,30.0,85.0,mpc / perfect forecast
0.2620689655172414,79.04435443470861,166.04461131619627,166.6339236269401,282.8029521533573,1924.6475832216267,3,False,0.012713692403980433,0.02892578509103144,3.0,0.0,2,30.0,85.0,mpc / perfect forecast
0.013793103448275862,2273.564481524169,3768.844945916201,3768.844945916201,237.28604115992061,2018.4538413037976,1,True,0.01287175165736428,0.03378234215981832,3.0,0.0,2,30.0,90.0,mpc / perfect forecast
0.013793103448275862,2279.120322236762,3529.529742984627,3529.529742984627,357.15866324522403,1732.9697359126299,1,True,0.012873211586992008,0.03251217639504949,3.0,0.0,2,30.0,90.0,mpc / perfect forecast
0.013793103448275862,2160.2131147960445,3572.403168994868,3572.403168994868,298.24716174969694,2017.2600959073754,3,False,0.012520066225106997,0.038463169823325684,3.0,0.0,2,30.0,90.0,mpc / perfect forecast
0.013793103448275862,2595.234065543908,3766.3607216375176,3766.3607216375176,220.93171731264843,2176.7492200215215,2,True,0.013052382196147974,0.04367603028277958,3.0,0.0,2,30.0,90.0,mpc / perfect forecast
0.034482758620689655,1176.9978136966852,2770.929994759622,2770.929994759622,223.67817628600474,2134.79850344837,5,False,0.01252341486045373,0.04108357137983266,3.0,0.0,2,30.0,90.0,mpc / perfect forecast
0.13793103448275862,185.04203162205837,211.38450277325308,325.21305348701213,75.11048119636278,2165.3872125523862,0,False,0.01225761686974701,0.03371834252036211,3.0,0.0,2,30.0,90.0,mpc / perfect forecast
0.04827586206896552,627.2241456887718,1565.4475325887051,1565.4475325887051,17.200248488274156,2233.935254147653,0,False,0.0119121549497228,0.03047808301563767,3.0,0.0,3,10.0,70.0,hold
0.020689655172413793,886.9471329284236,1730.1579727717758,1730.1579727717758,24.650196182839657,2239.5170345679076,0,False,0.012455201433295041,0.03163464938626401,3.0,0.0,3,10.0,70.0,hold
0.020689655172413793,1032.647855404798,1988.6883460504318,1988.6883460504318,20.586557602233732,2247.4316466667074,0,False,0.012773252104281844,0.034783376634560687,3.0,0.0,3,10.0,70.0,hold
0.12413793103448276,153.7245333508765,295.3542082291164,317.756424635047,22.995403380637928,2234.9272096016953,0,False,0.011795289635306471,0.03367372139268098,3.0,0.0,3,10.0,70.0,hold
0.25517241379310346,389.61748425040724,1001.714052300894,1001.714052300894,22.82344580137308,2229.6513671540365,0,False,0.012770988841733135,0.03392191039324656,3.0,0.0,3,10.0,70.0,hold
0.020689655172413793,1291.7900829963828,2439.7184732055525,2439.7184732055525,16.330855466797242,2247.811035213572,0,False,0.013801605650809021,0.034858444308613554,3.0,0.0,3,10.0,70.0,hold
0.027586206896551724,1353.0287738725833,2799.991144313516,2799.991144313516,10.750805332805497,2243.992117064977,0,False,0.01278514832413738,0.037802702425938514,3.0,0.0,3,10.0,75.0,hold
0.041379310344827586,756.7385390644702,1580.237419360478,1580.237419360478,17.311351744934598,2244.012835245221,0,False,0.01338749582676741,0.030158038860054345,3.0,0.0,3,10.0,75.0,hold
0.2689655172413793,202.94587865360984,482.64695524440504,495.27593539356053,14.219669154105286,2240.617198329713,0,False,0.01185126325708759,0.03205285977155681,3.0,0.0,3,10.0,75.0,hold
0.04827586206896552,866.591999457215,1854.8275134623746,1854.8275134623746,21.01029093295107,2244.992509050504,0,False,0.013269355775047509,0.031265559491967514,3.0,0.0,3,10.0,75.0,hold
0.020689655172413793,693.2941507830665,1098.9926746300587,1098.9926746300587,12.666151353620144,2226.118442947476,0,False,0.013656296500904965,0.03395925550533669,3.0,0.0,3,10.0,75.0,hold
0.020689655172413793,860.656565883091,1379.6349330096014,1379.6349330096014,12.526637882232286,2228.5623173843223,0,False,0.012964566334135166,0.032903594929383856,3.0,0.0,3,10.0,75.0,hold
0.020689655172413793,1893.1353493188242,3696.225753587386,3696.225753587386,14.430758808802189,2260.7468918332015,0,False,0.011564208119994687,0.03980975555306718,3.0,0.0,3,10.0,80.0,hold
0.05517241379310345,979.0195769087591,2021.6968232960312,2021.6968232960312,20.662352708025818,2241.7331742953047,0,False,0.012274072750612064,0.03693038888396917,3.0,0.0,3,10.0,80.0,hold
0.22758620689655173,227.05402781975963,733.1246372531367,733.1246372531367,10.430377972907948,2223.0087491397685,0,False,0.012463340877269318,0.02924352989164784,3.0,0.0,3,10.0,80.0,hold
0.020689655172413793,1829.999565355554,3663.0292147814794,3663.0292147814794,14.303733426314665,2257.9140960096,0,False,0.013417463984890096,0.03442434312429244,3.0,0.0,3,10.0,80.0,hold
0.5724137931034483,66.45938532531507,253.7600826784908,253.7600826784908,23.54512340936557,2233.2542819968967,0,False,0.012914310657792282,0.03496973238472947,3.0,0.0,3,10.0,80.0,hold
0.034482758620689655,348.0856165420388,791.8153830846995,791.8153830846995,16.96670247071865,2215.5751139233853,0,False,0.011999112510019234,0.033098208791107545,3.0,0.0,3,10.0,80.0,hold
0.020689655172413793,1579.5215081978643,3082.04252847963,3082.04252847963,17.70616173884456,2254.3682740968266,0,False,0.012112493718612827,0.03292834751207067,3.0,0.0,3,10.0,85.0,hold
0.041379310344827586,671.783607523601,1217.1070255341479,1217.1070255341479,17.483681680170342,2235.243684494653,0,False,0.012490928100575976,0.03745209194342406,3.0,0.0,3,10.0,85.0,hold
0.06206896551724138,512.8820115925629,1228.8005461115515,1228.8005461115515,27.035591707434147,2229.926676211021,0,False,0.01226634117407789,0.030551359677164516,3.0,0.0,3,10.0,85.0,hold
0.15172413793103448,297.12929642308274,740.5614376708216,740.5614376708216,11.143627873029754,2230.995910234041,0,False,0.01286759204210694,0.037432651887977356,3.0,0.0,3,10.0,85.0,hold
0.1724137931034483,182.73131016386202,65.26688862497669,330.19079642509803,25.18390729062983,2218.465279112474,0,False,0.012409578019824228,0.03612899671585875,3.0,0.0,3,10.0,85.0,hold
0.33793103448275863,113.44902424375454,167.57760107905736,255.00412794771063,16.540800652630118,2224.7023153476794,0,False,0.01258370313275484,0.031449622133364295,3.0,0.0,3,10.0,85.0,hold
0.027586206896551724,798.7655100852764,1614.442960483214,1614.442960483214,24.30198045605156,2242.5087227597082,0,False,0.012072143827005978,0.03110360399122782,3.0,0.0,3,10.0,90.0,hold
0.041379310344827586,1120.003332423023,2227.866251064912,2227.866251064912,16.583157606089667,2239.6590432429402,0,False,0.01234882504670541,0.030930887826893478,3.0,0.0,3,10.0,90.0,hold
0.06896551724137931,230.57634959758423,394.2932817090004,394.2932817090004,12.808885955855304,2224.880113093989,0,False,0.011846230158600032,0.03141322428625695,3.0,0.0,3,10.0,90.0,hold
0.034482758620689655,898.2898429469412,1829.528534670128,1829.528534670128,20.716092477216524,2234.1354061760567,0,False,0.011589109036523564,0.030481780485285662,3.0,0.0,3,10.0,90.0,hold
0.05517241379310345,198.3767357609381,601.5187972377523,601.5187972377523,17.701788843187007,2227.0792801464913,0,False,0.012087856748489475,0.03312906083950514,3.0,0.0,3,10.0,90.0,hold
0.06896551724137931,773.1746606252908,1454.7515641988834,1454.7515641988834,18.823795337385356,2237.543180731536,0,False,0.011874236572325999,0.02976939523772649,3.0,0.0,3,10.0,90.0,hold
0.0896551724137931,471.7441473784795,1137.081973067832,1137.081973067832,12.83087905901904,2240.6249854091843,0,False,0.011726567973182363,0.036334689884901836,3.0,0.0,3,15.0,70.0,hold
0.034482758620689655,1003.7223685278092,2015.886350353818,2015.886350353818,26.08208461267258,2206.3926223739554,0,False,0.01274449526198354,0.0390685583675269,3.0,0.0,3,15.0,70.0,hold
0.04827586206896552,570.109323533863,1220.0613383780128,1220.0613383780128,9.45944855161759,2231.843517109418,0,False,0.0129066992872428,0.03646305211560322,3.0,0.0,3,15.0,70.0,hold
0.041379310344827586,423.2464349413564,606.6597125102055,608.2146914954994,23.215484153069998,2217.5292425692583,0,False,0.012454609851024036,0.03167377360340098,3.0,0.0,3,15.0,70.0,hold
0.041379310344827586,495.90414313705054,719.8241016520456,719.8241016520456,31.95790832105225,2214.579233955904,0,False,0.011811723347598594,0.030333597570372264,3.0,0.0,3,15.0,70.0,hold
0.06206896551724138,627.2755595132027,1421.592329190446,1421.592329190446,17.2429905790221,2244.119672765128,0,False,0.012595718342247668,0.032571687229324915,3.0,0.0,3,15.0,70.0,hold
0.05517241379310345,521.4447041997333,814.0577709437468,842.0773010396342,28.077007226628265,2217.9189716218966,0,False,0.012261589516802618,0.03241930540749968,3.0,0.0,3,15.0,75.0,hold
0.1310344827586207,597.5359165945852,1540.6423198686741,1540.6423198686741,23.13997613834305,2192.444551298467,0,False,0.01360384839831066,0.0409166553126793,3.0,0.0,3,15.0,75.0,hold
0.027586206896551724,1174.3422743578824,2411.25589199048,2411.25589199048,25.253890840426415,2205.1918062491995,0,False,0.012670503465034523,0.029258090695699377,3.0,0.0,3,15.0,75.0,hold
0.034482758620689655,275.3891970805631,339.55963744913504,364.8518739193443,18.38672170577304,2218.774823750292,0,False,0.012293748648035471,0.029791662354374016,3.0,0.0,3,15.0,75.0,hold
0.1793103448275862,104.6102437632414,123.93359163914496,209.76637109118772,19.71442946962776,2212.3758037234575,0,False,0.012249259117167448,0.03697167155973796,3.0,0.0,3,15.0,75.0,hold
0.020689655172413793,948.9077927182286,1558.617189670861,1558.617189670861,21.478661627696503,2200.2310041677515,0,False,0.011521454488894382,0.03830323050524986,3.0,0.0,3,15.0,75.0,hold
0.08275862068965517,247.26992645640547,361.31941015792455,382.19394022052194,24.660238483566932,2219.7678593990254,0,False,0.012964506269107135,0.036503300167593206,3.0,0.0,3,15.0,80.0,hold
0.1310344827586207,172.16416788396268,508.2816850344649,508.2816850344649,12.80042491935702,2228.8469649017065,0,False,0.012152286420060799,0.036145704806151605,3.0,0.0,3,15.0,80.0,hold
0.041379310344827586,301.0311008573923,173.01164102951435,490.42190016810656,20.241494862406775,2214.422518152834,0,False,0.012575471184893591,0.031029695372645685,3.0,0.0,3,15.0,80.0,hold
0.04827586206896552,439.10326526497795,730.1152428016724,730.1152428016724,15.214730424035514,2220.64735785265,0,False,0.012402795032523308,0.031163462281099157,3.0,0.0,3,15.0,80.0,hold
0.06896551724137931,265.12182188428346,558.1078605515575,558.1078605515575,21.308035803188222,2224.952481580155,0,False,0.012072469360692244,0.04080299675060241,3.0,0.0,3,15.0,80.0,hold
0.07586206896551724,275.50925423275476,584.3130430910568,584.3130430910568,16.325661134910263,2240.318579651315,0,False,0.01383025502278083,0.03229038496312918,3.0,0.0,3,15.0,80.0,hold
0.020689655172413793,859.4645177077643,1367.0444681149947,1367.0444681149947,14.654789168543019,2201.976779678318,0,False,0.0127130118255482,0.038066476158048305,3.0,0.0,3,15.0,85.0,hold
0.027586206896551724,668.8635017369735,911.388089744861,1045.1029966295625,22.037258753411674,2207.077282567327,0,False,0.01176065079203182,0.03265554899899394,3.0,0.0,3,15.0,85.0,hold
0.0896551724137931,314.8430084652512,786.246071566073,786.246071566073,18.632716570702158,2231.7258246731726,0,False,0.012699326418311008,0.03415586618483909,3.0,0.0,3,15.0,85.0,hold
0.1793103448275862,331.45149402496986,922.5680846065108,922.5680846065108,17.08728822140418,2201.8092415081346,0,False,0.012428225233793439,0.03193317513589905,3.0,0.0,3,15.0,85.0,hold
0.12413793103448276,188.01217414489525,494.8475535255372,494.8475535255372,17.376522937737008,2228.8771941837936,0,False,0.011684743772130489,0.033671620254055186,3.0,0.0,3,15.0,85.0,hold
0.027586206896551724,1189.8875052541962,2199.97450713514,2199.97450713514,1.2343067528443115,2208.2196526959383,0,False,0.01186662361241162,0.03290004112418889,3.0,0.0,3,15.0,85.0,hold
0.04827586206896552,812.7048251493017,1844.0726423917015,1844.0726423917015,16.56632146381251,2247.7603584305034,0,False,0.013686909228944543,0.03890986441216558,3.0,0.0,3,15.0,90.0,hold
0.10344827586206896,235.4692248368987,614.295388380982,614.295388380982,16.342726334778675,2238.415856152886,0,False,0.013657295595051522,0.03591416577750831,3.0,0.0,3,15.0,90.0,hold
0.3793103448275862,69.04090525798951,152.5985206834483,152.5985206834483,10.941057399952218,2219.0912457354266,0,False,0.012286536676067454,0.03313035565678432,3.0,0.0,3,15.0,90.0,hold
0.041379310344827586,477.2841514905943,991.2842711821147,991.2842711821147,25.253564098159817,2239.98457431012,0,False,0.01339219556074163,0.03273595682793961,3.0,0.0,3,15.0,90.0,hold
0.034482758620689655,755.485524067716,1526.6250376834441,1526.6250376834441,5.885205599196158,2238.8278522685705,0,False,0.012261645969140561,0.03267493016160949,3.0,0.0,3,15.0,90.0,hold
0.041379310344827586,787.0060114552576,1660.353726044129,1660.353726044129,17.23811956303322,2209.4062759324497,0,False,0.012894685525675095,0.03532208299773797,3.0,0.0,3,15.0,90.0,hold
0.04827586206896552,366.6103805320432,548.7712768234553,576.6747188781694,12.609616296022864,2201.0761939639274,0,False,0.011371148126281896,0.026957430124899068,3.0,0.0,3,20.0,70.0,hold
0.1793103448275862,121.66884818172016,237.97288387374613,237.97288387374613,13.620934412934625,2235.789218610364,0,False,0.012244506950390482,0.031212304582869634,3.0,0.0,3,20.0,70.0,hold
0.041379310344827586,479.111631994374,817.5950032540071,822.2553420165091,12.961047005518266,2220.9032104755715,0,False,0.012737114077965125,0.029090417346786215,3.0,0.0,3,20.0,70.0,hold
0.27586206896551724,125.33449575087376,341.51929938120054,341.51929938120054,13.661569257539796,2213.420274345698,0,False,0.012421919251480274,0.03251470209191169,3.0,0.0,3,20.0,70.0,hold
0.041379310344827586,857.1395082282748,1863.3234462572284,1863.3234462572284,18.95344109754337,2200.7342354144816,0,False,0.012846438876045665,0.03477213120930443,3.0,0.0,3,20.0,70.0,hold
0.041379310344827586,616.7384526485525,1316.1745014317385,1316.1745014317385,23.721390452964624,2209.3441259241195,0,False,0.012595826815054917,0.03749808954998846,3.0,0.0,3,20.0,70.0,hold
0.07586206896551724,281.4862919243182,603.3675350717675,603.3675350717675,13.43517923180632,2243.270527839655,0,False,0.01104810549362198,0.02801437026178959,3.0,0.0,3,20.0,75.0,hold
0.06896551724137931,389.023341997678,707.9906064913793,707.9906064913793,18.097304869262242,2239.4274530139755,0,False,0.012596032912747345,0.03604071464389683,3.0,0.0,3,20.0,75.0,hold
0.2413793103448276,211.11182089025522,697.9959309074392,697.9959309074392,7.768874642673577,2243.378613921425,0,False,0.013007059674210536,0.035182183355505846,3.0,0.0,3,20.0,75.0,hold
0.06896551724137931,298.2015975069113,467.55269216554746,467.55269216554746,15.184515608399158,2216.2432208447594,0,False,0.012391289059704883,0.034524876432786324,3.0,0.0,3,20.0,75.0,hold
0.027586206896551724,701.8387044362079,1158.0942803112139,1158.0942803112139,19.275916525197545,2213.7965314574435,0,False,0.013520893680085733,0.03155760997679005,3.0,0.0,3,20.0,75.0,hold
0.09655172413793103,232.65248457397428,559.0869872250038,559.0869872250038,20.84691255393644,2212.544833665876,0,False,0.012956337189289483,0.031523593044864094,3.0,0.0,3,20.0,75.0,hold
0.027586206896551724,698.3186677901865,1171.1980229341798,1171.1980229341798,21.969031117593136,2210.792526435463,0,False,0.01298907251726242,0.03506320642368448,3.0,0.0,3,20.0,80.0,hold
0.034482758620689655,662.5809522241484,1201.6703863347454,1201.6703863347454,13.230126883844399,2221.888331353204,0,False,0.01266214691597973,0.031217670463108128,3.0,0.0,3,20.0,80.0,hold
0.04827586206896552,344.5715428275443,681.9736337446883,681.9736337446883,22.3684147871237,2218.762717027919,0,False,0.012430712083593148,0.033348596171979134,3.0,0.0,3,20.0,80.0,hold
0.04827586206896552,352.9341546394154,682.6290154930834,682.6290154930834,26.380124614510724,2221.9381706294785,0,False,0.012346138214967176,0.03096177832426277,3.0,0.0,3,20.0,80.0,hold
0.027586206896551724,389.36780116356294,543.5531495786049,555.2742595704532,22.405410154893207,2224.658745265381,0,False,0.01300687749203695,0.031071514850127026,3.0,0.0,3,20.0,80.0,hold
0.020689655172413793,473.2568702463755,738.9768285416591,738.9768285416591,15.434462186587753,2223.442601947345,0,False,0.012112349156237124,0.03484121294748691,3.0,0.0,3,20.0,80.0,hold
0.10344827586206896,339.1353442544324,575.4313693159925,575.4313693159925,13.87124448351016,2222.0845525411814,0,False,0.013285100759826154,0.0327289905482792,3.0,0.0,3,20.0,85.0,hold
0.034482758620689655,425.76807038191936,398.3992610685563,580.6202600798931,18.271468766969676,2200.0002738287144,0,False,0.01354507507587599,0.03450687325176642,3.0,0.0,3,20.0,85.0,hold
0.05517241379310345,191.09436666986124,343.1191949052162,343.1191949052162,17.755185657344793,2208.2171445909403,0,False,0.011949464855019805,0.0357856344049453,3.0,0.0,3,20.0,85.0,hold
0.3793103448275862,115.90632949306877,390.91374977878905,390.91374977878905,17.203295001477986,2238.5322140488884,0,False,0.01235980049147454,0.03456398198686125,3.0,0.0,3,20.0,85.0,hold
0.027586206896551724,456.46067536453995,695.7186498943109,722.5647801366381,21.923686414322805,2212.336323683937,0,False,0.012380750553496751,0.033833889344290595,3.0,0.0,3,20.0,85.0,hold
0.020689655172413793,854.08012253307,1200.462076485402,1221.8644261982572,21.090772020810554,2210.8008002157812,0,False,0.013668037768669778,0.036759761510030894,3.0,0.0,3,20.0,85.0,hold
0.041379310344827586,731.61315451201,1317.9080920949468,1317.9080920949468,13.986393525151549,2210.763224795287,0,False,0.013448648466312104,0.030929159691743754,3.0,0.0,3,20.0,90.0,hold
0.06206896551724138,442.48920311943544,956.2331209817993,956.2331209817993,3.8952565130282166,2244.233333863163,0,False,0.011776466643420413,0.02795444506706758,3.0,0.0,3,20.0,90.0,hold
0.04827586206896552,546.0200274407206,1136.4243733857206,1136.4243733857206,5.705777623983939,2249.7211772170367,0,False,0.013142577352556698,0.03456000736084265,3.0,0.0,3,20.0,90.0,hold
0.034482758620689655,333.64571235344533,849.1295138354659,849.1295138354659,12.03750936856316,2223.0758576481976,0,False,0.013081134249680505,0.037059050123556106,3.0,0.0,3,20.0,90.0,hold
0.034482758620689655,674.454715439996,1451.6875028700467,1451.6875028700467,15.447837789153402,2207.067383478558,0,False,0.011544090611273409,0.028251213351133578,3.0,0.0,3,20.0,90.0,hold
0.027586206896551724,824.5724666768334,1759.9211375423622,1759.9211375423622,13.269540864761995,2209.532536748113,0,False,0.012634250752323087,0.03552487993371311,3.0,0.0,3,20.0,90.0,hold
0.06206896551724138,333.8039022972646,518.7945904603207,566.8954884007607,13.975902881853143,2214.4499921169736,0,False,0.011576849654309444,0.02886528919795158,3.0,0.0,3,25.0,70.0,hold
0.041379310344827586,277.24378344245287,431.8849114818819,437.4071935388371,14.584001336432799,2234.0940518908146,0,False,0.012823048534601453,0.03048261596668705,3.0,0.0,3,25.0,70.0,hold
0.034482758620689655,554.6440582939268,853.7252957172382,853.7252957172382,7.790903412732862,2215.1283547358835,0,False,0.013149571332153972,0.030623830013803297,3.0,0.0,3,25.0,70.0,hold
0.020689655172413793,1250.1711237936252,2299.2918801377696,2299.2918801377696,18.04770035251113,2206.516552436012,0,False,0.012013870288565808,0.03291988204825609,3.0,0.0,3,25.0,70.0,hold
0.034482758620689655,605.9249409056328,1013.466218938744,1013.466218938744,15.76668821776112,2242.7372986569403,0,False,0.013617648815010633,0.03777135909897353,3.0,0.0,3,25.0,70.0,hold
0.18620689655172415,162.61550357665791,275.77018956330113,299.79534434858226,18.386042329242358,2195.0555866482405,0,False,0.012511477740321351,0.033239188623560983,3.0,0.0,3,25.0,70.0,hold
0.1103448275862069,122.7107794762651,155.62939322073592,175.84467850652436,13.323816192314807,2209.509880273945,0,False,0.013324490703912778,0.03290553207300391,3.0,0.0,3,25.0,75.0,hold
0.034482758620689655,498.7287647305532,991.1684314650779,991.1684314650779,11.974517229854925,2235.304403598688,0,False,0.011392454816973088,0.027991918934241033,3.0,0.0,3,25.0,75.0,hold
0.027586206896551724,730.9383948222004,1178.9092659704474,1182.8910720210213,13.606279172941163,2228.955407018405,0,False,0.01227470408020577,0.03321437589173329,3.0,0.0,3,25.0,75.0,hold
0.041379310344827586,194.8484969568173,371.1409725941608,371.1409725941608,19.20663716019299,2215.2378292069943,0,False,0.013055419545052993,0.032861109736603514,3.0,0.0,3,25.0,75.0,hold
0.034482758620689655,988.2035725982902,1867.9336227117585,1867.9336227117585,9.737067815917607,2201.918960053268,0,False,0.012556306249369707,0.029153714328704172,3.0,0.0,3,25.0,75.0,hold
0.034482758620689655,468.7582337654771,671.5478954227681,694.9216729457221,7.2889173578309485,2222.3629030896354,0,False,0.012610763231526646,0.03453327277263608,3.0,0.0,3,25.0,75.0,hold
0.027586206896551724,653.3609724268205,1136.595724028599,1136.595724028599,21.319632067291177,2209.0638073736363,0,False,0.012054454781101452,0.033628371818461275,3.0,0.0,3,25.0,80.0,hold
0.034482758620689655,622.3702176467821,1043.5376111131966,1043.5376111131966,13.725188017006845,2216.9964268753884,0,False,0.012739951092306256,0.031811724152684025,3.0,0.0,3,25.0,80.0,hold
0.020689655172413793,745.683520738171,1093.4827489661322,1097.6993249696375,4.782704775179976,2218.880915517997,0,False,0.012456339187610507,0.03148150955904202,3.0,0.0,3,25.0,80.0,hold
0.020689655172413793,849.5947511263289,1307.9791902659151,1307.9791902659151,10.974223122731196,2213.0197353717836,0,False,0.013086474510719696,0.034861215455334625,3.0,0.0,3,25.0,80.0,hold
0.08275862068965517,322.3658535001598,414.0763593482491,527.4309044113154,20.724322951163384,2196.771503460436,0,False,0.012110662478760725,0.030479810880856162,3.0,0.0,3,25.0,80.0,hold
0.020689655172413793,1192.4466171545428,2293.2724565165545,2293.2724565165545,28.265164462892336,2204.364380099538,0,False,0.01342956537463146,0.030686643379961777,3.0,0.0,3,25.0,80.0,hold
0.06896551724137931,246.04104855070943,414.39585989514364,414.39585989514364,12.235891054015184,2236.640924841131,0,False,0.012748872820459526,0.03199517512098402,3.0,0.0,3,25.0,85.0,hold
0.034482758620689655,851.2264738209336,1732.2416453200592,1732.2416453200592,12.797877020239715,2182.7077978634916,0,False,0.013208581052441992,0.03396406235416788,3.0,0.0,3,25.0,85.0,hold
0.034482758620689655,241.43968311295401,405.5775754685873,405.5775754685873,19.948179549033075,2203.6545553794517,0,False,0.012633676935275721,0.03614056842871344,3.0,0.0,3,25.0,85.0,hold
0.30344827586206896,118.89837120784364,294.0907473638419,294.0907473638419,14.118285145974411,2216.0963406561946,0,False,0.013549776027163006,0.03489149440839951,3.0,0.0,3,25.0,85.0,hold
0.020689655172413793,1120.1312373802155,2098.632747507181,2098.632747507181,11.925794544883155,2206.8689093024277,0,False,0.013056174333225215,0.03274195655333057,3.0,0.0,3,25.0,85.0,hold
0.027586206896551724,671.6659184905518,1075.9785703941639,1075.9785703941639,12.008848272254621,2215.978179178996,0,False,0.012783689187921747,0.03465209543062309,3.0,0.0,3,25.0,85.0,hold
0.027586206896551724,884.4213436738609,1606.153277964784,1606.153277964784,10.807050347674796,2211.011327605707,0,False,0.012841234997762258,0.031985394350989856,3.0,0.0,3,25.0,90.0,hold
0.3103448275862069,174.88918492543695,476.6967774544651,476.6967774544651,11.741922339766132,2215.836626758306,0,False,0.012715027952643171,0.04369898149128886,3.0,0.0,3,25.0,90.0,hold
0.027586206896551724,738.8829812151658,1442.9267289735283,1442.9267289735283,11.249989712344941,2209.0011817236573,0,False,0.011983480209159906,0.03334204142638927,3.0,0.0,3,25.0,90.0,hold
0.13793103448275862,261.04604900565573,389.846789852768,471.11269048122927,14.011031615488026,2199.2172742128987,0,False,0.01182657847623173,0.031314925959517924,3.0,0.0,3,25.0,90.0,hold
0.06896551724137931,301.1223611284367,807.651090654606,807.651090654606,14.320258511187133,2203.3836198814365,0,False,0.013087588338791806,0.03775665771847452,3.0,0.0,3,25.0,90.0,hold
0.10344827586206896,299.6042918019884,555.3205239544897,555.3205239544897,5.658120043859309,2231.7701510580455,0,False,0.01167889911884093,0.026986665748950266,3.0,0.0,3,25.0,90.0,hold
0.020689655172413793,1478.8162203777406,3172.0615804822,3172.0615804822,10.820075248043468,2200.116967497317,0,True,0.012152830628074391,0.024748289585940664,3.0,0.0,3,30.0,70.0,hold
0.027586206896551724,1137.1123007957726,1744.10703551547,1744.10703551547,23.971659435831643,2210.9621967235767,0,False,0.011425756172567168,0.03136250903404291,3.0,0.0,3,30.0,70.0,hold
0.020689655172413793,1631.1573709998572,2889.268965021094,2889.268965021094,7.931847215075955,2194.754337722777,0,True,0.011496627534556011,0.03048775554163891,3.0,0.0,3,30.0,70.0,hold
0.020689655172413793,1256.0177853206394,2491.401363400715,2491.401363400715,20.331788024267077,2222.257654539149,0,False,0.012805216083768046,0.04438349262792944,3.0,0.0,3,30.0,70.0,hold
0.013793103448275862,993.8865443328332,1617.7871576944315,1617.7871576944315,18.048880218887,2212.1907435756625,0,False,0.012163097962354322,0.04630599017013279,3.0,0.0,3,30.0,70.0,hold
0.020689655172413793,1425.999312620777,2919.2332288716625,2919.2332288716625,10.41576194665777,2198.333134405045,0,False,0.011699335186822203,0.03213158786433067,3.0,0.0,3,30.0,70.0,hold
0.027586206896551724,1213.855254627981,2382.7325866883434,2382.7325866883434,12.063394297596199,2193.4900595184486,0,False,0.012251016629918463,0.028278031393818445,3.0,0.0,3,30.0,75.0,hold
0.04827586206896552,371.1570934376936,783.0802851178876,783.0802851178876,4.54622271468157,2224.645128468623,0,False,0.012673592348374245,0.03438819004027003,3.0,0.0,3,30.0,75.0,hold
0.07586206896551724,203.56009462205512,474.1494296862215,474.1494296862215,6.595144246213731,2223.847407807588,0,False,0.012283891077036044,0.031384794138890025,3.0,0.0,3,30.0,75.0,hold
0.027586206896551724,812.3934228595432,1629.011888957886,1629.011888957886,12.07413771500978,2196.0898552229314,0,False,0.011793777166209352,0.03097801151879932,3.0,0.0,3,30.0,75.0,hold
0.013793103448275862,1978.948951780935,3213.498683608709,3213.498683608709,9.727901269936618,2178.2430294583255,0,False,0.011898213824273307,0.030691209015702558,3.0,0.0,3,30.0,75.0,hold
0.020689655172413793,1275.238677680301,2092.6255091057133,2092.6255091057133,14.998929282411241,2218.1989080676894,0,False,0.013630835995973948,0.030336247007161466,3.0,0.0,3,30.0,75.0,hold
0.020689655172413793,1364.5467977212172,2745.2923632888924,2745.2923632888924,11.804684717197741,2221.73615799222,0,False,0.01247306695965995,0.03505659443899579,3.0,0.0,3,30.0,80.0,hold
0.05517241379310345,166.26313746077201,262.6361208810982,262.6361208810982,13.734267824910907,2203.0081836682875,0,False,0.013296447272258377,0.029103664688152422,3.0,0.0,3,30.0,80.0,hold
0.020689655172413793,883.6405887013933,1360.1369267227597,1360.1369267227597,15.070790131699018,2207.741719044178,0,False,0.013028989613475608,0.027724585928258407,3.0,0.0,3,30.0,80.0,hold
0.11724137931034483,438.1349172445824,1249.249447187975,1249.249447187975,12.477195092872817,2199.9838290675725,0,False,0.012580461523506344,0.029498410166401885,3.0,0.0,3,30.0,80.0,hold
0.027586206896551724,376.65712683338273,227.48503493852732,601.9914768301117,16.554291114156165,2234.6658427595275,0,False,0.013352460077521553,0.03451333749016647,3.0,0.0,3,30.0,80.0,hold
0.041379310344827586,529.6138767675529,1141.9216650554595,1141.9216650554595,17.235734381489266,2208.226437304077,0,False,0.012878050711214442,0.03488487503493202,3.0,0.0,3,30.0,80.0,hold
0.034482758620689655,852.2738007201306,2082.7076248848075,2082.7076248848075,16.714598573783082,2192.407480328502,0,False,0.013612835524896992,0.039742067364843654,3.0,0.0,3,30.0,85.0,hold
0.013793103448275862,1348.1581108761272,2673.4597822653936,2673.4597822653936,18.712688315226735,2197.3482853848923,0,False,0.013115319899241664,0.03253034190495621,3.0,0.0,3,30.0,85.0,hold
0.027586206896551724,854.2089639922413,1468.3869428938892,1481.0526409206961,11.353988982291728,2192.9146499839258,0,False,0.012846786419665,0.03330711912055364,3.0,0.0,3,30.0,85.0,hold
0.041379310344827586,560.0711990752224,931.384454783707,931.384454783707,13.196433252274344,2209.6584832336816,0,False,0.012346626587953121,0.02824620506062024,3.0,0.0,3,30.0,85.0,hold
0.027586206896551724,1150.1673373934607,2291.3748533185617,2291.3748533185617,23.398483149975913,2202.1061270524274,0,False,0.01194611727739355,0.03011579569533294,3.0,0.0,3,30.0,85.0,hold
0.36551724137931035,126.22402130238356,466.8133930666469,466.8133930666469,22.06562503210082,2203.7029046151056,0,False,0.012713692391841535,0.028925784987966743,3.0,0.0,3,30.0,85.0,hold
0.41379310344827586,156.45269411983438,481.0074037289228,481.0074037289228,15.024156055439063,2209.59222798516,0,False,0.01287175174466963,0.03378234700866947,3.0,0.0,3,30.0,90.0,hold
0.04827586206896552,411.87434046227526,1069.3847013749385,1069.3847013749385,8.3367700279662,2198.761147840052,0,False,0.012873211519323254,0.03251217692510647,3.0,0.0,3,30.0,90.0,hold
0.013793103448275862,2151.4757532620515,3321.2094895407076,3331.914627787223,31.537992820745902,2183.2861648365215,0,False,0.012520066205903678,0.038463169812948596,3.0,0.0,3,30.0,90.0,hold
0.06206896551724138,835.0312353463714,1635.5378574464853,1635.5378574464853,15.619018095938907,2200.007989169131,0,True,0.01305238218677738,0.04367603038129516,3.0,0.0,3,30.0,90.0,hold
0.04827586206896552,557.2284067358818,760.0530992617308,841.3042111741847,13.872395039900624,2213.617871503071,0,False,0.01252341485017801,0.04108357139973773,3.0,0.0,3,30.0,90.0,hold
0.034482758620689655,765.7911270890776,1169.9610142522777,1169.9610142522777,11.926547199934536,2211.2271055786073,0,False,0.012257616881244323,0.03371834259516644,3.0,0.0,3,30.0,90.0,hold
0.7655172413793103,40.16680642585269,106.71610393172786,112.5909894007118,310.07561865823766,2128.3354715163928,7,False,0.011912154957553402,0.030478082960661616,3.0,0.0,3,10.0,70.0,mpc / perfect forecast
0.2413793103448276,82.7716187027185,167.91116181199305,167.91116181199305,310.8062649283001,2129.200799030421,5,False,0.012455201428854706,0.03163464918804464,3.0,0.0,3,10.0,70.0,mpc / perfect forecast
0.5103448275862069,55.14519388900599,92.49885749878747,106.26566464783781,297.29054196009207,2136.8094394352097,7,False,0.012773252104238502,0.03478337692891084,3.0,0.0,3,10.0,70.0,mpc / perfect forecast
0.12413793103448276,125.63096020755214,179.97719709674254,264.74037905181154,386.57768662608146,2143.9011614007572,8,False,0.011795289634180313,0.033673721386426915,3.0,0.0,3,10.0,70.0,mpc / perfect forecast
0.6620689655172414,39.29562808616707,76.32538221948039,87.71742492031011,276.48346870221764,2122.000545786654,6,False,0.012770988845634988,0.03392191039372423,3.0,0.0,3,10.0,70.0,mpc / perfect forecast
0.027586206896551724,110.33369752026975,93.88148734281118,166.8297643175298,307.9315585690533,2128.2338536398765,5,False,0.013801605648904923,0.03485844461637805,3.0,0.0,3,10.0,70.0,mpc / perfect forecast
0.034482758620689655,219.386241858275,157.50295716920718,303.4326460072412,98.03638822264239,2141.791291839168,2,False,0.012785148324816135,0.037802702425938514,3.0,0.0,3,10.0,75.0,mpc / perfect forecast
0.041379310344827586,164.1043726602096,97.65417050318912,272.3009408483738,192.29341765119847,2232.3880925468466,5,False,0.013387495855085632,0.030158039709389673,3.0,0.0,3,10.0,75.0,mpc / perfect forecast
0.2482758620689655,93.17860365781026,212.61532686173157,219.27085739799446,303.1492177784208,2146.108011513232,6,False,0.011851263259759237,0.03205285981214588,3.0,0.0,3,10.0,75.0,mpc / perfect forecast
0.6344827586206897,45.49320439528417,111.05314557318394,111.05314557318394,381.9410050714806,2145.883044214808,9,False,0.013269355769032593,0.03126555911361253,3.0,0.0,3,10.0,75.0,mpc / perfect forecast
0.1310344827586207,99.08380193137384,153.54312586260443,156.14851321200157,617.6860484599134,2019.1868266117817,9,False,0.01365629650708893,0.03395925504738696,3.0,0.0,3,10.0,75.0,mpc / perfect forecast
0.15172413793103448,124.32387456792515,116.49425919224635,222.933534154295,604.1114035280177,2119.8677815382407,8,False,0.012964566349527355,0.03290359535326376,3.0,0.0,3,10.0,75.0,mpc / perfect forecast
0.09655172413793103,128.5415421926632,281.7370297980477,281.7370297980477,387.7386120489119,2050.87451967244,7,False,0.011564208112498423,0.039809755563709436,3.0,0.0,3,10.0,80.0,mpc / perfect forecast
0.4068965517241379,68.41294795530615,45.44194256393049,136.9338529176089,309.5529648146837,2132.615934624906,7,False,0.012274072748189488,0.03693038894861303,3.0,0.0,3,10.0,80.0,mpc / perfect forecast
0.32413793103448274,63.74141007312662,83.95196034773824,121.85756866383016,117.99399035943544,2221.6862229456915,3,False,0.012463340874971208,0.029243529652909817,3.0,0.0,3,10.0,80.0,mpc / perfect forecast
0.18620689655172415,95.86197674695094,163.21274392504543,163.21274392504543,190.71865789229878,2145.3201896370538,3,False,0.013417463973685366,0.034424343128436716,3.0,0.0,3,10.0,80.0,mpc / perfect forecast
0.6551724137931034,40.943899897197,30.49143937187694,97.21917589484549,315.5527996307109,2136.70386287112,7,False,0.012914310657197201,0.034969732452591856,3.0,0.0,3,10.0,80.0,mpc / perfect forecast
0.04827586206896552,93.72115676409129,46.915897897221384,131.53620899845123,356.39016341838465,2123.3821871047007,4,False,0.011999112511572107,0.03309820896482456,3.0,0.0,3,10.0,80.0,mpc / perfect forecast
0.4068965517241379,92.7578324325578,121.50940697631624,216.63480172541253,197.94988145458444,2136.7366017507234,5,False,0.012112493730446407,0.032928347513396176,3.0,0.0,3,10.0,85.0,mpc / perfect forecast
0.33793103448275863,54.472763899390934,14.60120485428885,89.79851061021259,223.75083819206444,2125.1874471510596,4,False,0.012490928110097384,0.03745209198666985,3.0,0.0,3,10.0,85.0,mpc / perfect forecast
0.6344827586206897,45.46304200187497,40.556799182098665,107.5235590064461,326.26473924964495,2127.0985697539945,7,False,0.012266341175270238,0.03055136023690373,3.0,0.0,3,10.0,85.0,mpc / perfect forecast
0.9103448275862069,27.72396481990028,40.4930287074484,58.099327303628016,312.7497302055957,2024.0795175973726,6,False,0.012867592042640241,0.037432651922790446,3.0,0.0,3,10.0,85.0,mpc / perfect forecast
0.16551724137931034,80.18403291872544,74.079150951166,137.76630451584865,282.8696607520363,2122.315736962768,3,False,0.012409578017953834,0.036128996743091446,3.0,0.0,3,10.0,85.0,mpc / perfect forecast
0.8758620689655172,29.56701200519808,8.333421031981125,60.12014191820481,523.4038609420112,1925.5963643894581,7,False,0.012583703140792202,0.03144962210813106,3.0,0.0,3,10.0,85.0,mpc / perfect forecast
0.3724137931034483,56.40774282503454,151.15577038837003,151.15577038837003,194.93354596767034,2138.4071598725172,4,False,0.012072143828536427,0.031103604266630534,3.0,0.0,3,10.0,90.0,mpc / perfect forecast
0.14482758620689656,111.27300973894553,37.09747246303079,203.42117777212871,402.1333188870487,2039.0056370938837,8,False,0.01234882504767767,0.030930887843812854,3.0,0.0,3,10.0,90.0,mpc / perfect forecast
0.7724137931034483,41.43541452147055,164.28668997106027,164.28668997106027,217.9988098712795,2119.0715178265687,3,False,0.011846230158244408,0.03141322431254831,3.0,0.0,3,10.0,90.0,mpc / perfect forecast
0.4896551724137931,60.59225459920738,71.13986068366759,139.81461143106478,314.15281389218654,2053.2209586739245,6,False,0.011589109024290846,0.03048178046848383,3.0,0.0,3,10.0,90.0,mpc / perfect forecast
0.8482758620689655,32.711685935865646,4.178790427904785,61.74259823609348,417.9325329846,2050.3815203566464,7,False,0.012087856740387783,0.033129060381998025,3.0,0.0,3,10.0,90.0,mpc / perfect forecast
0.43448275862068964,91.893801901273,177.73447685763895,232.29042451893793,193.629068491667,2138.3778610464547,4,False,0.011874236570805986,0.02976939536645237,3.0,0.0,3,10.0,90.0,mpc / perfect forecast
0.32413793103448274,116.98403489020652,290.0609645492309,290.0609645492309,220.0639978531586,2136.83644337017,5,False,0.011726567972588317,0.03633468988549913,3.0,0.0,3,15.0,70.0,mpc / perfect forecast
0.1724137931034483,76.74771536804194,100.07636802800418,107.16311533697866,469.1709907423166,2120.034975441411,4,False,0.012744495253151614,0.0390685583675269,3.0,0.0,3,15.0,70.0,mpc / perfect forecast
0.4068965517241379,54.89573854724519,11.429905299025677,93.77730314567779,330.03800832176256,2117.414731192438,7,False,0.012906699293502024,0.036463052509603,3.0,0.0,3,15.0,70.0,mpc / perfect forecast
0.13793103448275862,77.74812792206228,77.01680652974929,156.38215122637405,569.4093306844917,2081.636065121204,7,False,0.01245460985282833,0.031673773713939854,3.0,0.0,3,15.0,70.0,mpc / perfect forecast
0.1310344827586207,85.72854421340227,87.2538445524566,165.73822553074191,584.6226815824353,2228.370626783613,7,False,0.011811723349427178,0.030333597502952843,3.0,0.0,3,15.0,70.0,mpc / perfect forecast
0.496551724137931,86.7228554960847,270.89338110435415,270.89338110435415,424.68776810383224,1840.459955560989,5,False,0.012595718353737784,0.03257168744585592,3.0,0.0,3,15.0,70.0,mpc / perfect forecast
0.22758620689655173,97.79736278610699,66.53982251354087,175.8945044955022,889.4122126536137,2127.9842361675264,9,False,0.012261589514232417,0.03241930537687169,3.0,0.0,3,15.0,75.0,mpc / perfect forecast
0.1793103448275862,83.3602221837229,128.82649310888462,152.71510035450223,382.8796461569975,2108.0916993452793,5,False,0.01360384839786073,0.040916655459075996,3.0,0.0,3,15.0,75.0,mpc / perfect forecast
0.5586206896551724,46.052707246078036,63.441517921158365,79.87598801758693,519.826609221919,2219.771800736743,5,False,0.01267050347067054,0.029258090711138815,3.0,0.0,3,15.0,75.0,mpc / perfect forecast
0.7241379310344828,36.10860086340827,88.52344671865784,88.52344671865784,569.7659680016166,2121.475037755133,8,False,0.012293748641583417,0.029791662179010057,3.0,0.0,3,15.0,75.0,mpc / perfect forecast
0.6827586206896552,44.254492719894074,92.0188855437105,97.36651440624681,330.25473705210544,2112.826440299638,6,False,0.01224925911690221,0.036971671540814564,3.0,0.0,3,15.0,75.0,mpc / perfect forecast
0.5655172413793104,47.76522652085834,60.57796782235568,83.25071685717253,556.0304054035928,1881.1802328677347,6,False,0.011521454487894439,0.038303230503540335,3.0,0.0,3,15.0,75.0,mpc / perfect forecast
0.7034482758620689,35.8260152295734,13.4839826479344,86.49145973715996,322.8503137963964,2118.769491520279,5,False,0.012964506270226266,0.0365033001082876,3.0,0.0,3,15.0,80.0,mpc / perfect forecast
0.8896551724137931,27.433606010021013,50.829739533247015,54.79803258440124,435.22570807058327,2025.2018587024827,6,False,0.012152286396687823,0.03614570487550499,3.0,0.0,3,15.0,80.0,mpc / perfect forecast
0.496551724137931,49.50039946889273,12.510234564588957,100.73414263417634,416.6853591079024,2192.5744760779057,7,False,0.012575471183935203,0.031029695380871497,3.0,0.0,3,15.0,80.0,mpc / perfect forecast
0.6896551724137931,42.83778840057476,39.47138291020788,92.80481414813265,327.0091728513998,2121.488985747593,4,False,0.012402795029806893,0.031163462263308808,3.0,0.0,3,15.0,80.0,mpc / perfect forecast
0.2482758620689655,82.67636731185596,46.58090633003582,139.6239965785446,331.9679385867093,2114.586565263162,7,False,0.01207246936042092,0.040802996863712325,3.0,0.0,3,15.0,80.0,mpc / perfect forecast
0.5862068965517241,44.97747185709136,102.71937828379345,117.65160405696163,438.38551798577964,2150.033565535862,9,False,0.013830255022535431,0.03229038488734671,3.0,0.0,3,15.0,80.0,mpc / perfect forecast
0.7724137931034483,37.524556993812226,30.49464723684334,67.59603568156989,547.6889700196027,2118.816285741645,8,False,0.012713011828422221,0.038066476236734426,3.0,0.0,3,15.0,85.0,mpc / perfect forecast
0.4413793103448276,54.76083646157061,47.12764469422494,98.04282103072336,161.1380545859744,2219.107693938884,1,False,0.011760650770371354,0.03265554803823879,3.0,0.0,3,15.0,85.0,mpc / perfect forecast
0.6689655172413793,41.39450022995926,66.64384607258577,85.51060830520521,252.63811772528047,2099.7987111587872,5,False,0.01269932641642272,0.034155866175933754,3.0,0.0,3,15.0,85.0,mpc / perfect forecast
0.8551724137931035,28.36268418547826,41.8111748353955,77.89572291822829,323.65374929428657,2108.4090710825812,5,False,0.012428225239971056,0.03193317518848232,3.0,0.0,3,15.0,85.0,mpc / perfect forecast
0.8896551724137931,26.13960098763438,23.450983013792257,62.43319524958697,521.4993499987664,1916.9049425083576,6,False,0.011684743778659764,0.03367162049815612,3.0,0.0,3,15.0,85.0,mpc / perfect forecast
0.8758620689655172,31.4407997918178,31.33979102533901,67.18883306291083,522.21346909636,2120.410127674933,7,False,0.01186662361538683,0.03290004136584006,3.0,0.0,3,15.0,85.0,mpc / perfect forecast
0.33793103448275863,73.02185309976005,146.12791735122005,146.12791735122005,406.2538058789156,2148.8073512869914,7,False,0.013686909220790414,0.038909864335168735,3.0,0.0,3,15.0,90.0,mpc / perfect forecast
0.6620689655172414,41.44105200900795,100.98343259603882,100.98343259603882,305.3841019690195,2031.4753686251452,6,False,0.013657295593789618,0.03591416586702257,3.0,0.0,3,15.0,90.0,mpc / perfect forecast
0.5310344827586206,56.321163546973615,146.5059762011447,146.5059762011447,115.64544258101193,2119.983305061737,2,False,0.01228653667574044,0.03313035566463681,3.0,0.0,3,15.0,90.0,mpc / perfect forecast
0.5793103448275863,50.22417140123378,33.00751582256861,110.72877252442926,294.43462859439444,2056.536711044806,6,False,0.013392195558430816,0.032735957287721364,3.0,0.0,3,15.0,90.0,mpc / perfect forecast
0.6896551724137931,40.70802367386455,46.30292743627115,90.8277577406532,203.29181524745832,2140.0641402939027,6,False,0.012261645959488419,0.03267493016196454,3.0,0.0,3,15.0,90.0,mpc / perfect forecast
0.7379310344827587,38.28113423085372,81.21070956503699,81.21070956503699,333.1709622945939,2114.8180165313515,3,False,0.012894685518954315,0.035322082981129016,3.0,0.0,3,15.0,90.0,mpc / perfect forecast
0.05517241379310345,290.5679144512586,399.2699706070898,434.201034113713,561.3446874737414,2091.897421728247,5,False,0.011371148128745904,0.02695743055376572,3.0,0.0,3,20.0,70.0,mpc / perfect forecast
0.2413793103448276,77.47004068717571,142.41344916715167,142.41344916715167,185.3897104688443,2157.5332057085593,5,False,0.012244506955244452,0.031212304639464918,3.0,0.0,3,20.0,70.0,mpc / perfect forecast
0.47586206896551725,50.488918729228295,25.924611243567742,92.6414479918257,318.89975091362385,2109.5764161660163,5,False,0.012737114064143113,0.029090416816860136,3.0,0.0,3,20.0,70.0,mpc / perfect forecast
0.7655172413793103,38.51587593305718,116.77902450958312,116.77902450958312,237.7244138279842,2112.4614951838644,4,False,0.01242191924928607,0.032514702105589134,3.0,0.0,3,20.0,70.0,mpc / perfect forecast
0.5862068965517241,52.35965655407406,106.83976349124248,116.93294156547503,632.3904327738708,2005.5815305965664,7,False,0.01284643887285542,0.03477213120664832,3.0,0.0,3,20.0,70.0,mpc / perfect forecast
0.36551724137931035,63.72132082101741,169.7835453345798,169.7835453345798,357.67057002020607,2095.6719958229155,3,False,0.012595826818666063,0.037498089668422545,3.0,0.0,3,20.0,70.0,mpc / perfect forecast
0.11724137931034483,82.14679231488829,143.55298957693182,148.1691714823359,526.2916860324527,2241.806136431705,6,False,0.011048105495393125,0.028014370191903355,3.0,0.0,3,20.0,75.0,mpc / perfect forecast
0.06896551724137931,163.2221951137875,215.25145963373905,246.44034325611477,88.97842848134508,2240.1012146012,1,False,0.012596032930184945,0.036040714786333916,3.0,0.0,3,20.0,75.0,mpc / perfect forecast
0.27586206896551724,63.92293180973397,136.86100008981992,136.86100008981992,526.1747676980599,2158.825887839438,6,False,0.013007059662871098,0.03518218330935261,3.0,0.0,3,20.0,75.0,mpc / perfect forecast
0.8827586206896552,35.934116327098124,24.100764930504198,85.49515366339358,221.0427184389517,2115.439880810443,3,False,0.012391289058794275,0.034524876417713825,3.0,0.0,3,20.0,75.0,mpc / perfect forecast
0.04827586206896552,236.14882624381661,394.006012291754,394.006012291754,567.3879478370785,2016.533088968425,5,False,0.013520893675703484,0.03155760994433428,3.0,0.0,3,20.0,75.0,mpc / perfect forecast
0.593103448275862,41.70223879109827,100.09586772397358,100.09586772397358,444.80160623815203,2102.0089078306273,6,False,0.012956337193404313,0.03152359311304148,3.0,0.0,3,20.0,75.0,mpc / perfect forecast
0.020689655172413793,125.6837576234553,128.4623810525021,193.44460595073073,559.4162685364442,2121.489778020774,6,False,0.012989072513856052,0.035063205620941354,3.0,0.0,3,20.0,80.0,mpc / perfect forecast
0.22758620689655173,171.90379574807926,335.76071232775274,361.95845155787435,307.53289901286416,2126.423206392972,6,False,0.012662146916811088,0.03121767095472889,3.0,0.0,3,20.0,80.0,mpc / perfect forecast
0.0896551724137931,104.43570694483535,81.06293202495908,183.60071299736794,345.1233215327486,2129.5213513730478,7,False,0.012430712093323925,0.033348596033627914,3.0,0.0,3,20.0,80.0,mpc / perfect forecast
0.09655172413793103,117.86586568502793,53.86052578542547,202.46840304382656,401.7462668670842,2017.1346379226263,8,False,0.012346138203294795,0.030961781059220962,3.0,0.0,3,20.0,80.0,mpc / perfect forecast
0.30344827586206896,68.32918927431932,35.48803774151655,114.12937713927309,332.4800928868175,2130.4033650206534,3,False,0.013006877480113574,0.031071514884827112,3.0,0.0,3,20.0,80.0,mpc / perfect forecast
0.7034482758620689,50.54676427860602,150.58176272933434,150.58176272933434,297.0784816974124,2126.703770158841,6,False,0.012112349156519412,0.034841212733999,3.0,0.0,3,20.0,80.0,mpc / perfect forecast
0.11724137931034483,230.90150816912606,205.99942322820505,397.963904195431,246.69879989946358,2029.5935715053054,6,False,0.013285100774192857,0.03272899183600983,3.0,0.0,3,20.0,85.0,mpc / perfect forecast
0.6206896551724138,51.5150521596705,29.361628733871722,109.53036916287202,414.73050196701,2166.016755727258,7,False,0.013545075074229388,0.034506873216907305,3.0,0.0,3,20.0,85.0,mpc / perfect forecast
0.07586206896551724,90.56311017882763,84.0791035145738,159.86065476664933,328.0045100556557,2099.9341134140104,7,False,0.011949464851853142,0.035785634876402087,3.0,0.0,3,20.0,85.0,mpc / perfect forecast
0.496551724137931,68.15995900285914,167.54634769967907,183.31211566079216,218.32393157140493,2130.3691362004756,6,False,0.01235980049253977,0.03456398207759134,3.0,0.0,3,20.0,85.0,mpc / perfect forecast
0.8413793103448276,28.822094393955997,8.01937338011948,69.5804613313014,535.4167485499763,2105.3961885559324,8,False,0.012380750550315806,0.03383388936291143,3.0,0.0,3,20.0,85.0,mpc / perfect forecast
0.31724137931034485,68.3345271057799,50.66763482431266,129.779890995069,531.6667880659497,1993.9437062585716,7,False,0.01366803776146359,0.03675976154874393,3.0,0.0,3,20.0,85.0,mpc / perfect forecast
0.4413793103448276,66.84096409168535,112.98728350439765,129.38865922426695,458.01796856452853,2100.0767592403363,7,False,0.01344864847052087,0.030929159675832256,3.0,0.0,3,20.0,90.0,mpc / perfect forecast
0.2413793103448276,142.02398599643146,473.7969537339999,473.7969537339999,461.30744808319537,2076.169677531931,8,False,0.011776466640108072,0.027954445019334053,3.0,0.0,3,20.0,90.0,mpc / perfect forecast
0.06896551724137931,340.50519992592774,555.9003569853298,566.4134978790461,400.1887779098877,1917.6724364170518,4,False,0.01314257735441609,0.03456000733853478,3.0,0.0,3,20.0,90.0,mpc / perfect forecast
0.6482758620689655,46.6767134098118,60.26518180522305,89.38523881762265,322.0442527149036,2216.424357467931,4,False,0.013081134250866502,0.037059050124780966,3.0,0.0,3,20.0,90.0,mpc / perfect forecast
0.38620689655172413,65.37822215788047,38.23411102009571,140.9517687534192,664.504848895556,2032.0881543856924,9,False,0.011544090612503685,0.028251213692198303,3.0,0.0,3,20.0,90.0,mpc / perfect forecast
0.6896551724137931,44.12920726500721,25.395583861858228,96.24978368652866,416.568070747975,2216.139200930217,3,False,0.012634250753507895,0.035524880283412434,3.0,0.0,3,20.0,90.0,mpc / perfect forecast
0.7655172413793103,42.51813997172199,154.8037277753867,157.29967082857846,617.6140622786592,2112.6320061361785,7,False,0.011576849662803394,0.028865289678298607,3.0,0.0,3,25.0,70.0,mpc / perfect forecast
0.04827586206896552,202.25342455809684,449.92559591343553,449.92559591343553,20.464788617171603,2233.7641284515794,0,False,0.012823048553866685,0.030482616360193806,3.0,0.0,3,25.0,70.0,mpc / perfect forecast
0.034482758620689655,462.5507222065687,682.1424597417124,682.1424597417124,0.0,2219.4752311104057,0,False,0.013149571332828527,0.03062382998462926,3.0,0.0,3,25.0,70.0,mpc / perfect forecast
0.020689655172413793,755.8506622649923,1472.749433320016,1472.749433320016,304.42707804787284,2211.46068370384,3,False,0.012013870278662384,0.03291988204854311,3.0,0.0,3,25.0,70.0,mpc / perfect forecast
0.06206896551724138,315.24467256220254,542.1194265059684,545.8010179008243,369.34675100272665,2051.1725056836285,3,False,0.01361764881026676,0.037771358858500664,3.0,0.0,3,25.0,70.0,mpc / perfect forecast
0.4206896551724138,64.89604830989644,37.17548100803249,135.6109764848924,425.6229092017645,2088.9290278175577,7,False,0.012511477742444302,0.03323918867957848,3.0,0.0,3,25.0,70.0,mpc / perfect forecast
0.5241379310344828,58.540131665546454,128.38260894251076,128.38260894251076,419.1733117512695,2203.6286766494704,4,False,0.01332449069998314,0.03290553186541958,3.0,0.0,3,25.0,75.0,mpc / perfect forecast
0.05517241379310345,154.09176426152126,262.7864189517827,285.3336826292727,283.57444045595696,2128.9027733495473,2,False,0.011392454803343553,0.02799191808722934,3.0,0.0,3,25.0,75.0,mpc / perfect forecast
0.3448275862068966,56.074900028277796,79.42440824107676,86.06597221207232,413.83632636254686,2139.47626276828,4,False,0.012274704065512614,0.033214375128693595,3.0,0.0,3,25.0,75.0,mpc / perfect forecast
0.041379310344827586,186.984671724664,355.21049719937577,355.21049719937577,22.3980934685886,2215.062281008234,0,False,0.01305541954497658,0.03286110973771285,3.0,0.0,3,25.0,75.0,mpc / perfect forecast
0.05517241379310345,190.48995170296809,191.07406357191195,283.0572087657327,312.5579965017894,2216.4069396606724,0,False,0.012556306251547416,0.02915371411959581,3.0,0.0,3,25.0,75.0,mpc / perfect forecast
0.14482758620689656,154.8455654331503,269.0157383673682,269.0157383673682,413.4323401653694,2028.4030575067045,7,False,0.012610763233398872,0.03453327241856358,3.0,0.0,3,25.0,75.0,mpc / perfect forecast
0.5793103448275863,50.09718239457677,45.09309669787956,85.34417282235529,220.46300017076183,2203.589988012864,4,False,0.012054454787422486,0.03362837082154125,3.0,0.0,3,25.0,80.0,mpc / perfect forecast
0.3310344827586207,66.87475182417968,170.28381514158934,170.28381514158934,209.891387602061,2120.7337040599173,2,False,0.012739951078197004,0.031811723532265246,3.0,0.0,3,25.0,80.0,mpc / perfect forecast
0.027586206896551724,147.8037334030377,180.1016007733189,207.45918653241975,535.8286559659996,2121.654594411364,8,False,0.012456339171041315,0.03148150908163489,3.0,0.0,3,25.0,80.0,mpc / perfect forecast
0.296551724137931,118.80800025986271,143.4265385477127,225.27078807404345,315.5178031769417,2120.587277274089,4,False,0.01308647451139519,0.03486121535754247,3.0,0.0,3,25.0,80.0,mpc / perfect forecast
0.2206896551724138,78.10697328668256,85.87884108602164,148.34960813190642,326.7313738909393,2108.430250819913,6,False,0.012110662479662358,0.030479810896558178,3.0,0.0,3,25.0,80.0,mpc / perfect forecast
0.027586206896551724,604.3051391977949,1011.4175725080404,1011.4175725080404,168.43868710772637,2211.419235807562,3,False,0.013429565377357297,0.030686643390406092,3.0,0.0,3,25.0,80.0,mpc / perfect forecast
0.8137931034482758,32.758751565655885,79.6931073120038,79.6931073120038,300.80498608386534,2140.185561544803,5,False,0.012748872844704748,0.031995176283752744,3.0,0.0,3,25.0,85.0,mpc / perfect forecast
0.3310344827586207,90.11944247493922,183.11620694663577,183.81560086587984,408.4732842257809,2034.730681559392,5,False,0.013208581066862143,0.03396406198379629,3.0,0.0,3,25.0,85.0,mpc / perfect forecast
0.041379310344827586,167.23136238084152,163.96038892759233,243.9428850546139,330.6577792627756,2102.9556444866203,7,False,0.012633676934635345,0.03614056831378955,3.0,0.0,3,25.0,85.0,mpc / perfect forecast
0.5448275862068965,67.72182693725841,207.1648244044565,207.1648244044565,420.1547069364226,2115.428018612941,7,False,0.013549776032166424,0.03489149460959744,3.0,0.0,3,25.0,85.0,mpc / perfect forecast
0.020689655172413793,530.9238517953988,692.7105502362239,742.7670124866498,308.33923620147056,2215.6495611298774,1,False,0.013056174328463923,0.03274195676321143,3.0,0.0,3,25.0,85.0,mpc / perfect forecast
0.4827586206896552,58.72916980966644,66.17870416512358,111.40477228088642,393.64901014969274,2125.1258203254556,7,False,0.012783689176610925,0.0346520969843071,3.0,0.0,3,25.0,85.0,mpc / perfect forecast
0.027586206896551724,303.16109147512606,401.893101821831,499.16907377560005,306.3844054094309,2221.3762820225847,1,False,0.012841234998880261,0.03198539326809743,3.0,0.0,3,25.0,90.0,mpc / perfect forecast
0.4206896551724138,89.21547682355461,229.73922377648947,254.39438439895034,423.34931502637346,2014.1737090282254,8,False,0.012715027954309214,0.04369898156905308,3.0,0.0,3,25.0,90.0,mpc / perfect forecast
0.1793103448275862,137.73532647032917,238.21176042440325,250.12785697600782,700.3389641719301,2014.051965029233,8,False,0.011983480199797461,0.03334204142638927,3.0,0.0,3,25.0,90.0,mpc / perfect forecast
0.16551724137931034,109.60457984499524,72.58037974395971,179.23716863186945,262.0587045427081,2100.437274417684,5,False,0.011826578474158687,0.03131492589886782,3.0,0.0,3,25.0,90.0,mpc / perfect forecast
1.0,20.31629086506892,29.840948405917555,42.36003017455149,675.0716887564038,2108.360610570574,7,False,0.013087588336978664,0.03775665751935139,3.0,0.0,3,25.0,90.0,mpc / perfect forecast
0.5724137931034483,53.182519425448895,95.2130479459339,113.15391573584844,419.5483336562131,2126.3768511162684,8,False,0.01167889911232959,0.026986665755079343,3.0,0.0,3,25.0,90.0,mpc / perfect forecast
0.020689655172413793,1311.155901353219,2289.665711299776,2289.665711299776,179.30304948654393,2181.0581008464465,4,True,0.012152830623415142,0.02474828923414024,3.0,0.0,3,30.0,70.0,mpc / perfect forecast
0.034482758620689655,996.2470154210359,1629.6824828012632,1629.6824828012632,184.1973343137128,2204.049772036011,4,False,0.011425756149176507,0.03136250538004638,3.0,0.0,3,30.0,70.0,mpc / perfect forecast
0.013793103448275862,921.234616345921,1535.0492337180076,1535.0492337180076,296.9968212521933,1916.0552947480837,0,False,0.011496627518057455,0.030487754961462218,3.0,0.0,3,30.0,70.0,mpc / perfect forecast
0.027586206896551724,629.8491421128978,1196.4488404522697,1196.4488404522697,223.6979933198461,2234.2363275242146,1,False,0.012805216050896755,0.044383488805210876,3.0,0.0,3,30.0,70.0,mpc / perfect forecast
0.027586206896551724,875.1053608179626,1521.4198584422948,1521.4198584422948,180.89496635295987,2212.1296057038708,4,False,0.01216309797568142,0.04630598900551091,3.0,0.0,3,30.0,70.0,mpc / perfect forecast
0.020689655172413793,1161.283709185668,2391.289211117866,2391.289211117866,565.6869659742827,1960.722671118584,6,True,0.011699335186930579,0.032131587759278595,3.0,0.0,3,30.0,70.0,mpc / perfect forecast
0.027586206896551724,414.40543234482647,854.1928801184217,854.1928801184217,335.97450429287335,2209.836466525313,0,False,0.012251016626193798,0.028278031471081395,3.0,0.0,3,30.0,75.0,mpc / perfect forecast
1.0,17.095010969735295,11.436364325071306,45.729622457603725,630.4556526010246,2026.1561067681123,8,False,0.012673592361866944,0.03438819023040293,3.0,0.0,3,30.0,75.0,mpc / perfect forecast
0.8482758620689655,34.93903679706479,18.59514723580287,60.97483382656671,206.67974207349312,2227.0433357483157,3,False,0.012283891078120583,0.03138479413936571,3.0,0.0,3,30.0,75.0,mpc / perfect forecast
0.034482758620689655,190.16070693459218,416.1442222819488,416.1442222819488,376.33370940685376,2003.2109864103256,7,False,0.011793777191905741,0.030978013795793284,3.0,0.0,3,30.0,75.0,mpc / perfect forecast
0.013793103448275862,1013.2192737731701,1868.6807327940915,1868.6807327940915,323.3194381569748,2202.8984893644033,0,False,0.011898213808794609,0.030691203356763327,3.0,0.0,3,30.0,75.0,mpc / perfect forecast
0.020689655172413793,638.7535101359309,1113.0374682812871,1113.0374682812871,183.88418324065097,2208.847688166202,4,False,0.013630835980561298,0.03033624557552392,3.0,0.0,3,30.0,75.0,mpc / perfect forecast
0.034482758620689655,690.3197927411002,1106.6538216466752,1124.7009796142127,406.48012948118753,2053.7647274997607,2,False,0.012473066974237057,0.035056594453355516,3.0,0.0,3,30.0,80.0,mpc / perfect forecast
0.25517241379310346,69.57619523619046,98.71789922904168,98.71789922904168,585.9949370935323,2197.4027253736967,8,False,0.013296447273742334,0.029103664488868204,3.0,0.0,3,30.0,80.0,mpc / perfect forecast
0.020689655172413793,235.02801704300128,54.93563388060323,396.25195679843483,307.75967058586343,2124.3332992099936,3,False,0.013028989593525704,0.027724587016257785,3.0,0.0,3,30.0,80.0,mpc / perfect forecast
0.1793103448275862,117.92781901045551,266.4109452741492,274.1051829188043,751.0048375917712,2009.278586262623,9,False,0.012580461526152447,0.029498409714244653,3.0,0.0,3,30.0,80.0,mpc / perfect forecast
0.034482758620689655,268.1858130947469,322.95483990135625,388.8748830070456,193.46749499618898,2163.501713109592,2,False,0.013352460078967562,0.03451333729044156,3.0,0.0,3,30.0,80.0,mpc / perfect forecast
0.041379310344827586,427.66325394947984,913.9671926328951,913.9671926328951,51.933703887423526,2210.089874039412,0,False,0.012878050711471918,0.03488487513420049,3.0,0.0,3,30.0,80.0,mpc / perfect forecast
0.33793103448275863,175.84546696528935,492.57041557943626,492.57041557943626,599.4968952249757,2109.668962010893,5,False,0.013612835525536346,0.03974206787352656,3.0,0.0,3,30.0,85.0,mpc / perfect forecast
0.013793103448275862,975.1189888471035,1483.8975483978375,1483.8975483978375,194.11270863356475,2184.3351279028043,4,False,0.013115319898052393,0.03253034197292677,3.0,0.0,3,30.0,85.0,mpc / perfect forecast
0.04827586206896552,675.3968133146844,1132.763553193483,1149.9261165090809,0.0,2191.851845335416,0,False,0.01284678641591933,0.033307119246354,3.0,0.0,3,30.0,85.0,mpc / perfect forecast
0.06206896551724138,218.72417414279388,107.00765763201966,333.33899809530703,187.2525152148448,2203.9408591369756,4,False,0.012346626592098479,0.028246204950956106,3.0,0.0,3,30.0,85.0,mpc / perfect forecast
0.027586206896551724,788.0245642927273,1393.2877429707085,1393.2877429707085,66.62410110717322,2206.323351046456,1,False,0.011946117277076866,0.03011579581489322,3.0,0.0,3,30.0,85.0,mpc / perfect forecast
0.5655172413793104,87.16107835578795,346.8813436043796,346.8813436043796,469.52845388237,2008.5589809769722,6,False,0.012713692395082915,0.02892578501878576,3.0,0.0,3,30.0,85.0,mpc / perfect forecast
0.4206896551724138,106.39605549695666,338.9834542826647,338.9834542826647,420.32180841983006,2111.778977369105,4,False,0.012871751740307179,0.03378234682393904,3.0,0.0,3,30.0,90.0,mpc / perfect forecast
0.7379310344827587,39.281796044670365,110.71973660541241,110.71973660541241,491.70492503895633,2109.5601810053577,4,False,0.012873211516745456,0.03251217692306741,3.0,0.0,3,30.0,90.0,mpc / perfect forecast
0.013793103448275862,1775.4817377525121,2388.2550330352506,2589.5694399496624,190.1821680270057,2179.495147421454,2,False,0.012520066209082378,0.03846316979489787,3.0,0.0,3,30.0,90.0,mpc / perfect forecast
0.07586206896551724,772.6252437803364,1591.7501447570476,1591.7501447570476,177.00713749511846,2155.13253262787,4,True,0.013052382194642444,0.043676030617505475,3.0,0.0,3,30.0,90.0,mpc / perfect forecast
0.296551724137931,102.44444717925839,54.05848619709813,188.79695772283893,412.5118946981365,2049.3234725039783,4,False,0.012523414869484745,0.0410835713800322,3.0,0.0,3,30.0,90.0,mpc / perfect forecast
0.35172413793103446,113.05968838133023,14.627961631578737,237.3503532091565,192.39274974360197,2105.9754047525403,2,False,0.012257616881544644,0.033718342718029405,3.0,0.0,3,30.0,90.0,mpc / perfect forecast
0.05517241379310345,192.60467095742538,300.2130090393242,300.2130090393242,13.20731305112382,2242.525299610417,0,False,0.011912154957761675,0.03047808285048324,3.0,0.0,4,10.0,70.0,hold
0.10344827586206896,340.67279391960403,604.0018571276328,604.0018571276328,15.77980142045034,2239.9373614028127,0,False,0.01245520143415824,0.031634651343376674,3.0,0.0,4,10.0,70.0,hold
0.020689655172413793,1244.8730146147414,2432.455877552985,2432.455877552985,17.778411577547313,2258.033025468952,0,False,0.012773252105960677,0.03478337715436954,3.0,0.0,4,10.0,70.0,hold
0.041379310344827586,266.1630887019033,593.3251728827884,593.3251728827884,13.674357733898564,2249.3204901267645,0,False,0.011795289647072162,0.033673721384406996,3.0,0.0,4,10.0,70.0,hold
0.027586206896551724,1077.654400713735,2308.84226674957,2308.84226674957,11.484913191182994,2232.0585904124946,0,False,0.01277098884144561,0.033921910430153364,3.0,0.0,4,10.0,70.0,hold
0.020689655172413793,1229.9471462374993,2286.3015805698055,2286.3015805698055,22.817718212529744,2247.9009421930978,0,False,0.013801605650586244,0.03485844437158662,3.0,0.0,4,10.0,70.0,hold
0.027586206896551724,1144.3568153012106,2219.686599169984,2219.686599169984,21.21071321347834,2228.974154442906,0,False,0.012785148322960578,0.037802702425938514,3.0,0.0,4,10.0,75.0,hold
0.04827586206896552,617.5681505493302,1351.5933009325477,1351.5933009325477,11.822244319694942,2228.9773186656553,0,False,0.013387495867641666,0.030158040039396913,3.0,0.0,4,10.0,75.0,hold
0.04827586206896552,347.87161775026027,654.119793954119,654.119793954119,23.62004500164128,2241.350184788886,0,False,0.011851263272006751,0.032052860204950975,3.0,0.0,4,10.0,75.0,hold
0.013793103448275862,2021.305731298422,4052.7060177005483,4052.7060177005483,16.339494712439187,2262.266124349357,0,False,0.013269355761308041,0.0312655586024426,3.0,0.0,4,10.0,75.0,hold
0.013793103448275862,2023.1874389842328,3886.3597279261808,3886.3597279261808,13.46570442750408,2262.447533185156,0,False,0.0136562965034412,0.03395925455035885,3.0,0.0,4,10.0,75.0,hold
0.05517241379310345,198.578524087792,386.6282483388118,386.6282483388118,23.578677448037954,2243.560094204695,0,False,0.012964566337056267,0.0329035948363307,3.0,0.0,4,10.0,75.0,hold
0.034482758620689655,713.7376046713607,1374.6500014253443,1374.6500014253443,18.852808305374925,2236.9033564134593,0,False,0.01156420810889506,0.039809755561643116,3.0,0.0,4,10.0,80.0,hold
0.04827586206896552,232.5789964570652,104.54174340047108,323.8123337178585,16.92765454373675,2245.2345728428036,0,False,0.012274072750990175,0.03693038894953766,3.0,0.0,4,10.0,80.0,hold
0.013793103448275862,2263.37852804477,4375.422565688937,4375.422565688937,14.779420257847109,2220.1382490780825,0,True,0.012463340872774398,0.029243529767132383,3.0,0.0,4,10.0,80.0,hold
0.07586206896551724,252.99865607083538,538.8223589882134,538.8223589882134,15.132250711252315,2241.7321134578874,0,False,0.013417463973257236,0.034424343132075735,3.0,0.0,4,10.0,80.0,hold
0.020689655172413793,1261.9519297855477,2494.066390071824,2494.066390071824,15.150028184091347,2226.962580247402,0,False,0.012914310653430698,0.034969732520529505,3.0,0.0,4,10.0,80.0,hold
0.013793103448275862,2057.5162311047948,4142.965264649436,4142.965264649436,18.964233420039722,2262.767491469234,0,False,0.011999112512265583,0.0330982093363512,3.0,0.0,4,10.0,80.0,hold
0.05517241379310345,551.7160586996808,979.3499214524454,979.3499214524454,16.27749775675645,2254.901756268988,0,False,0.012112493716585338,0.03292834759123753,3.0,0.0,4,10.0,85.0,hold
0.020689655172413793,1487.548203544517,3133.4825611297742,3133.4825611297742,22.618157862323613,2224.32629083624,0,False,0.012490928109973435,0.03745209181599812,3.0,0.0,4,10.0,85.0,hold
0.06896551724137931,307.88283320658815,531.3338896350614,555.1447504524093,10.736837679790623,2258.095416047546,0,False,0.012266341179754479,0.030551359727025145,3.0,0.0,4,10.0,85.0,hold
0.027586206896551724,455.74941327985215,565.1461696892322,610.3487720673959,21.694570916440384,2232.717497577589,0,False,0.012867592034327425,0.037432651299390655,3.0,0.0,4,10.0,85.0,hold
0.020689655172413793,844.9548810603669,1307.0101687344475,1307.0101687344475,23.521497884629284,2247.746712804393,0,False,0.01240957801785945,0.036128996848068015,3.0,0.0,4,10.0,85.0,hold
0.020689655172413793,1211.9115398778347,2354.9450363236156,2354.9450363236156,18.909143056059943,2230.2248524894326,0,False,0.01258370315041727,0.031449622182362746,3.0,0.0,4,10.0,85.0,hold
0.05517241379310345,812.8612880936978,1662.4140086214313,1662.4140086214313,23.91852097254799,2227.2710482991533,0,False,0.012072143821581435,0.03110360385074369,3.0,0.0,4,10.0,90.0,hold
0.034482758620689655,680.7749296391385,1280.3775242054946,1280.3775242054946,19.995423314984308,2239.398976969243,0,False,0.012348825051337248,0.030930887847321318,3.0,0.0,4,10.0,90.0,hold
0.013793103448275862,1943.1122353876929,3900.8711133440192,3900.8711133440192,18.580697462787146,2225.059996860353,0,False,0.011846230157265807,0.0314132243346576,3.0,0.0,4,10.0,90.0,hold
0.013793103448275862,2108.1348114214215,4177.589678965545,4177.589678965545,19.30153396135801,2223.3127671002203,0,False,0.011589109013789657,0.030481780235412505,3.0,0.0,4,10.0,90.0,hold
0.020689655172413793,1464.8274995046158,3141.074037059732,3141.074037059732,16.03806493345128,2224.6249585745118,0,False,0.012087856733189888,0.03312905988217153,3.0,0.0,4,10.0,90.0,hold
0.020689655172413793,1197.255173595128,2176.8361717984058,2176.8361717984058,15.400663913648879,2255.5345296276846,0,False,0.011874236572203498,0.029769395464112995,3.0,0.0,4,10.0,90.0,hold
0.027586206896551724,612.932662863967,1065.115675529302,1065.115675529302,13.801384773096443,2246.7930866636725,0,False,0.011726567969039094,0.03633468988547702,3.0,0.0,4,15.0,70.0,hold
0.041379310344827586,634.2488844925965,1357.4250532173749,1357.4250532173749,13.02767445463958,2250.878189452561,0,False,0.012744495257689966,0.0390685583675269,3.0,0.0,4,15.0,70.0,hold
0.027586206896551724,1310.755318635644,2695.4539443677886,2695.4539443677886,20.622954710848283,2241.9292164701214,0,False,0.012906699283924992,0.03646305213691131,3.0,0.0,4,15.0,70.0,hold
0.020689655172413793,1684.3063630982888,3233.657918738618,3233.657918738618,17.956816447330613,2226.6950508848568,0,True,0.01245460983958899,0.031673773462185535,3.0,0.0,4,15.0,70.0,hold
0.07586206896551724,218.61705095110761,392.87427224489215,392.87427224489215,15.397655577382181,2251.9629900205073,0,False,0.01181172335145813,0.030333597473413933,3.0,0.0,4,15.0,70.0,hold
0.041379310344827586,578.9082205177132,904.440865466227,904.440865466227,12.961565895423014,2255.6615990715563,0,False,0.0125957183648229,0.03257168780740838,3.0,0.0,4,15.0,70.0,hold
0.027586206896551724,1062.3943834064846,2287.8116305429726,2287.8116305429726,15.664718932330427,2242.3275046811655,0,False,0.01226158951196561,0.03241930523484832,3.0,0.0,4,15.0,75.0,hold
0.0896551724137931,267.7374974586426,655.8207817454435,655.8207817454435,26.572255649378658,2240.0221440227133,0,False,0.013603848394516246,0.040916653831930765,3.0,0.0,4,15.0,75.0,hold
0.04827586206896552,549.2127920800251,1059.605755918797,1059.605755918797,0.0,2237.953139591939,0,False,0.012670503488078338,0.029258089866076503,3.0,0.0,4,15.0,75.0,hold
0.04827586206896552,604.544383963091,1108.2193605107295,1108.2193605107295,13.999267076008081,2249.67387140766,0,False,0.012293748634771754,0.029791662106237526,3.0,0.0,4,15.0,75.0,hold
0.027586206896551724,1220.386221928433,2714.1817804356015,2714.1817804356015,0.10515162906187749,2221.8096093262034,0,False,0.01224925909911943,0.036971671320976174,3.0,0.0,4,15.0,75.0,hold
0.05517241379310345,317.42699867461823,460.4621817200154,480.6427991869864,20.61198353569758,2245.7457310388113,0,False,0.011521454488824794,0.03830323050498635,3.0,0.0,4,15.0,75.0,hold
0.027586206896551724,842.9093217511709,1663.390016643235,1663.390016643235,21.928136575016538,2244.358493092802,0,False,0.0129645062699354,0.036503300169586736,3.0,0.0,4,15.0,80.0,hold
0.45517241379310347,67.01036753298642,173.53887229936387,173.53887229936387,14.432900039315422,2242.8736567946103,0,False,0.01215228640041394,0.03614570467216088,3.0,0.0,4,15.0,80.0,hold
0.10344827586206896,194.13574890764193,356.1602744832471,356.1602744832471,13.46286102372673,2251.1792854076916,0,False,0.012575471193269844,0.031029695395236964,3.0,0.0,4,15.0,80.0,hold
0.21379310344827587,155.476438476819,233.00055056404298,264.56708879724823,22.83932264091032,2257.4425371683215,0,False,0.012402795022763197,0.031163462256559582,3.0,0.0,4,15.0,80.0,hold
0.020689655172413793,1281.2200680117373,2485.7325248080406,2485.7325248080406,0.2881878430222737,2244.829418034957,0,False,0.012072469358871678,0.040802998202766214,3.0,0.0,4,15.0,80.0,hold
0.07586206896551724,312.83302486781275,802.7087824538216,802.7087824538216,6.6277096829547135,2244.315065026934,0,False,0.013830255015348219,0.03229038462044364,3.0,0.0,4,15.0,80.0,hold
0.12413793103448276,191.51547681936302,399.6214708619259,399.6214708619259,13.394749671799405,2249.8940314985657,0,False,0.012713011835457647,0.03806647693589542,3.0,0.0,4,15.0,85.0,hold
0.06896551724137931,497.32085878682574,1003.7755886730213,1003.7755886730213,10.894660243141459,2237.3893879500743,0,False,0.011760650771397345,0.03265554767853225,3.0,0.0,4,15.0,85.0,hold
0.041379310344827586,772.3553552818934,1731.6583179898043,1731.6583179898043,14.577458606311765,2235.9038697514657,0,False,0.012699326422631635,0.03415586606872517,3.0,0.0,4,15.0,85.0,hold
0.020689655172413793,1387.6736030952486,2866.927945032068,2866.927945032068,16.330865594565996,2234.268853119903,0,False,0.012428225245992712,0.03193317503606935,3.0,0.0,4,15.0,85.0,hold
0.0896551724137931,341.20457407125906,759.0264393329672,759.0264393329672,18.56590679099269,2249.1274133398547,0,False,0.011684743781676239,0.03367162063991049,3.0,0.0,4,15.0,85.0,hold
0.07586206896551724,233.34889325751368,556.4312425268104,556.4312425268104,5.528483595977735,2245.927244500567,0,False,0.011866623619094475,0.03290004141732869,3.0,0.0,4,15.0,85.0,hold
0.020689655172413793,1501.023300409989,2905.0408647933523,2905.0408647933523,11.937079864258804,2239.649212457185,0,False,0.01368690921668371,0.03890986489237112,3.0,0.0,4,15.0,90.0,hold
0.15172413793103448,98.16642399254914,214.71107365786045,214.71107365786045,16.107679557396754,2253.172266858239,0,False,0.013657295592574214,0.035914165871641125,3.0,0.0,4,15.0,90.0,hold
0.041379310344827586,697.977963780353,1396.9042171914598,1396.9042171914598,7.767940919523684,2252.9355949858314,0,False,0.012286536669367435,0.03313035560121596,3.0,0.0,4,15.0,90.0,hold
0.020689655172413793,1294.4449848896677,2799.6138948959765,2799.6138948959765,0.0,2230.70855167089,0,False,0.01339219556847922,0.03273595736669654,3.0,0.0,4,15.0,90.0,hold
0.020689655172413793,1480.833038392347,2929.392455138708,2929.392455138708,16.16298754056521,2228.150487703954,0,False,0.012261645966258007,0.032674930150032755,3.0,0.0,4,15.0,90.0,hold
0.0896551724137931,275.62670184169843,593.3431136886591,593.3431136886591,16.00421719302961,2256.8621186565833,0,False,0.01289468551705268,0.03532208197759721,3.0,0.0,4,15.0,90.0,hold
0.23448275862068965,87.21943879425787,245.67406755296537,245.67406755296537,10.31687817934374,2247.1054850103005,0,False,0.011371148099514975,0.026957431565454555,3.0,0.0,4,20.0,70.0,hold
0.05517241379310345,618.2516783412163,1345.351015634901,1345.351015634901,18.851177591185877,2255.362651728994,0,False,0.012244506957549124,0.03121230470337119,3.0,0.0,4,20.0,70.0,hold
0.05517241379310345,210.25472812193556,227.2335625837638,267.1875398645969,10.12675321317638,2246.187476761625,0,False,0.012737114051502471,0.02909041617633738,3.0,0.0,4,20.0,70.0,hold
0.041379310344827586,463.6146161659766,754.4968502999236,754.4968502999236,19.436326925065075,2247.597049819964,0,False,0.01242191922927361,0.03251470346757327,3.0,0.0,4,20.0,70.0,hold
0.034482758620689655,773.1514287081499,1782.6968127034108,1782.6968127034108,19.186982627776125,2250.2662933570336,0,False,0.012846438854137505,0.03477213119531356,3.0,0.0,4,20.0,70.0,hold
0.020689655172413793,1093.3840451292747,2271.608000700301,2271.608000700301,14.914611101599919,2254.2096766254103,0,False,0.012595826815198812,0.037498089661684844,3.0,0.0,4,20.0,70.0,hold
0.041379310344827586,379.9274265075214,585.4640743759395,591.661739478065,21.299568965215947,2239.0180784157424,0,False,0.011048105502453677,0.02801437064603835,3.0,0.0,4,20.0,75.0,hold
0.11724137931034483,311.7593631149978,875.8568324052786,875.8568324052786,21.26396434066081,2257.2450226939814,0,False,0.012596032940663858,0.036040714687132776,3.0,0.0,4,20.0,75.0,hold
0.35172413793103446,109.20731301421088,281.8541405955532,287.83645974227386,16.765524474071107,2244.465359751729,0,False,0.013007059658521808,0.03518218322763499,3.0,0.0,4,20.0,75.0,hold
0.4896551724137931,77.9895227366493,261.58519128984744,261.58519128984744,25.934076206498652,2246.6519627104217,0,False,0.012391289060059566,0.03452487647417339,3.0,0.0,4,20.0,75.0,hold
0.04827586206896552,516.5432237256612,975.4642656037322,975.4642656037322,19.08949296290192,2259.7098685615574,0,False,0.01352089368315885,0.03155761035041424,3.0,0.0,4,20.0,75.0,hold
0.020689655172413793,1712.3662219358623,3641.6822103706813,3641.6822103706813,19.640841662710432,2231.526512463621,0,True,0.012956337197961049,0.03152359344567487,3.0,0.0,4,20.0,75.0,hold
0.034482758620689655,991.7756113215703,2004.3236205011642,2004.3236205011642,20.714101245695964,2250.9409897560968,0,False,0.012989072516744424,0.03506320643416085,3.0,0.0,4,20.0,80.0,hold
0.11724137931034483,285.7076637188797,629.812798914253,629.812798914253,12.543131855842114,2255.1041818085555,0,False,0.012662146917187698,0.031217670625532993,3.0,0.0,4,20.0,80.0,hold
0.16551724137931034,260.67387517764956,583.62957065908,583.62957065908,14.863498770936548,2248.287894905568,0,False,0.012430712098792464,0.03334859596240713,3.0,0.0,4,20.0,80.0,hold
0.07586206896551724,308.4626670219889,486.1119166608048,486.1119166608048,6.789340662971894,2254.7575018791604,0,False,0.012346138202501487,0.030961781523202093,3.0,0.0,4,20.0,80.0,hold
0.020689655172413793,1172.1686591314747,2301.809698838952,2301.809698838952,16.91594063813129,2255.6040164145725,0,False,0.01300687748418052,0.031071514887316704,3.0,0.0,4,20.0,80.0,hold
0.1793103448275862,272.3991648251806,736.926240331763,736.926240331763,10.209808390228984,2247.059333407915,0,False,0.012112349161945939,0.03484121277482211,3.0,0.0,4,20.0,80.0,hold
0.2413793103448276,187.14082267207192,402.8786598336762,402.8786598336762,14.059213696044216,2248.67375266157,0,False,0.013285100775301966,0.03272899126767871,3.0,0.0,4,20.0,85.0,hold
0.06206896551724138,351.66906405475265,773.4673719300177,773.4673719300177,11.163002907270595,2248.4535511794693,0,False,0.013545075072901107,0.0345068734149091,3.0,0.0,4,20.0,85.0,hold
0.020689655172413793,1153.709309959558,2405.499020971997,2405.499020971997,14.248461236032485,2249.2671386534444,0,False,0.011949464834955471,0.03578563569853176,3.0,0.0,4,20.0,85.0,hold
0.020689655172413793,1490.1933708735148,2896.3887436870555,2896.3887436870555,17.620287039957315,2241.5014303913813,0,False,0.012359800493859884,0.03456398211449491,3.0,0.0,4,20.0,85.0,hold
0.013793103448275862,2240.4204400790104,4488.063434220042,4488.063434220042,4.1449407099908875,2234.148981586326,0,False,0.012380750546746791,0.033833889165595585,3.0,0.0,4,20.0,85.0,hold
0.020689655172413793,1264.9669603201717,2395.0540070065467,2395.0540070065467,12.337795755706646,2245.1774946348005,0,False,0.013668037748216202,0.036759760807525174,3.0,0.0,4,20.0,85.0,hold
0.034482758620689655,752.8969421759457,1555.0949657161066,1555.0949657161066,14.844165734564656,2248.7497246951575,0,False,0.013448648480911167,0.030929159568424177,3.0,0.0,4,20.0,90.0,hold
0.04827586206896552,804.2117504317818,1658.3818357031482,1658.3818357031482,15.666531021884769,2253.8632886989967,0,False,0.011776466632505804,0.027954445116066796,3.0,0.0,4,20.0,90.0,hold
0.07586206896551724,322.3341775999244,644.9378488005452,644.9378488005452,13.12169551871045,2248.837203180826,0,False,0.013142577350019717,0.03456000735952466,3.0,0.0,4,20.0,90.0,hold
0.05517241379310345,293.02140389761854,534.0154482127559,534.0154482127559,15.719849665514053,2247.8219418489257,0,False,0.01308113425173912,0.03705905012205323,3.0,0.0,4,20.0,90.0,hold
0.034482758620689655,786.3931777518344,1707.5025105292964,1707.5025105292964,19.936206318113655,2250.270221764824,0,False,0.011544090610823185,0.028251213533323702,3.0,0.0,4,20.0,90.0,hold
0.020689655172413793,1335.1644307123083,2416.042995985971,2416.042995985971,16.8683825332342,2242.952428256187,0,False,0.012634250750078272,0.035524879692061716,3.0,0.0,4,20.0,90.0,hold
0.027586206896551724,591.862724470725,935.4051009608235,935.7887433320599,17.4721328170203,2233.2008020804647,0,False,0.01157684963200181,0.02886528757067085,3.0,0.0,4,25.0,70.0,hold
0.13793103448275862,204.43569802719682,361.43201763717946,379.9701412458151,20.931328386560455,2247.881072177089,0,False,0.01282304858604026,0.030482617287002474,3.0,0.0,4,25.0,70.0,hold
0.07586206896551724,182.64744414458158,408.72199864727753,408.72199864727753,23.129563500783014,2253.812006793377,0,False,0.013149571368189134,0.030623829677034444,3.0,0.0,4,25.0,70.0,hold
0.19310344827586207,140.46026719450407,415.3966901658045,415.3966901658045,13.094440659989601,2264.6294547707625,0,False,0.012013870288116232,0.03291988204928756,3.0,0.0,4,25.0,70.0,hold
0.034482758620689655,1052.7119882775864,2121.8767405701465,2121.8767405701465,12.30717179750507,2257.0069854372214,0,False,0.013617648819009938,0.03777135913466579,3.0,0.0,4,25.0,70.0,hold
0.034482758620689655,763.2174769120682,1655.1851815704524,1655.1851815704524,13.659743377219609,2269.3557258837177,0,False,0.012511477751005825,0.03323918875727883,3.0,0.0,4,25.0,70.0,hold
0.14482758620689656,284.85826415816445,654.7604196923086,654.7604196923086,21.027307427359904,2248.904492809889,0,False,0.013324490700284835,0.03290553189041707,3.0,0.0,4,25.0,75.0,hold
0.027586206896551724,753.8082062752222,1450.977132740406,1450.977132740406,13.816732697227293,2265.4610495288307,0,False,0.011392454803412184,0.02799191834219031,3.0,0.0,4,25.0,75.0,hold
0.06206896551724138,260.8964104442557,351.7409303516556,353.49184163219525,21.25443964448518,2258.245171545265,0,False,0.012274704047115328,0.03321437451227761,3.0,0.0,4,25.0,75.0,hold
0.1793103448275862,221.95969464145983,549.342940578134,549.342940578134,10.58759021609901,2262.799432337997,0,False,0.013055419559178822,0.032861109618825386,3.0,0.0,4,25.0,75.0,hold
0.05517241379310345,154.3670496954419,205.01241572492648,205.01241572492648,12.772230171419087,2244.091230934472,0,False,0.012556306255676873,0.029153714046959236,3.0,0.0,4,25.0,75.0,hold
0.06896551724137931,288.22287224143207,428.2381963657269,445.8836662144109,12.333081033058262,2254.7056960345462,0,False,0.012610763225092188,0.03453327180685607,3.0,0.0,4,25.0,75.0,hold
0.05517241379310345,333.9586141081195,624.3070757413539,624.3070757413539,7.550542242454012,2243.640719207023,0,False,0.012054454779934831,0.03362837310709921,3.0,0.0,4,25.0,80.0,hold
0.027586206896551724,938.0379831296532,1868.323462757478,1868.323462757478,11.896596351673967,2264.6113127219573,0,False,0.012739951116251985,0.03181172379043342,3.0,0.0,4,25.0,80.0,hold
0.04827586206896552,370.2719325519781,407.4057543091717,535.168079338504,13.214925973898588,2253.41070194806,0,False,0.012456339188217619,0.031481509782211516,3.0,0.0,4,25.0,80.0,hold
0.11724137931034483,304.85432738939795,612.8166540439546,612.8166540439546,13.76320745055816,2254.396441762089,0,False,0.013086474505351255,0.034861215108808255,3.0,0.0,4,25.0,80.0,hold
0.18620689655172415,222.07144070595868,627.162470332204,627.162470332204,9.376841336389544,2265.5671923048935,0,False,0.012110662476746806,0.030479810802812358,3.0,0.0,4,25.0,80.0,hold
0.0896551724137931,441.72131284473784,1097.292898865065,1097.292898865065,13.733003711108966,2265.0254347044274,0,False,0.013429565381709536,0.03068664338268693,3.0,0.0,4,25.0,80.0,hold
0.07586206896551724,123.65563716559353,180.35523562466858,180.35523562466858,17.940185358479603,2259.7988321510925,0,False,0.01274887283783904,0.03199517587774697,3.0,0.0,4,25.0,85.0,hold
0.1103448275862069,432.96306546899933,865.4369717348235,865.4369717348235,18.951786337310327,2267.3631500812044,0,False,0.013208580995418672,0.03396406324013447,3.0,0.0,4,25.0,85.0,hold
0.04827586206896552,257.42885741108995,636.0094723859308,636.0094723859308,12.89903700457215,2243.3695569721262,0,False,0.012633676936651917,0.036140568237070916,3.0,0.0,4,25.0,85.0,hold
0.041379310344827586,1031.301059368274,2306.455910019102,2306.455910019102,17.091463376696996,2257.9835306082273,0,False,0.013549776079648228,0.034891496921562896,3.0,0.0,4,25.0,85.0,hold
0.04827586206896552,872.9271822062757,1846.1379080075915,1846.1379080075915,24.096675967378573,2260.0933665343446,0,False,0.013056174330055959,0.03274195610129672,3.0,0.0,4,25.0,85.0,hold
0.027586206896551724,978.4990585484787,1940.6674705205523,1940.6674705205523,9.881125679188894,2258.8540957522564,0,False,0.012783689180437811,0.03465209683461532,3.0,0.0,4,25.0,85.0,hold
0.020689655172413793,1149.16409691575,2492.5539839726125,2492.5539839726125,8.351281476394345,2260.7633489858904,0,False,0.012841234996900609,0.031985390566054685,3.0,0.0,4,25.0,90.0,hold
0.04827586206896552,708.7223384551453,1467.5177503480347,1467.5177503480347,24.224232098398875,2265.937805082651,0,False,0.012715027967957862,0.04369898356082206,3.0,0.0,4,25.0,90.0,hold
0.020689655172413793,1037.823329292196,1950.9676712023331,1950.9676712023331,9.592577717598072,2259.1847658764073,0,False,0.011983480142175757,0.03334204142638927,3.0,0.0,4,25.0,90.0,hold
0.027586206896551724,991.524109782661,1929.2795865339565,1929.2795865339565,9.085943680579,2258.9014839036067,0,False,0.011826578477544843,0.03131492584589139,3.0,0.0,4,25.0,90.0,hold
0.041379310344827586,496.48021357442144,800.295765450029,800.4430739412089,17.3342507221263,2264.2737891617126,0,False,0.01308758833961061,0.03775665746749559,3.0,0.0,4,25.0,90.0,hold
0.2,370.2766106842318,1022.8419829659246,1022.8419829659246,8.43896431772157,2267.9544966485105,0,False,0.011678899131062676,0.026986665732812123,3.0,0.0,4,25.0,90.0,hold
0.06206896551724138,393.36112415508,696.1965177115259,696.2434595135355,16.63617531031593,2271.4186600203666,0,False,0.012152830712773333,0.024748293759764728,3.0,0.0,4,30.0,70.0,hold
0.027586206896551724,1002.7047643676352,1729.3944581163362,1729.3944581163362,14.193835655490227,2229.916677926836,0,False,0.011425756181355365,0.03136251316555375,3.0,0.0,4,30.0,70.0,hold
0.08275862068965517,185.04085980511027,196.2876418211,263.7918409122859,21.272784252062422,2255.89620469443,0,False,0.01149662753836746,0.030487755671933268,3.0,0.0,4,30.0,70.0,hold
0.027586206896551724,762.2964639604645,1381.000790498083,1381.000790498083,19.987473180737844,2289.4897590814985,0,False,0.012805216112377884,0.044383496805786314,3.0,0.0,4,30.0,70.0,hold
0.034482758620689655,782.8132034310673,1457.0985152047717,1457.0985152047717,17.79357557957451,2286.5523365808003,0,False,0.01216309800020863,0.04630598700387682,3.0,0.0,4,30.0,70.0,hold
0.35172413793103446,118.24115249237393,455.6999163853773,455.6999163853773,12.399606970251257,2258.3582484243084,0,False,0.011699335186615603,0.03213158723241002,3.0,0.0,4,30.0,70.0,hold
0.21379310344827587,362.4612520817375,1085.1608019482426,1085.1608019482426,7.134934827973773,2272.2767757904685,0,False,0.012251016643226134,0.028278031725253273,3.0,0.0,4,30.0,75.0,hold
0.0896551724137931,418.5025171455017,889.3721993253513,889.3721993253513,14.307023976614834,2279.575830180029,0,False,0.012673592388667393,0.03438819067020955,3.0,0.0,4,30.0,75.0,hold
0.05517241379310345,411.7974154544065,945.4600907946061,945.4600907946061,9.36760893456445,2271.620988601766,0,False,0.012283891083090534,0.03138479414338574,3.0,0.0,4,30.0,75.0,hold
0.11724137931034483,96.35395410826786,203.95751016688703,204.67919837886677,5.021440783497873,2289.5062974917655,0,False,0.011793777225975697,0.030978015923463817,3.0,0.0,4,30.0,75.0,hold
0.0896551724137931,485.9470235248326,1360.661327280444,1360.661327280444,9.60754939038591,2273.502899748164,0,False,0.011898213817278907,0.03069120730693904,3.0,0.0,4,30.0,75.0,hold
0.08275862068965517,402.32078342280516,996.6323655965177,996.6323655965177,5.986385115005392,2277.9835139679803,0,False,0.01363083595421057,0.03033624311038619,3.0,0.0,4,30.0,75.0,hold
0.034482758620689655,793.7394230495242,1761.8587942052213,1761.8587942052213,10.683625027642002,2261.9537806799426,0,False,0.012473066961279096,0.03505659462324656,3.0,0.0,4,30.0,80.0,hold
0.04827586206896552,1038.3547135205965,2482.1568270545563,2482.1568270545563,14.872848109078692,2252.396214217201,0,False,0.013296447289799094,0.029103663921542483,3.0,0.0,4,30.0,80.0,hold
0.07586206896551724,316.88692681632347,682.2135975407348,682.2135975407348,17.673200851332467,2275.468271062112,0,False,0.013028989574125608,0.027724588141521973,3.0,0.0,4,30.0,80.0,hold
0.04827586206896552,279.7089982157566,466.3476314879337,466.3476314879337,15.789175602319935,2275.1615635984826,0,False,0.012580461525085646,0.02949840865296169,3.0,0.0,4,30.0,80.0,hold
0.04827586206896552,1246.2191359778576,2746.705117641048,2746.705117641048,12.801533504188408,2261.5921029304723,0,False,0.013352460092446011,0.03451333982690185,3.0,0.0,4,30.0,80.0,hold
0.13793103448275862,158.96300845729468,173.47071769541688,239.05702435296476,12.532841973460767,2260.2441373274833,0,False,0.012878050714923072,0.03488487500326597,3.0,0.0,4,30.0,80.0,hold
0.041379310344827586,378.4457871071733,807.9892266523976,807.9892266523976,15.974133669692227,2273.1091961927223,0,False,0.013612835522957034,0.039742069047758885,3.0,0.0,4,30.0,85.0,hold
0.034482758620689655,816.7464799979987,1677.8347413959682,1677.8347413959682,18.260838237365782,2263.416308540394,0,False,0.013115319882067326,0.03253034235525357,3.0,0.0,4,30.0,85.0,hold
0.16551724137931034,259.0434769088347,666.3485425496581,666.3485425496581,5.234021518882625,2287.1912354155224,0,False,0.012846786368200573,0.03330712358193828,3.0,0.0,4,30.0,85.0,hold
0.11724137931034483,376.61485049935703,882.9921438138507,882.9921438138507,19.303982456711516,2276.152597817841,0,False,0.012346626601162427,0.02824620529100666,3.0,0.0,4,30.0,85.0,hold
0.06896551724137931,600.5517601753471,1190.4064665667236,1190.4064665667236,9.680597921790037,2305.772205501708,0,False,0.011946117262388981,0.030115796388209888,3.0,0.0,4,30.0,85.0,hold
0.034482758620689655,767.742828066297,1465.0428423147218,1465.0428423147218,18.784685285645935,2281.7039525923806,0,False,0.012713692486629543,0.02892578578040234,3.0,0.0,4,30.0,85.0,hold
0.08275862068965517,517.0643643272338,1108.0242372572407,1108.0242372572407,13.942719882377958,2269.6943591100203,0,False,0.012871751731599957,0.033782346191934466,3.0,0.0,4,30.0,90.0,hold
0.013793103448275862,1630.0797314663791,3118.240407960733,3118.240407960733,11.500526213580368,2270.8093261505587,0,False,0.012873211551100099,0.03251217676270327,3.0,0.0,4,30.0,90.0,hold
0.034482758620689655,480.15100333912335,1072.16995357807,1072.16995357807,7.101763311625943,2249.5247115233906,0,False,0.012520066197959156,0.0384631689115557,3.0,0.0,4,30.0,90.0,hold
0.04827586206896552,280.75790683197346,351.7793798600403,418.5316154212579,9.316781838554062,2262.6330605548064,0,False,0.013052382281010338,0.043676034109340046,3.0,0.0,4,30.0,90.0,hold
0.04827586206896552,252.6790449365593,406.0111820072064,406.0111820072064,11.380701814390772,2274.1813585575997,0,False,0.012523414873378378,0.04108357136749931,3.0,0.0,4,30.0,90.0,hold
0.04827586206896552,708.3452305431554,1587.497213452572,1587.497213452572,14.679332531611193,2269.5035258454286,0,False,0.012257616886060451,0.03371834268997708,3.0,0.0,4,30.0,90.0,hold
0.4206896551724138,51.55723072746299,27.7390416163137,101.86999430180732,526.390492217924,1953.4396936268756,9,False,0.011912154958116344,0.030478082934587425,3.0,0.0,4,10.0,70.0,mpc / perfect forecast
0.11724137931034483,237.34506765199023,424.76158887041385,427.54583816574456,302.45336843035807,2150.5512350716217,6,False,0.012455201432266968,0.03163465048386171,3.0,0.0,4,10.0,70.0,mpc / perfect forecast
0.36551724137931035,76.58716548606365,236.50028198986013,236.50028198986013,299.0817297492022,2143.4425708964413,6,False,0.012773252105612923,0.034783377173050516,3.0,0.0,4,10.0,70.0,mpc / perfect forecast
0.4482758620689655,56.22320440861701,76.02915793426763,110.92357396393774,224.61505234946154,2141.932086333265,5,False,0.011795289647715429,0.03367372137753931,3.0,0.0,4,10.0,70.0,mpc / perfect forecast
0.22758620689655173,88.92067340672577,122.34737638382843,154.26241832367936,315.6131439399307,2142.5927856625026,3,False,0.012770988838125082,0.03392191042984933,3.0,0.0,4,10.0,70.0,mpc / perfect forecast
0.2413793103448276,114.4998945897912,45.07631197300258,180.38481480969415,294.6833587531859,2147.0387833549,6,False,0.01380160564912277,0.03485844477214624,3.0,0.0,4,10.0,70.0,mpc / perfect forecast
0.3724137931034483,75.1958501730194,231.2813143346265,231.2813143346265,462.22926695524217,2145.045579238762,6,False,0.012785148321526966,0.037802702425938514,3.0,0.0,4,10.0,75.0,mpc / perfect forecast
0.6827586206896552,51.93479214540227,165.96827763662475,165.96827763662475,174.03507695241666,2143.2761442933984,2,False,0.01338749582248339,0.030158038954789527,3.0,0.0,4,10.0,75.0,mpc / perfect forecast
0.696551724137931,43.67298957196405,28.762871067669014,129.61745577629742,535.8672754547833,2143.7467444572026,8,False,0.011851263266772617,0.03205286021696891,3.0,0.0,4,10.0,75.0,mpc / perfect forecast
0.5655172413793104,43.6819603811929,52.02798430659706,90.68785040387462,302.5835934532611,2143.00819558398,5,False,0.01326935576758499,0.03126555914777031,3.0,0.0,4,10.0,75.0,mpc / perfect forecast
0.11724137931034483,82.65019762894084,13.599036300106269,188.17368655260927,195.71228423501182,2144.435191568774,3,False,0.013656296496998203,0.03395925437575664,3.0,0.0,4,10.0,75.0,mpc / perfect forecast
0.6137931034482759,47.34360310127961,31.65493219484674,126.68493329884576,414.55686612908863,2143.8158541266403,6,False,0.012964566338604632,0.03290359480812236,3.0,0.0,4,10.0,75.0,mpc / perfect forecast
0.4413793103448276,59.03311234437198,38.11215129782274,125.85190702603019,412.19595561219637,2143.269272247642,7,False,0.011564208105260794,0.03980975556305484,3.0,0.0,4,10.0,80.0,mpc / perfect forecast
0.19310344827586207,106.97945484628862,110.19306063211864,160.73754984149525,328.62313141796983,2142.3909257026216,5,False,0.012274072749676212,0.036930388938130644,3.0,0.0,4,10.0,80.0,mpc / perfect forecast
0.020689655172413793,95.15999639264706,161.20820467652243,164.2170689675666,314.71707575688873,2244.5698842418187,1,False,0.0124633408830047,0.029243530225959425,3.0,0.0,4,10.0,80.0,mpc / perfect forecast
0.7655172413793103,32.47541787389893,13.82910543863405,87.38161019325057,535.0033927967552,2033.2071023285305,10,False,0.013417463972597498,0.03442434313174202,3.0,0.0,4,10.0,80.0,mpc / perfect forecast
0.15862068965517243,94.2830949335706,161.9742016424057,161.9742016424057,455.8381328964442,2107.229307147779,6,False,0.012914310658534715,0.0349697326896393,3.0,0.0,4,10.0,80.0,mpc / perfect forecast
0.31724137931034485,106.3303002533431,334.9605375612321,334.9605375612321,609.8847044866209,2047.7558845309097,9,False,0.01199911250428317,0.033098208554015816,3.0,0.0,4,10.0,80.0,mpc / perfect forecast
0.07586206896551724,93.51802810630569,59.33087015431069,151.4858907031374,227.37468859825435,2144.825462800988,3,False,0.0121124937223922,0.03292834770090327,3.0,0.0,4,10.0,85.0,mpc / perfect forecast
0.4,64.5841558376129,41.03928867629621,130.38958690788715,510.0783830442295,1967.58602103665,4,False,0.012490928117409913,0.03745209181428682,3.0,0.0,4,10.0,85.0,mpc / perfect forecast
0.1793103448275862,85.1704854314213,90.78229927192434,190.23471052065753,223.62308743382107,2141.266779196204,4,False,0.012266341177628322,0.030551359874870034,3.0,0.0,4,10.0,85.0,mpc / perfect forecast
0.22758620689655173,130.83491805054112,54.07550101517693,283.68099594284945,415.45521584687316,2140.2314186682074,7,False,0.0128675920424245,0.03743265153411329,3.0,0.0,4,10.0,85.0,mpc / perfect forecast
0.27586206896551724,94.16050063249162,97.57240609619096,161.17220363981767,110.50132185584008,2235.168524549646,2,False,0.012409578014410554,0.0361289968828789,3.0,0.0,4,10.0,85.0,mpc / perfect forecast
0.3103448275862069,63.38806234078896,144.8797642729237,144.8797642729237,452.84656369952023,2145.847753319779,6,False,0.012583703141513672,0.0314496222002686,3.0,0.0,4,10.0,85.0,mpc / perfect forecast
0.2,75.58783310919554,143.95281343496862,143.95281343496862,284.14183016459054,2082.021238036133,4,False,0.012072143822722427,0.03110360400036277,3.0,0.0,4,10.0,90.0,mpc / perfect forecast
0.06896551724137931,140.39057577788665,78.01876968197224,204.07765729184223,512.3083217047149,2047.9378259655725,7,False,0.012348825050403368,0.03093088785478997,3.0,0.0,4,10.0,90.0,mpc / perfect forecast
0.4827586206896552,56.40036973833072,55.157385574679566,123.41929198332292,390.18403619798863,1993.5210007856915,3,False,0.011846230157736594,0.03141322439973156,3.0,0.0,4,10.0,90.0,mpc / perfect forecast
0.4827586206896552,53.57789908150985,5.417625902944082,120.97066168395813,502.2333730715257,2169.418186333675,4,False,0.011589109018049416,0.030481780119064,3.0,0.0,4,10.0,90.0,mpc / perfect forecast
0.5517241379310345,49.544679359555886,37.69616476794601,105.62590633743045,447.8781057952715,2146.41516721997,4,False,0.012087856733363161,0.03312906007253667,3.0,0.0,4,10.0,90.0,mpc / perfect forecast
0.32413793103448274,79.6902186925032,127.78031870267984,159.25131832893774,308.06205706242093,2144.0391969377506,6,False,0.011874236573056357,0.029769395452638486,3.0,0.0,4,10.0,90.0,mpc / perfect forecast
0.12413793103448276,88.96163579616895,99.33753478772778,130.52775033144027,649.6525878422638,2136.23776460768,8,False,0.011726567969735919,0.03633468988714221,3.0,0.0,4,15.0,70.0,mpc / perfect forecast
0.3931034482758621,59.607588925537165,21.306056459717023,110.00937321553022,520.2783916188249,2042.8718977373087,7,False,0.012744495249404655,0.0390685583675269,3.0,0.0,4,15.0,70.0,mpc / perfect forecast
0.11724137931034483,128.38257185785207,172.3233583217094,206.16257692574146,333.08032026288913,1966.2474667947001,0,False,0.012906699303746957,0.03646305298880272,3.0,0.0,4,15.0,70.0,mpc / perfect forecast
0.30344827586206896,70.49168142640956,128.05469093038215,134.23049911478503,575.6827107189695,2144.168706022745,5,False,0.012454609844843569,0.03167377335066132,3.0,0.0,4,15.0,70.0,mpc / perfect forecast
0.1310344827586207,103.30416460724233,178.14589811293177,188.3074783216591,181.61536651212313,2149.487129707441,2,False,0.011811723352654041,0.030333597474891266,3.0,0.0,4,15.0,70.0,mpc / perfect forecast
0.15862068965517243,95.68630212958887,138.70300977674793,213.5708269604941,536.6035170547483,2042.0088047649008,6,False,0.01259571835011188,0.03257168732715689,3.0,0.0,4,15.0,70.0,mpc / perfect forecast
0.4206896551724138,60.80226487021528,105.43045795250808,105.43045795250808,323.2210860327888,2255.8638177418575,0,False,0.012261589517108002,0.0324193052383594,3.0,0.0,4,15.0,75.0,mpc / perfect forecast
0.43448275862068964,57.23664924082614,51.82914940393096,107.38631509308514,365.66526598914845,2142.7102742055254,4,False,0.01360384839705218,0.04091665448048806,3.0,0.0,4,15.0,75.0,mpc / perfect forecast
0.08275862068965517,182.21166012241707,175.81603838057984,256.1547761699659,496.698359078236,2032.4032959778392,7,False,0.012670503475631811,0.029258090188874188,3.0,0.0,4,15.0,75.0,mpc / perfect forecast
0.4896551724137931,47.181654256276566,30.14260024012548,92.99037368819175,500.038940638392,1986.4166483181566,6,False,0.012293748634342364,0.029791662095467474,3.0,0.0,4,15.0,75.0,mpc / perfect forecast
0.896551724137931,28.737475995688637,47.149272248153025,88.29752764154397,499.5997739738847,2143.4949167536147,7,False,0.012249259113357005,0.03697167148389604,3.0,0.0,4,15.0,75.0,mpc / perfect forecast
0.7793103448275862,36.898416734308796,21.006311143452276,62.454919670784946,197.20165375568638,2246.87471690683,2,False,0.011521454490307557,0.03830323050384546,3.0,0.0,4,15.0,75.0,mpc / perfect forecast
0.0896551724137931,91.46272732069995,98.51619471726656,145.4633410543915,352.0227040535004,2169.4745791094065,3,False,0.012964506273338543,0.036503300039441404,3.0,0.0,4,15.0,80.0,mpc / perfect forecast
0.6413793103448275,57.26327389845654,125.83576725453982,167.05282166566545,474.6751815044762,2144.38632135289,8,False,0.012152286401212777,0.03614570468727452,3.0,0.0,4,15.0,80.0,mpc / perfect forecast
0.47586206896551725,51.05975501416239,33.878435147723316,93.49422806612203,445.06459366753586,2250.195696364009,8,False,0.012575471189880881,0.031029695392357448,3.0,0.0,4,15.0,80.0,mpc / perfect forecast
1.0,22.259991972630605,30.08484937718164,48.134896512997415,344.3104408287695,2153.107793047371,6,False,0.01240279503302769,0.0311634622620754,3.0,0.0,4,15.0,80.0,mpc / perfect forecast
0.5862068965517241,46.50110766721334,90.16965553879265,98.92937455607799,628.1777167314633,2153.168499249888,5,False,0.01207246936054058,0.04080299710878565,3.0,0.0,4,15.0,80.0,mpc / perfect forecast
0.18620689655172415,104.9124412545303,211.43265105681328,213.44792197527715,450.8139696488757,2084.9154073743584,5,False,0.013830255018760007,0.03229038469355042,3.0,0.0,4,15.0,80.0,mpc / perfect forecast
0.503448275862069,57.32722098142544,22.621719556988822,107.83196007040206,524.3775375828062,2146.9432098894117,8,False,0.012713011831128022,0.03806647646745905,3.0,0.0,4,15.0,85.0,mpc / perfect forecast
0.8620689655172413,32.01846414170787,43.25750325187508,71.20989147135957,623.2895792759812,2136.820051187011,11,False,0.011760650768077531,0.03265554778567894,3.0,0.0,4,15.0,85.0,mpc / perfect forecast
0.45517241379310347,55.8825313502515,54.85445387363453,112.77972119336728,545.4593596727502,2040.921390680225,7,False,0.012699326421146436,0.034155866091029545,3.0,0.0,4,15.0,85.0,mpc / perfect forecast
0.2689655172413793,89.2783047088642,162.02548731005112,167.05425819756624,466.06418051028663,2154.512111456431,3,False,0.012428225258616372,0.031933175109189825,3.0,0.0,4,15.0,85.0,mpc / perfect forecast
0.4068965517241379,68.8483927616334,153.75190429781176,153.75190429781176,78.56228453378665,2254.6402892985534,0,False,0.011684743779752165,0.03367162062480974,3.0,0.0,4,15.0,85.0,mpc / perfect forecast
0.8551724137931035,27.356101832110596,21.30905662404408,72.01164705392975,602.9383037826276,2055.384677332235,12,False,0.01186662361579315,0.03290004131622416,3.0,0.0,4,15.0,85.0,mpc / perfect forecast
0.6206896551724138,48.051919580513776,5.807584904638233,118.82884790098932,680.3486575659739,1926.5780158729222,7,False,0.013686909211526222,0.038909864390155924,3.0,0.0,4,15.0,90.0,mpc / perfect forecast
0.7241379310344828,40.760531025051705,50.26600360207981,66.25818951286911,258.9662094618383,2145.9985065504725,4,False,0.013657295593064092,0.035914165862930385,3.0,0.0,4,15.0,90.0,mpc / perfect forecast
0.14482758620689656,105.60846194544384,41.1604227808736,160.21429714191748,485.16591502226834,2147.791403020611,9,False,0.012286536665640786,0.033130355449578854,3.0,0.0,4,15.0,90.0,mpc / perfect forecast
0.503448275862069,48.95351507893758,22.18156315963378,117.06590168731798,615.7767645446353,2145.477463698131,8,False,0.01339219556015298,0.03273595744394079,3.0,0.0,4,15.0,90.0,mpc / perfect forecast
0.0896551724137931,91.15506651993313,44.066322348998604,148.78535078736007,391.6565232806388,2146.7239950951252,3,False,0.012261645974681294,0.03267493015735944,3.0,0.0,4,15.0,90.0,mpc / perfect forecast
0.10344827586206896,135.05195199578012,229.97202851282282,229.97202851282282,454.4178984369541,2088.4478332334616,6,False,0.01289468551553501,0.03532208185481755,3.0,0.0,4,15.0,90.0,mpc / perfect forecast
0.7793103448275862,34.87032585410447,62.61867956216925,81.52389410628396,804.7681989450093,1847.3228854559325,9,False,0.011371148105798333,0.026957432173806667,3.0,0.0,4,20.0,70.0,mpc / perfect forecast
0.10344827586206896,451.9076988369959,1051.7400512385802,1051.7400512385802,101.5264663013626,2256.41201184238,1,False,0.012244506959598202,0.03121230471292545,3.0,0.0,4,20.0,70.0,mpc / perfect forecast
0.6758620689655173,47.35894484748328,32.815388239232554,107.08946050895743,439.2757692690129,1945.8533408519152,3,False,0.012737114061640376,0.029090416596954886,3.0,0.0,4,20.0,70.0,mpc / perfect forecast
0.5379310344827586,43.727837417764725,12.148888394749944,86.6172140321785,268.8144972918926,2001.1071289364177,2,False,0.012421919245999818,0.032514701831962485,3.0,0.0,4,20.0,70.0,mpc / perfect forecast
0.06206896551724138,239.8917266215308,702.3475283785291,702.3475283785291,180.07767138380368,2252.6131014831176,0,False,0.012846438864790893,0.03477213120457213,3.0,0.0,4,20.0,70.0,mpc / perfect forecast
0.020689655172413793,669.0450364909966,1193.3060299324682,1193.3060299324682,327.28925930824,2257.3205515309664,1,False,0.012595826813817303,0.03749808938591808,3.0,0.0,4,20.0,70.0,mpc / perfect forecast
0.6620689655172414,39.70061921540577,72.95461617554379,88.01338519452426,120.12355251834138,2146.08111187191,4,False,0.011048105493338428,0.02801437019611695,3.0,0.0,4,20.0,75.0,mpc / perfect forecast
0.11724137931034483,176.526880011623,511.3482256550938,511.3482256550938,173.37645285308164,2259.14169646079,2,False,0.01259603293590692,0.03604071469844783,3.0,0.0,4,20.0,75.0,mpc / perfect forecast
0.9310344827586207,27.699627827090463,58.61250044550047,58.61250044550047,325.1322674293903,2139.351699733544,7,False,0.013007059668086511,0.03518218329135965,3.0,0.0,4,20.0,75.0,mpc / perfect forecast
0.6896551724137931,33.222757446424055,81.79273970793793,81.79273970793793,160.23454118880994,2146.6234755983974,5,False,0.012391289058377516,0.03452487644768745,3.0,0.0,4,20.0,75.0,mpc / perfect forecast
0.04827586206896552,505.23763785434863,948.795658545002,948.795658545002,24.737435226854092,2259.8131977939556,0,False,0.013520893683138966,0.03155761035550541,3.0,0.0,4,20.0,75.0,mpc / perfect forecast
0.020689655172413793,332.6691672139874,799.9211499038023,799.9211499038023,399.901438969057,2255.339769058285,0,False,0.012956337205627224,0.031523593317122844,3.0,0.0,4,20.0,75.0,mpc / perfect forecast
0.04827586206896552,490.91679565724496,999.1889252091052,999.1889252091052,401.54092142625706,1878.5152131412551,0,False,0.012989072508406878,0.03506320575051848,3.0,0.0,4,20.0,80.0,mpc / perfect forecast
0.36551724137931035,127.0648819191929,196.72322175766058,266.2042533337904,730.290330856215,1850.348145787697,4,False,0.012662146910662567,0.031217670619312347,3.0,0.0,4,20.0,80.0,mpc / perfect forecast
0.8068965517241379,40.072240806181036,168.58257361106232,168.58257361106232,342.6057532280341,2020.1810478593677,6,False,0.012430712098174843,0.03334859595539364,3.0,0.0,4,20.0,80.0,mpc / perfect forecast
0.08275862068965517,160.22431303908735,162.80431611795962,251.04810276365922,839.3372518759606,1850.008346662069,5,False,0.012346138198482808,0.030961782107361654,3.0,0.0,4,20.0,80.0,mpc / perfect forecast
0.027586206896551724,574.9696869430621,974.1571442886216,974.1571442886216,417.72528059542134,2193.5805328737106,0,False,0.01300687746509331,0.03107151497014954,3.0,0.0,4,20.0,80.0,mpc / perfect forecast
0.1724137931034483,222.809101399918,548.8798809943034,548.8798809943034,223.0935639495082,2251.179610277263,1,False,0.012112349161166932,0.03484121286064852,3.0,0.0,4,20.0,80.0,mpc / perfect forecast
0.9862068965517241,30.549814005486695,26.303280963878056,51.9109115630107,531.3408875221327,2103.9376994810527,7,False,0.013285100780159376,0.03272899160312487,3.0,0.0,4,20.0,85.0,mpc / perfect forecast
0.6896551724137931,36.6299247334119,43.576349365765154,72.37110080990112,486.01589524961656,2071.3161413922116,8,False,0.013545075082015483,0.034506873249863214,3.0,0.0,4,20.0,85.0,mpc / perfect forecast
0.027586206896551724,515.5286278337679,1162.6929583924982,1162.6929583924982,195.74192786938613,2255.334611160945,0,False,0.011949464838669576,0.03578563535613396,3.0,0.0,4,20.0,85.0,mpc / perfect forecast
0.020689655172413793,747.6927348621595,1403.9043883793597,1403.9043883793597,202.60868217220255,2069.4533269134163,0,False,0.012359800507766002,0.03456398329507631,3.0,0.0,4,20.0,85.0,mpc / perfect forecast
0.020689655172413793,747.4372856673745,1491.9062799199435,1491.9062799199435,422.03885341237066,2198.7656784287637,0,False,0.012380750551630631,0.0338338892003632,3.0,0.0,4,20.0,85.0,mpc / perfect forecast
0.020689655172413793,625.3896223735625,1025.1204277910713,1025.1204277910713,374.08528966227226,2255.6250014354405,0,False,0.013668037754623922,0.03675976128820793,3.0,0.0,4,20.0,85.0,mpc / perfect forecast
0.034482758620689655,180.83209749803206,392.1569923793924,392.1569923793924,334.8885862082858,2250.748447331203,0,False,0.013448648474945106,0.030929159627699165,3.0,0.0,4,20.0,90.0,mpc / perfect forecast
0.05517241379310345,714.8013333000058,1475.7992798926089,1475.7992798926089,45.38042916502929,2232.8337955924426,0,False,0.011776466632309928,0.027954445080500413,3.0,0.0,4,20.0,90.0,mpc / perfect forecast
0.46206896551724136,67.57985540599641,118.36514178768755,144.9476005508431,833.1073047430195,2016.4913059007783,8,False,0.013142577342211833,0.03456000740101963,3.0,0.0,4,20.0,90.0,mpc / perfect forecast
0.5448275862068965,47.34254821515761,87.25066439662127,109.91945482693794,833.1005967959186,2137.417081855364,10,False,0.013081134249413769,0.03705905012251177,3.0,0.0,4,20.0,90.0,mpc / perfect forecast
0.04827586206896552,284.8227551573147,626.1117187273916,626.1117187273916,246.04794713708836,2263.649383916974,0,False,0.011544090609864258,0.02825121350256374,3.0,0.0,4,20.0,90.0,mpc / perfect forecast
0.020689655172413793,690.8113915107542,1204.8732642710452,1204.8732642710452,290.31811799104815,1995.4945980759064,0,False,0.012634250755670326,0.03552488061277035,3.0,0.0,4,20.0,90.0,mpc / perfect forecast
0.496551724137931,48.86587491075593,62.65517181577499,84.6605631992208,628.8354857738705,2033.893435851341,7,False,0.011576849665339914,0.028865289633304467,3.0,0.0,4,25.0,70.0,mpc / perfect forecast
0.1310344827586207,162.84851788070708,290.8553743689753,306.2818102860415,530.0753199789265,2028.2720149497304,5,False,0.012823048581033874,0.030482617124208966,3.0,0.0,4,25.0,70.0,mpc / perfect forecast
1.0,23.91608536782148,16.5240267142403,42.076131041691106,255.37421186958267,2171.9069071786193,3,False,0.013149571348169738,0.03062382977723111,3.0,0.0,4,25.0,70.0,mpc / perfect forecast
0.46206896551724136,62.52084888274136,128.9978408218844,128.9978408218844,220.84804533052463,2263.1280850497055,3,False,0.012013870278481099,0.03291988204927449,3.0,0.0,4,25.0,70.0,mpc / perfect forecast
0.027586206896551724,679.8496805498479,1347.6262888946967,1347.6262888946967,767.487436630962,1939.3441026259577,3,False,0.013617648821798637,0.03777135888243868,3.0,0.0,4,25.0,70.0,mpc / perfect forecast
0.041379310344827586,394.1854155997286,692.8861528448075,692.8861528448075,95.18825158998828,2188.6902783283153,2,False,0.012511477734135001,0.03323918846264096,3.0,0.0,4,25.0,70.0,mpc / perfect forecast
0.16551724137931034,149.0837625126049,302.84428707303283,302.84428707303283,229.20931674589843,2140.103336941343,4,False,0.01332449069071536,0.03290553189227512,3.0,0.0,4,25.0,75.0,mpc / perfect forecast
0.034482758620689655,632.0447063546115,1179.0545543098524,1179.0545543098524,0.4624901311991449,2269.2861684475884,0,False,0.011392454804475373,0.027991918216957068,3.0,0.0,4,25.0,75.0,mpc / perfect forecast
0.8620689655172413,35.404430237429125,50.15765814565361,58.25346111740569,503.995748971142,2258.7768294454236,4,False,0.012274704058820564,0.03321437490161601,3.0,0.0,4,25.0,75.0,mpc / perfect forecast
0.21379310344827587,113.76432624447038,270.54410337416226,270.54410337416226,122.33864938876557,2155.4945636862835,1,False,0.013055419555016616,0.03286110962349255,3.0,0.0,4,25.0,75.0,mpc / perfect forecast
0.43448275862068964,92.24408730856256,197.07849422603005,218.72540244535978,220.78576930666094,2138.8952953374314,3,False,0.01255630624927777,0.02915371408789737,3.0,0.0,4,25.0,75.0,mpc / perfect forecast
1.0,19.124458555465996,14.254891856505889,38.530136613731095,320.97398413174056,2052.2705486700943,6,False,0.012610763223201232,0.03453327166352709,3.0,0.0,4,25.0,75.0,mpc / perfect forecast
0.05517241379310345,272.05038510521626,373.856276973206,396.58617351044893,269.86780166240294,2068.0253760856926,6,False,0.01205445477966252,0.033628372429952126,3.0,0.0,4,25.0,80.0,mpc / perfect forecast
0.027586206896551724,567.5975001372133,1141.667639716877,1141.667639716877,96.8958027939314,2175.570321331453,2,False,0.012739951095150042,0.03181172328538297,3.0,0.0,4,25.0,80.0,mpc / perfect forecast
0.6068965517241379,52.36372900266726,226.70233382574284,226.70233382574284,438.55506733655506,2046.7266598626784,6,False,0.012456339190127681,0.0314815098728018,3.0,0.0,4,25.0,80.0,mpc / perfect forecast
0.696551724137931,38.134875289459245,18.943300154653663,67.26845930747614,410.98920404147117,2174.280786013384,7,False,0.013086474507950698,0.034861215243206456,3.0,0.0,4,25.0,80.0,mpc / perfect forecast
0.8620689655172413,32.63381178258471,99.5544770903419,99.5544770903419,438.9672791866763,2151.9455546160734,5,False,0.012110662478764366,0.030479810827644664,3.0,0.0,4,25.0,80.0,mpc / perfect forecast
0.0896551724137931,420.5504149615575,975.3524495541086,975.3524495541086,14.171359081369879,2266.040927244126,1,False,0.013429565373880585,0.03068664338226799,3.0,0.0,4,25.0,80.0,mpc / perfect forecast
0.4068965517241379,59.311231150900554,23.196935740028824,118.14622071151263,532.3831335320735,2257.1815899971853,7,False,0.01274887284159753,0.03199517613336539,3.0,0.0,4,25.0,85.0,mpc / perfect forecast
0.22758620689655173,140.69208021242164,434.5009827920471,434.5009827920471,457.22069787513425,2160.990130950966,6,False,0.013208581037383989,0.033964062513045276,3.0,0.0,4,25.0,85.0,mpc / perfect forecast
0.1103448275862069,202.85229032652208,369.27515005433094,423.30580210172224,335.7621090311662,2134.2452990538172,5,False,0.012633676934656831,0.03614056827958409,3.0,0.0,4,25.0,85.0,mpc / perfect forecast
0.041379310344827586,354.8822904666166,739.8368060030781,739.8368060030781,409.05775421796386,1915.6688331275686,2,False,0.013549776023767536,0.03489149461072508,3.0,0.0,4,25.0,85.0,mpc / perfect forecast
0.05517241379310345,435.2346588469203,813.0929554412699,813.0929554412699,95.0941441839311,2273.896934211917,1,False,0.013056174351340355,0.03274195409951315,3.0,0.0,4,25.0,85.0,mpc / perfect forecast
0.020689655172413793,244.0973514920602,468.7142600196382,468.7142600196382,338.47296580305436,2270.7966697591123,1,False,0.01278368917695226,0.03465209719188937,3.0,0.0,4,25.0,85.0,mpc / perfect forecast
0.034482758620689655,369.9450095669396,672.2778221878038,672.2778221878038,358.265941149222,1916.3231285338593,1,False,0.012841234992166646,0.03198539336678818,3.0,0.0,4,25.0,90.0,mpc / perfect forecast
0.04827586206896552,587.4447182725266,1108.8609370479764,1108.8609370479764,95.93913069931399,2178.428664419253,3,False,0.012715027965657174,0.04369898250438775,3.0,0.0,4,25.0,90.0,mpc / perfect forecast
0.027586206896551724,398.0817248088529,644.091576029415,655.0662173975983,294.23789024909854,2262.4020272894463,0,False,0.011983480137938804,0.03334204142638927,3.0,0.0,4,25.0,90.0,mpc / perfect forecast
0.027586206896551724,142.73506780706768,167.3891545224441,201.8732611771128,325.78743320986246,1962.9181588514648,0,False,0.011826578468580377,0.03131492508207826,3.0,0.0,4,25.0,90.0,mpc / perfect forecast
0.041379310344827586,135.20436379399652,127.85507270469938,202.82896908390217,745.221271857329,2230.702273354485,4,False,0.013087588349892999,0.03775665761481877,3.0,0.0,4,25.0,90.0,mpc / perfect forecast
0.2206896551724138,132.05618771471305,297.67772314613694,297.81712888816793,662.2992855959762,1861.1049976303837,5,False,0.011678899116883919,0.026986665740637378,3.0,0.0,4,25.0,90.0,mpc / perfect forecast
0.06206896551724138,320.07352738165395,619.6008361913657,619.6008361913657,460.1717652394684,2040.6472862193846,6,False,0.01215283071714956,0.024748294096193967,3.0,0.0,4,30.0,70.0,mpc / perfect forecast
0.027586206896551724,487.2948969352941,289.6119280120417,732.6169752517471,408.5372111643233,2076.6381545144613,3,False,0.011425756152306425,0.03136250971322766,3.0,0.0,4,30.0,70.0,mpc / perfect forecast
0.496551724137931,60.752550366910775,22.075560792724623,139.22813715616923,230.2570567751014,2148.6374830243108,3,False,0.011496627536025207,0.030487755461682767,3.0,0.0,4,30.0,70.0,mpc / perfect forecast
0.034482758620689655,209.3973899689558,107.28570044119483,295.5108275307487,670.8594228456808,2072.923321778808,3,False,0.012805216093398403,0.04438349429274179,3.0,0.0,4,30.0,70.0,mpc / perfect forecast
0.04827586206896552,231.7286014299949,195.74535185607792,329.141113385867,622.2886490332129,2073.4211217928537,2,False,0.012163097974686643,0.04630598864547436,3.0,0.0,4,30.0,70.0,mpc / perfect forecast
0.6551724137931034,56.22906502385335,151.2146377373395,155.8525376999946,126.1699098313292,2149.8924522668267,3,False,0.011699335186297942,0.03213158727081891,3.0,0.0,4,30.0,70.0,mpc / perfect forecast
0.32413793103448274,142.54376712844217,433.17807984261333,433.17807984261333,616.8009198304111,2071.9914530662345,6,False,0.0122510166291117,0.028278031586409718,3.0,0.0,4,30.0,75.0,mpc / perfect forecast
0.6275862068965518,66.92045535802308,134.68314562963374,177.6866385606448,390.21970294617813,2192.238254933764,5,False,0.01267359237894584,0.03438819049680934,3.0,0.0,4,30.0,75.0,mpc / perfect forecast
0.10344827586206896,257.3345074097281,572.9775645588938,572.9775645588938,831.3049340045241,1875.9681920999333,5,False,0.012283891080396996,0.03138479414192612,3.0,0.0,4,30.0,75.0,mpc / perfect forecast
0.7241379310344828,57.20061876250268,149.69769937528616,169.62109271616262,131.04495793811594,2287.2520316413193,3,False,0.0117937772251152,0.030978015877890844,3.0,0.0,4,30.0,75.0,mpc / perfect forecast
0.32413793103448274,142.62275566771186,433.33422703340733,433.33422703340733,622.4237879932393,2071.9962348575773,6,False,0.011898213811645462,0.030691204804380555,3.0,0.0,4,30.0,75.0,mpc / perfect forecast
0.08275862068965517,338.98695162024813,744.1422033183236,744.1422033183236,109.37419542997114,2185.5059521577887,1,False,0.013630835965975138,0.030336244400624768,3.0,0.0,4,30.0,75.0,mpc / perfect forecast
0.027586206896551724,228.62914601799727,274.67622902341395,315.91214748862865,768.8674620916803,1882.0417842119946,3,False,0.012473066970516252,0.0350565947383447,3.0,0.0,4,30.0,80.0,mpc / perfect forecast
0.04827586206896552,433.99950096515136,946.0660573201721,946.0660573201721,581.8232477228213,2101.766012515076,5,False,0.013296447280425481,0.029103664875199633,3.0,0.0,4,30.0,80.0,mpc / perfect forecast
0.7448275862068966,37.53474231370117,27.133908429626135,66.64743384908898,203.8093403104619,2186.6667340014756,4,False,0.013028989583512089,0.02772458765318501,3.0,0.0,4,30.0,80.0,mpc / perfect forecast
0.06206896551724138,111.34177066990858,165.99643519309632,165.99643519309632,272.7048882998164,2041.7075902353924,4,False,0.012580461524156067,0.029498409180727887,3.0,0.0,4,30.0,80.0,mpc / perfect forecast
0.05517241379310345,574.1710087230902,1117.7847941553403,1117.7847941553403,527.9435415906831,2140.350582355847,4,False,0.013352460071029339,0.03451333621640925,3.0,0.0,4,30.0,80.0,mpc / perfect forecast
0.16551724137931034,78.68072515253569,80.94015663468866,123.36344588067766,207.42650709452343,2167.712088267158,3,False,0.012878050715653861,0.034884875060236985,3.0,0.0,4,30.0,80.0,mpc / perfect forecast
0.041379310344827586,136.57106849660244,110.20836469567534,193.4346256802645,216.694406467907,2279.0173466619663,2,False,0.013612835525372428,0.03974206929342351,3.0,0.0,4,30.0,85.0,mpc / perfect forecast
0.06206896551724138,133.93057912837372,81.75748766890662,208.59920707829718,216.62787942331363,2278.2097798208106,1,False,0.013115319879876911,0.03253034222534819,3.0,0.0,4,30.0,85.0,mpc / perfect forecast
1.0,21.494312028842007,14.593526814792037,39.679017315824474,562.8773072401485,1929.446628593983,4,False,0.01284678635891306,0.03330712397312093,3.0,0.0,4,30.0,85.0,mpc / perfect forecast
0.6689655172413793,51.4375622650131,134.1590721158959,159.72517985512502,197.3516721132225,2189.930057012066,5,False,0.0123466265937172,0.028246205039539018,3.0,0.0,4,30.0,85.0,mpc / perfect forecast
0.9172413793103448,28.970781594026462,26.13044374551313,52.89408806758482,361.99826184499534,2294.8127112250195,2,False,0.011946117267450353,0.03011579618606405,3.0,0.0,4,30.0,85.0,mpc / perfect forecast
0.041379310344827586,414.8151561866445,773.4523014558673,773.4523014558673,415.4247214285256,2282.021572731734,2,False,0.012713692475205854,0.02892578576885204,3.0,0.0,4,30.0,85.0,mpc / perfect forecast
0.11724137931034483,164.0503682645143,168.84014097823558,251.652286381394,616.3896494295054,2219.308782814075,4,False,0.012871751723375225,0.03378234569164125,3.0,0.0,4,30.0,90.0,mpc / perfect forecast
0.020689655172413793,924.4181701395448,1738.9133214160204,1738.9133214160204,375.2870479640855,1913.7186554692353,2,False,0.012873211480679507,0.032512177235896965,3.0,0.0,4,30.0,90.0,mpc / perfect forecast
0.05517241379310345,474.42472455277607,1049.421511517362,1049.421511517362,330.8587074060415,2038.4813302225907,3,False,0.01252006619762841,0.03846316925757802,3.0,0.0,4,30.0,90.0,mpc / perfect forecast
0.6896551724137931,58.690393611268064,220.95587131319144,220.95587131319144,423.2196034003374,2061.891890755895,4,False,0.013052382274575969,0.04367603381084167,3.0,0.0,4,30.0,90.0,mpc / perfect forecast
0.06206896551724138,166.6116078741481,136.1761643036694,238.58847669256477,538.7049246042441,1982.9871542715318,5,False,0.012523414869258308,0.04108357136916862,3.0,0.0,4,30.0,90.0,mpc / perfect forecast
0.1310344827586207,160.1528248137402,225.58159812472368,260.30899691714825,533.2132235285012,2043.6806746525813,4,False,0.012257616869211143,0.0337183425663604,3.0,0.0,4,30.0,90.0,mpc / perfect forecast
0.09655172413793103,415.59685275488283,965.0209617051556,965.0209617051556,11.006780417437852,2241.7228560054427,0,False,0.011912154953964938,0.030478083009727115,3.0,0.0,5,10.0,70.0,hold
0.013793103448275862,2334.228464261464,3284.916872642654,3284.916872642654,18.12824786158081,2222.370938371979,0,True,0.01245520142869782,0.031634648675181995,3.0,0.0,5,10.0,70.0,hold
0.013793103448275862,2272.356356147,3282.8123066096236,3282.8123066096236,16.295345936763376,2224.6351062494437,0,True,0.012773252101954147,0.034783376728734,3.0,0.0,5,10.0,70.0,hold
0.020689655172413793,1712.667941136673,3283.0964012146546,3283.0964012146546,19.95374170549757,2231.4884377860544,0,True,0.011795289648279451,0.03367372137474481,3.0,0.0,5,10.0,70.0,hold
0.10344827586206896,334.03933691111564,624.3748453962276,624.3748453962276,15.932967730916463,2251.152318993337,0,False,0.012770988846316287,0.03392191036827701,3.0,0.0,5,10.0,70.0,hold
0.020689655172413793,1740.3637646000936,3284.831582726833,3284.831582726833,18.24876503662858,2232.427101845778,0,True,0.013801605647999031,0.034858443725826325,3.0,0.0,5,10.0,70.0,hold
0.013793103448275862,2630.844330087463,3827.1993141018024,3827.1993141018024,20.019664836790355,2217.465417039707,0,True,0.012785148322523138,0.037802702425938514,3.0,0.0,5,10.0,75.0,hold
0.041379310344827586,446.3354436866268,915.3954758173019,915.3954758173019,17.862100287022958,2247.181541643382,0,False,0.013387495832962266,0.030158038967544414,3.0,0.0,5,10.0,75.0,hold
0.013793103448275862,1880.4561150397478,3736.7306706291947,3736.7306706291947,21.26921578540444,2236.7131845984945,0,False,0.011851263255754394,0.03205285951753979,3.0,0.0,5,10.0,75.0,hold
0.013793103448275862,2149.9837116393237,3831.2729051477713,3831.2729051477713,32.914248529916605,2226.324390155783,0,True,0.013269355781168979,0.03126555966906194,3.0,0.0,5,10.0,75.0,hold
0.041379310344827586,412.4959602415241,716.3702717494806,716.3702717494806,10.569804156512236,2247.6930077187235,0,False,0.013656296502070439,0.03395925461687311,3.0,0.0,5,10.0,75.0,hold
0.013793103448275862,1771.3047652316336,3288.9093148113825,3288.9093148113825,15.885548724232367,2229.3857342134665,0,False,0.012964566339085425,0.032903595042650065,3.0,0.0,5,10.0,75.0,hold
0.034482758620689655,710.0759459812415,1278.3372470370377,1278.3372470370377,5.641755892005783,2253.007557583747,0,False,0.011564208109222244,0.03980975556958648,3.0,0.0,5,10.0,80.0,hold
0.020689655172413793,1888.0720958313784,3898.1133795263904,3898.1133795263904,17.673180077465553,2226.736308689628,0,False,0.01227407275026443,0.036930388924920204,3.0,0.0,5,10.0,80.0,hold
0.013793103448275862,2387.2655884524875,4387.081953191065,4387.081953191065,21.27014248871332,2215.616521672396,0,True,0.012463340887685609,0.029243530432701084,3.0,0.0,5,10.0,80.0,hold
0.034482758620689655,896.9004612486649,1644.9443632702237,1644.9443632702237,18.101372828327616,2261.1477214482,0,False,0.013417463979491069,0.03442434312200704,3.0,0.0,5,10.0,80.0,hold
0.05517241379310345,99.99485027926163,90.7527862798825,159.90882337813568,17.33432338672082,2251.4652743202964,0,False,0.01291431064880821,0.03496973302011987,3.0,0.0,5,10.0,80.0,hold
0.013793103448275862,1942.6547186204425,4023.6220720648626,4023.6220720648626,18.799975826779747,2225.3443439954294,0,False,0.011999112512587591,0.03309820885489361,3.0,0.0,5,10.0,80.0,hold
0.020689655172413793,1575.8243509942768,3230.4666619586887,3230.4666619586887,12.241123667960954,2230.0142810041402,0,False,0.012112493709770293,0.03292834743001979,3.0,0.0,5,10.0,85.0,hold
0.013793103448275862,2460.351866115756,4921.225864615183,4921.225864615183,17.901963903836997,2225.224383293413,0,True,0.012490928115427373,0.0374520919841772,3.0,0.0,5,10.0,85.0,hold
0.013793103448275862,1857.8266327231634,3480.2673387584096,3480.2673387584096,19.708410448444685,2227.0661208132838,0,False,0.012266341176010699,0.030551360363137842,3.0,0.0,5,10.0,85.0,hold
0.027586206896551724,1274.0552464895582,2526.535667582836,2526.535667582836,15.793569585262935,2237.834009615068,0,False,0.012867592047845497,0.0374326519041722,3.0,0.0,5,10.0,85.0,hold
0.020689655172413793,1500.019463339024,2997.5446006183847,2997.5446006183847,20.77165307542632,2233.4628601583954,0,False,0.012409578027480302,0.03612899683919651,3.0,0.0,5,10.0,85.0,hold
0.12413793103448276,464.5548864335803,1094.4506080121705,1094.4506080121705,23.92809216476923,2252.1498219592813,0,False,0.012583703125536024,0.03144962211852293,3.0,0.0,5,10.0,85.0,hold
0.013793103448275862,2546.0928603064217,5335.50245279814,5335.50245279814,23.023381068324674,2215.7572983278687,0,False,0.012072143831144065,0.03110360428135545,3.0,0.0,5,10.0,90.0,hold
0.020689655172413793,1244.68247473604,2579.6295551139688,2579.6295551139688,16.408871741095368,2239.8479954142686,0,False,0.012348825039605354,0.03093088783615673,3.0,0.0,5,10.0,90.0,hold
0.020689655172413793,1935.167929288173,4114.9373987442195,4114.9373987442195,17.849801929391376,2227.1290581245266,0,False,0.011846230158358952,0.031413224382250006,3.0,0.0,5,10.0,90.0,hold
0.034482758620689655,568.8338525415402,1067.8858010084987,1067.8858010084987,17.505952788671507,2259.1174788034978,0,False,0.011589109021340933,0.030481780374300306,3.0,0.0,5,10.0,90.0,hold
0.034482758620689655,1094.040714425192,2199.0715049036367,2199.0715049036367,15.301438111125258,2245.7946654896464,0,False,0.01208785673895365,0.03312906033821673,3.0,0.0,5,10.0,90.0,hold
0.013793103448275862,2383.1574026521566,4777.622332854519,4777.622332854519,13.976538177628598,2224.5929826534075,0,False,0.011874236571783258,0.029769395508686,3.0,0.0,5,10.0,90.0,hold
0.013793103448275862,1896.8950360623667,3215.3775069970625,3215.3775069970625,23.31535998585932,2249.6173028952003,0,True,0.01172656796633863,0.036334689887690105,3.0,0.0,5,15.0,70.0,hold
0.034482758620689655,934.0397539213808,1910.8699675847993,1910.8699675847993,18.027231403047185,2256.8672074354713,0,False,0.012744495237865945,0.0390685583675269,3.0,0.0,5,15.0,70.0,hold
0.013793103448275862,1842.3727629257032,3219.786144103333,3219.786144103333,15.94518613528028,2248.1690752418426,0,True,0.012906699285579658,0.036463051826335635,3.0,0.0,5,15.0,70.0,hold
0.034482758620689655,842.6399608448114,1744.0166859636065,1744.0166859636065,24.421060445363167,2259.186987662328,0,False,0.012454609856350572,0.031673773135035915,3.0,0.0,5,15.0,70.0,hold
0.020689655172413793,1416.2955384757947,2653.5786850168747,2653.5786850168747,15.984824052088422,2244.5958809454974,0,False,0.011811723334602148,0.030333597466630214,3.0,0.0,5,15.0,70.0,hold
0.020689655172413793,1486.848886504801,2822.7820543982402,2822.7820543982402,12.527902718642185,2249.4021930783097,0,False,0.012595718348747979,0.032571687136527985,3.0,0.0,5,15.0,70.0,hold
0.027586206896551724,1027.037850365724,2189.2508850564973,2189.2508850564973,18.563790510609156,2264.282540631929,0,False,0.012261589510344211,0.03241930522607281,3.0,0.0,5,15.0,75.0,hold
0.013793103448275862,2299.0876330866504,3752.6427280994935,3752.6427280994935,21.397547647566967,2235.4212718510385,0,True,0.013603848399416803,0.0409166551638637,3.0,0.0,5,15.0,75.0,hold
0.034482758620689655,1052.0063986055889,2268.994851790919,2268.994851790919,19.334038499021226,2241.9406129900012,0,False,0.012670503464879948,0.029258090520962923,3.0,0.0,5,15.0,75.0,hold
0.013793103448275862,1834.5896772973997,3657.635348116318,3657.635348116318,15.590650230446718,2245.280878387197,0,False,0.012293748655693257,0.029791662551766022,3.0,0.0,5,15.0,75.0,hold
0.013793103448275862,1701.967347843734,3377.2191307764074,3377.2191307764074,20.03395313626704,2254.2950626991196,0,False,0.012249259125141623,0.0369716715594062,3.0,0.0,5,15.0,75.0,hold
0.020689655172413793,1992.2688803294843,3755.7284060656507,3755.7284060656507,17.69321970175882,2236.185184669998,0,True,0.011521454489933355,0.038303230502075805,3.0,0.0,5,15.0,75.0,hold
0.020689655172413793,1206.8147253579352,2507.1273423324387,2507.1273423324387,11.139985464825912,2264.820755605766,0,False,0.01296450626865289,0.036503300237400824,3.0,0.0,5,15.0,80.0,hold
0.020689655172413793,1848.0190330100286,3822.0745802544775,3822.0745802544775,21.108047322124992,2243.2902205411797,0,False,0.012152286395223677,0.036145704829535816,3.0,0.0,5,15.0,80.0,hold
0.020689655172413793,1580.0175778700018,3055.9957032204206,3055.9957032204206,17.47460993334925,2241.184285521868,0,False,0.012575471185794072,0.031029695387793994,3.0,0.0,5,15.0,80.0,hold
0.013793103448275862,1762.890873354287,3505.549178105857,3505.549178105857,16.2400778603915,2239.461688853274,0,False,0.012402795030995133,0.03116346231847306,3.0,0.0,5,15.0,80.0,hold
0.020689655172413793,1476.4105638549463,2915.5425904350163,2915.5425904350163,22.161057727033068,2242.587772390011,0,False,0.012072469362429367,0.04080299682354985,3.0,0.0,5,15.0,80.0,hold
0.027586206896551724,1101.7266842565998,2106.5529474168093,2106.5529474168093,20.55727530970415,2255.0143765966427,0,False,0.013830255031120068,0.03229038495358347,3.0,0.0,5,15.0,80.0,hold
0.020689655172413793,1298.1194710968534,2703.506492727437,2703.506492727437,27.48534068468738,2257.0021761761136,0,False,0.012713011829409534,0.03806647605238997,3.0,0.0,5,15.0,85.0,hold
0.013793103448275862,1522.381059826183,3014.7124143350916,3014.7124143350916,20.193251199472343,2247.7672997060035,0,False,0.01176065075906535,0.03265554704878337,3.0,0.0,5,15.0,85.0,hold
0.013793103448275862,2333.3355187198745,4452.617649834669,4452.617649834669,27.94449331700692,2235.777902723725,0,False,0.012699326414758353,0.0341558665884153,3.0,0.0,5,15.0,85.0,hold
0.013793103448275862,2220.3017152637317,4359.349231820802,4359.349231820802,21.64367802497604,2239.534452881521,0,False,0.012428225240561629,0.0319331751575412,3.0,0.0,5,15.0,85.0,hold
0.020689655172413793,1105.5021138860595,2191.9801955906196,2191.9801955906196,16.269630670469954,2249.8381600129114,0,False,0.011684743776888027,0.03367162051351203,3.0,0.0,5,15.0,85.0,hold
0.013793103448275862,2084.2189304411145,4349.189378750394,4349.189378750394,18.063852309344597,2245.327304088705,0,False,0.011866623621820527,0.03290004149399731,3.0,0.0,5,15.0,85.0,hold
0.034482758620689655,625.7637981747823,1233.698545031895,1233.698545031895,13.49485069801212,2254.5765489520218,0,False,0.013686909213089743,0.038909864536241213,3.0,0.0,5,15.0,90.0,hold
0.013793103448275862,2367.4303818221483,4666.074852287558,4666.074852287558,17.91691870388691,2241.763121438622,0,False,0.013657295592021123,0.03591416587507942,3.0,0.0,5,15.0,90.0,hold
0.020689655172413793,1355.3309063323347,2684.40150277866,2684.40150277866,12.552074747025216,2252.2273222013837,0,False,0.012286536670459279,0.033130355694586,3.0,0.0,5,15.0,90.0,hold
0.020689655172413793,1136.3353594128093,2206.9341479903724,2206.9341479903724,25.60196689933129,2262.9177076321844,0,False,0.013392195560469998,0.03273595701363804,3.0,0.0,5,15.0,90.0,hold
0.020689655172413793,2163.815118477178,4410.304759251748,4410.304759251748,25.998058216774066,2239.896425578794,0,False,0.012261645961327497,0.032674930171415775,3.0,0.0,5,15.0,90.0,hold
0.020689655172413793,1544.059025518908,2934.9760687330713,2934.9760687330713,15.23975109096884,2239.994221949695,0,False,0.012894685521238645,0.035322082912710925,3.0,0.0,5,15.0,90.0,hold
0.034482758620689655,1049.5555505493226,2057.9752453072842,2057.9752453072842,30.68583746143928,2272.772615411172,0,False,0.011371148099739907,0.026957432192087866,3.0,0.0,5,20.0,70.0,hold
0.020689655172413793,1442.1136088240419,2883.3398879093947,2883.3398879093947,19.0282490307178,2264.6347386340403,0,False,0.012244506952961377,0.031212304638733705,3.0,0.0,5,20.0,70.0,hold
0.020689655172413793,1192.8832641363304,2430.983989920402,2430.983989920402,10.897292452827863,2262.1276520047436,0,False,0.012737114055987823,0.029090416389654452,3.0,0.0,5,20.0,70.0,hold
0.027586206896551724,1123.4091776542364,2294.53439013688,2294.53439013688,11.246449643600332,2267.0280434498954,0,False,0.01242191923937348,0.032514702437806645,3.0,0.0,5,20.0,70.0,hold
0.027586206896551724,947.9383061115233,1825.3728612372338,1825.3728612372338,24.77642560804594,2262.368643792336,0,False,0.012846438870735593,0.03477213120579618,3.0,0.0,5,20.0,70.0,hold
0.020689655172413793,1160.6485386903485,2321.9295164860782,2321.9295164860782,13.450453760831362,2274.34903468985,0,False,0.01259582680716118,0.03749808964526679,3.0,0.0,5,20.0,70.0,hold
0.027586206896551724,1225.7710905675901,2433.1012264836086,2433.1012264836086,18.715097028193707,2261.0712289572566,0,False,0.011048105492593937,0.028014370112176445,3.0,0.0,5,20.0,75.0,hold
0.020689655172413793,1429.348497705465,2827.5261181241776,2827.5261181241776,17.538032672363837,2257.5286233920074,0,False,0.01259603294453026,0.03604071491778512,3.0,0.0,5,20.0,75.0,hold
0.020689655172413793,1675.1357010719764,3496.496260937938,3496.496260937938,29.969670078834753,2265.465818416772,0,False,0.013007059673680071,0.03518218331459742,3.0,0.0,5,20.0,75.0,hold
0.027586206896551724,1251.390987523248,2596.917711504244,2596.917711504244,20.894834376031277,2253.2360815034945,0,False,0.01239128906254721,0.03452487642598669,3.0,0.0,5,20.0,75.0,hold
0.020689655172413793,1359.0841863728513,2549.6069873336614,2549.6069873336614,28.96781260726686,2266.4368876925387,0,False,0.013520893682740174,0.0315576091023221,3.0,0.0,5,20.0,75.0,hold
0.020689655172413793,1571.8676219834072,3072.9960807624475,3072.9960807624475,21.639608626247195,2268.933288445019,0,False,0.01295633720340885,0.03152359353425281,3.0,0.0,5,20.0,75.0,hold
0.013793103448275862,1477.3016640185035,2844.4347013161173,2844.4347013161173,18.51050382935405,2266.254901994301,0,False,0.01298907251478281,0.03506320685553894,3.0,0.0,5,20.0,80.0,hold
0.027586206896551724,1021.614276415755,1998.7033896411515,1998.7033896411515,19.290297928665,2257.5603880608455,0,False,0.012662146919591964,0.031217670625011233,3.0,0.0,5,20.0,80.0,hold
0.027586206896551724,1193.769451946026,2295.5412257620724,2295.5412257620724,20.05068282852866,2260.693580360731,0,False,0.012430712096561072,0.03334859595853308,3.0,0.0,5,20.0,80.0,hold
0.027586206896551724,1142.7149276104547,2164.3250680207866,2164.3250680207866,22.521349729189513,2259.2337344131925,0,False,0.012346138206341097,0.03096178042122245,3.0,0.0,5,20.0,80.0,hold
0.013793103448275862,1919.382819713799,3834.3706402769067,3834.3706402769067,19.748704455376522,2260.698938424982,0,False,0.013006877474542308,0.031071514892700648,3.0,0.0,5,20.0,80.0,hold
0.034482758620689655,996.0399804345541,2081.0896994992886,2081.0896994992886,18.184162923673572,2255.8979143682236,0,False,0.012112349161766641,0.03484121307250524,3.0,0.0,5,20.0,80.0,hold
0.013793103448275862,2070.656193599021,4043.300178111157,4043.300178111157,22.818555463354567,2260.982362606311,0,False,0.013285100780367633,0.03272899199847829,3.0,0.0,5,20.0,85.0,hold
0.027586206896551724,1018.615639789091,1948.6611136659437,1948.6611136659437,18.031905238438863,2257.906244169671,0,False,0.013545075081549155,0.03450687324562995,3.0,0.0,5,20.0,85.0,hold
0.013793103448275862,1524.7337661776953,2949.17130253378,2949.17130253378,25.53067312717132,2264.1540457062274,0,False,0.01194946484418716,0.03578563520363067,3.0,0.0,5,20.0,85.0,hold
0.020689655172413793,1455.134542442073,2868.2008717222207,2868.2008717222207,10.466895758669786,2275.0784666152986,0,False,0.012359800500025893,0.034563982666765206,3.0,0.0,5,20.0,85.0,hold
0.020689655172413793,1459.0598026768205,2896.8415757970874,2896.8415757970874,23.986628278324712,2263.175273263296,0,False,0.012380750544422841,0.03383388941100713,3.0,0.0,5,20.0,85.0,hold
0.020689655172413793,1515.8146537670682,3048.898122976269,3048.898122976269,17.905335983879343,2263.837846103132,0,False,0.013668037745387737,0.03675976078971888,3.0,0.0,5,20.0,85.0,hold
0.013793103448275862,1845.317114569714,3437.381653669115,3437.381653669115,31.822514234038085,2265.541785397333,0,False,0.013448648482629482,0.030929159611773338,3.0,0.0,5,20.0,90.0,hold
0.027586206896551724,855.8354392500785,1636.2445223164486,1636.2445223164486,20.622571901277194,2261.782883734041,0,False,0.011776466641355912,0.027954445078880914,3.0,0.0,5,20.0,90.0,hold
0.020689655172413793,1612.49347470862,3314.073191643894,3314.073191643894,22.498952540528837,2267.1454960851916,0,False,0.013142577341684107,0.03456000743096292,3.0,0.0,5,20.0,90.0,hold
0.020689655172413793,1214.0600637115567,2409.8400484341223,2409.8400484341223,19.72377118118425,2258.4966690154497,0,False,0.013081134258133993,0.03705905012128579,3.0,0.0,5,20.0,90.0,hold
0.027586206896551724,1283.2874507666265,2629.9027720447248,2629.9027720447248,13.122203005370334,2263.6402443687457,0,False,0.011544090611749611,0.02825121332145268,3.0,0.0,5,20.0,90.0,hold
0.020689655172413793,1265.6834459622153,2308.8365844658692,2308.8365844658692,17.969263461458773,2273.775903878835,0,False,0.012634250756182417,0.035524880651008346,3.0,0.0,5,20.0,90.0,hold
0.034482758620689655,972.6514627900261,1913.9266491857084,1913.9266491857084,15.754867710411215,2285.707086461908,0,False,0.011576849669367659,0.028865289986737132,3.0,0.0,5,25.0,70.0,hold
0.027586206896551724,941.9769734150713,1839.2298696065568,1839.2298696065568,21.937800633192417,2282.517317300032,0,False,0.01282304854953965,0.03048261654902753,3.0,0.0,5,25.0,70.0,hold
0.020689655172413793,1081.0350541772818,1971.8776168582797,1971.8776168582797,22.904135716397704,2276.8604877736097,0,False,0.01314957137076608,0.030623829869384955,3.0,0.0,5,25.0,70.0,hold
0.034482758620689655,1057.5040832290406,2085.4367104804132,2085.4367104804132,9.974880446612625,2277.5802498862276,0,False,0.012013870284879992,0.032919882049024025,3.0,0.0,5,25.0,70.0,hold
0.027586206896551724,772.5480696017584,1464.7330865021659,1464.7330865021659,17.18423118507414,2291.045536013284,0,False,0.013617648845732657,0.037771360275173006,3.0,0.0,5,25.0,70.0,hold
0.027586206896551724,700.3275726137673,1413.7907870957843,1413.7907870957843,24.09809900434757,2287.1367126577425,0,False,0.012511477740714943,0.0332391887536024,3.0,0.0,5,25.0,70.0,hold
0.034482758620689655,671.722237315079,1418.7276154141107,1418.7276154141107,26.701245670235107,2288.1705689537384,0,False,0.013324490706415093,0.032905531621941486,3.0,0.0,5,25.0,75.0,hold
0.027586206896551724,952.7927979770741,1803.1894264269058,1803.1894264269058,9.579086600760286,2292.089821122955,0,False,0.011392454797209241,0.027991918517579824,3.0,0.0,5,25.0,75.0,hold
0.020689655172413793,1276.673918985384,2469.89827009351,2469.89827009351,18.085604324240485,2286.12317576712,0,False,0.012274704058492368,0.033214374927770574,3.0,0.0,5,25.0,75.0,hold
0.034482758620689655,640.5605783061825,1317.7867731074616,1317.7867731074616,19.176938894803172,2291.366197967252,0,False,0.013055419564399706,0.03286110952736129,3.0,0.0,5,25.0,75.0,hold
0.027586206896551724,1167.3247092201937,2245.251896111224,2245.251896111224,14.52132738552023,2289.1795131323283,0,False,0.012556306254027946,0.02915371326886529,3.0,0.0,5,25.0,75.0,hold
0.020689655172413793,1152.7923496008682,2198.916181637053,2198.916181637053,13.880691207156099,2285.2475731420413,0,False,0.012610763218727299,0.034533271601701054,3.0,0.0,5,25.0,75.0,hold
0.027586206896551724,1036.5993313789725,2019.7603845443648,2019.7603845443648,10.555840159410602,2287.8636205119155,0,False,0.012054454785909477,0.0336283709125473,3.0,0.0,5,25.0,80.0,hold
0.020689655172413793,1622.0722075322853,3259.777381260251,3259.777381260251,16.03430739877592,2280.993434870862,0,False,0.012739951089371664,0.031811723085973784,3.0,0.0,5,25.0,80.0,hold
0.041379310344827586,1225.371650226262,2436.244793297036,2436.244793297036,12.966778621319273,2288.4767914107933,0,False,0.012456339198590674,0.03148151043040824,3.0,0.0,5,25.0,80.0,hold
0.020689655172413793,1106.534713098579,2340.37817832844,2340.37817832844,14.601412018083153,2279.2390260896514,0,False,0.01308647450548335,0.03486121518648454,3.0,0.0,5,25.0,80.0,hold
0.020689655172413793,1189.8143767109386,2218.591726985172,2218.591726985172,18.01094840919471,2290.5183140735676,0,False,0.0121106624766323,0.03047981079313872,3.0,0.0,5,25.0,80.0,hold
0.020689655172413793,1161.3288882007232,2173.891075034463,2173.891075034463,13.663093277813283,2292.205046066599,0,False,0.013429565392678998,0.030686643368111208,3.0,0.0,5,25.0,80.0,hold
0.034482758620689655,1066.2211771932934,2240.0362683437784,2240.0362683437784,11.868484117583764,2282.536016615605,0,False,0.012748872837439706,0.03199517592842232,3.0,0.0,5,25.0,85.0,hold
0.020689655172413793,1493.8015786394888,3031.2492098264797,3031.2492098264797,14.57375928997968,2287.303252038609,0,False,0.013208581060584182,0.033964062143814325,3.0,0.0,5,25.0,85.0,hold
0.027586206896551724,1098.5484589567477,2301.79716312589,2301.79716312589,27.495167143652292,2274.5408757244613,0,False,0.012633676936984028,0.03614056775882873,3.0,0.0,5,25.0,85.0,hold
0.027586206896551724,1137.6885532460617,2360.4945442909366,2360.4945442909366,18.72702048878877,2274.5019579492005,0,False,0.013549776041179327,0.03489149519675013,3.0,0.0,5,25.0,85.0,hold
0.020689655172413793,1263.7234213265542,2631.5285918881386,2631.5285918881386,15.583253224493602,2293.2674626234448,0,False,0.01305617434961898,0.032741954839173915,3.0,0.0,5,25.0,85.0,hold
0.027586206896551724,1221.3800144905763,2537.740150683853,2537.740150683853,21.58777488918747,2290.0399132742737,0,False,0.012783689179385438,0.034652096669569254,3.0,0.0,5,25.0,85.0,hold
0.027586206896551724,686.7876972271814,1319.3832525763614,1319.3832525763614,16.102445698413593,2274.577518965829,0,False,0.012841234996833319,0.03198539326469982,3.0,0.0,5,25.0,90.0,hold
0.020689655172413793,1387.8884025959026,2743.9853802828657,2743.9853802828657,19.969510614576148,2288.6712877590594,0,False,0.012715027959735933,0.04369898132268331,3.0,0.0,5,25.0,90.0,hold
0.020689655172413793,1260.0254507849213,2484.372729584816,2484.372729584816,12.544550214511228,2292.4600088606367,0,False,0.01198348018339379,0.03334204142638927,3.0,0.0,5,25.0,90.0,hold
0.020689655172413793,1367.5864078894847,2577.9020737374203,2577.9020737374203,10.419985749668642,2287.953236622808,0,False,0.011826578461799322,0.031314925310000276,3.0,0.0,5,25.0,90.0,hold
0.041379310344827586,900.6808022130112,1978.5198034254759,1978.5198034254759,16.41793685478243,2270.3232862933933,0,False,0.013087588344664723,0.03775665774805733,3.0,0.0,5,25.0,90.0,hold
0.041379310344827586,668.7451942023562,1407.2952445282992,1407.2952445282992,7.1874979962431755,2277.3201843262013,0,False,0.01167889910546794,0.02698666574931066,3.0,0.0,5,25.0,90.0,hold
0.14482758620689656,114.76824025799706,333.79823833886394,333.79823833886394,17.349434360318284,2300.0566598108676,0,False,0.012152830702695938,0.024748293463379603,3.0,0.0,5,30.0,70.0,hold
0.0896551724137931,321.4131153620873,685.6473505785193,685.6473505785193,12.224863274256535,2313.417124126655,0,False,0.011425756141267859,0.03136250630268122,3.0,0.0,5,30.0,70.0,hold
0.05517241379310345,517.411859927377,956.7874225541898,956.7874225541898,8.82711255741373,2300.6547824630716,0,False,0.011496627540070796,0.03048775502871255,3.0,0.0,5,30.0,70.0,hold
0.041379310344827586,557.2512772346772,1080.5576254332693,1080.5576254332693,7.974179149373073,2293.548082254214,0,False,0.012805216121117752,0.04438349448317286,3.0,0.0,5,30.0,70.0,hold
0.14482758620689656,123.80746847111031,242.97030688210685,242.97030688210685,13.434394238596713,2293.482732227616,0,False,0.01216309795176719,0.04630599019529617,3.0,0.0,5,30.0,70.0,hold
0.06206896551724138,593.4034932715367,1226.1267813268787,1226.1267813268787,14.146775098685776,2300.5259980753226,0,False,0.011699335184970688,0.03213158733078268,3.0,0.0,5,30.0,70.0,hold
0.034482758620689655,625.8594629545764,1280.4081858028426,1280.4081858028426,10.445707908630224,2298.459947373695,0,False,0.012251016626824027,0.028278031479008547,3.0,0.0,5,30.0,75.0,hold
0.027586206896551724,1095.369292733952,2372.906988503137,2372.906988503137,10.025684720286296,2300.9907800374344,0,False,0.012673592386319215,0.03438819062101848,3.0,0.0,5,30.0,75.0,hold
0.041379310344827586,726.4189828145021,1736.5834053018202,1736.5834053018202,5.960522786973949,2312.1089609932046,0,False,0.01228389108306727,0.03138479414468924,3.0,0.0,5,30.0,75.0,hold
0.041379310344827586,737.0411677911715,1533.757813606817,1533.757813606817,8.623687389034648,2296.708174268149,0,False,0.011793777209038944,0.0309780149682161,3.0,0.0,5,30.0,75.0,hold
0.05517241379310345,533.9964454557877,1067.116692168735,1067.116692168735,14.04854607136417,2314.1276622549854,0,False,0.01189821381173963,0.0306912046706525,3.0,0.0,5,30.0,75.0,hold
0.041379310344827586,697.696883802547,1318.3222328191305,1318.3222328191305,13.5521983177539,2315.2731207821867,0,False,0.013630835982231927,0.030336245857077844,3.0,0.0,5,30.0,75.0,hold
0.020689655172413793,682.6723265526423,1358.0361213463693,1358.0361213463693,14.366423848214573,2303.167724921368,0,False,0.01247306698616051,0.03505659494564076,3.0,0.0,5,30.0,80.0,hold
0.041379310344827586,815.8755888841106,1637.1638398281787,1637.1638398281787,12.776851982704418,2296.687054560705,0,False,0.013296447282999493,0.02910366436192696,3.0,0.0,5,30.0,80.0,hold
0.041379310344827586,821.2829334182727,1683.2046019115253,1683.2046019115253,14.966075403691372,2286.674339973736,0,False,0.013028989571707693,0.027724588314317424,3.0,0.0,5,30.0,80.0,hold
0.034482758620689655,682.1667341782077,1153.5535044634912,1153.5535044634912,6.067990405087751,2303.9636619765615,0,False,0.01258046151768299,0.02949840928831514,3.0,0.0,5,30.0,80.0,hold
0.034482758620689655,601.3087519023517,1113.3464000600188,1113.3464000600188,10.539781770015875,2317.7079849313036,0,False,0.013352460086419759,0.03451333880249974,3.0,0.0,5,30.0,80.0,hold
0.034482758620689655,1030.6470656394706,2070.765940524495,2070.765940524495,21.26976835768502,2273.3648915367753,0,False,0.012878050702849378,0.03488487312028436,3.0,0.0,5,30.0,80.0,hold
0.06896551724137931,330.216665105239,628.020496526806,628.020496526806,8.628790622142578,2308.560441775717,0,False,0.013612835509057472,0.039742069885803075,3.0,0.0,5,30.0,85.0,hold
0.1103448275862069,418.48276400785255,857.0501577155793,857.0501577155793,15.219984225483364,2314.2215206744145,0,False,0.013115319881221187,0.032530342146950476,3.0,0.0,5,30.0,85.0,hold
0.027586206896551724,1156.1030946233238,2368.335657439338,2368.335657439338,10.321779194165941,2307.3937793320715,0,False,0.012846786345524261,0.03330712502645315,3.0,0.0,5,30.0,85.0,hold
0.09655172413793103,224.773661098671,400.9636699169224,400.9636699169224,11.051563645777062,2301.687928219781,0,False,0.012346626589233172,0.028246205011773655,3.0,0.0,5,30.0,85.0,hold
0.034482758620689655,624.492702567959,1379.497043372393,1379.497043372393,16.601311209050944,2281.6592016035615,0,False,0.011946117279794822,0.030115795776140816,3.0,0.0,5,30.0,85.0,hold
0.06206896551724138,495.4865319741074,1268.7789514260276,1268.7789514260276,10.911076479015133,2279.091540305395,0,False,0.012713692368741212,0.02892578473689218,3.0,0.0,5,30.0,85.0,hold
0.07586206896551724,315.2243989517559,667.3995738986498,667.3995738986498,8.068606259582548,2299.6091524512553,0,False,0.012871751710470435,0.03378234518771873,3.0,0.0,5,30.0,90.0,hold
0.2827586206896552,93.57342125103074,239.67496247585177,239.67496247585177,12.585395796615627,2293.1488715179157,0,False,0.012873211506538917,0.032512177027950166,3.0,0.0,5,30.0,90.0,hold
0.11724137931034483,609.0526227424333,1408.5381701373574,1408.5381701373574,17.63608199389243,2302.5389324215203,0,False,0.012520066203369309,0.03846316952856045,3.0,0.0,5,30.0,90.0,hold
0.0896551724137931,635.3881019054212,1213.42135246575,1213.42135246575,11.482434506758722,2302.5782368407868,0,False,0.013052382305281345,0.043676035148457415,3.0,0.0,5,30.0,90.0,hold
0.04827586206896552,767.3783197092887,1549.884811039307,1549.884811039307,5.917678502545473,2301.1862765313053,0,False,0.012523414850836563,0.04108357139801421,3.0,0.0,5,30.0,90.0,hold
0.034482758620689655,620.4267314690549,1243.648124262992,1243.648124262992,18.758756272308457,2302.348243870785,0,False,0.012257616884997715,0.03371834279605287,3.0,0.0,5,30.0,90.0,hold
0.21379310344827587,133.30248320707437,158.11680720994823,219.36327279722946,156.64590433777002,2243.671210492322,2,False,0.011912154951937308,0.03047808294790212,3.0,0.0,5,10.0,70.0,mpc / perfect forecast
0.013793103448275862,753.1479090970101,1447.0291738716426,1447.0291738716426,313.2527932970869,2256.4316491318373,0,False,0.01245520143422123,0.03163464859390635,3.0,0.0,5,10.0,70.0,mpc / perfect forecast
0.013793103448275862,348.3202531816779,690.5404743697721,690.5404743697721,314.7456646494154,1963.6353471460957,0,False,0.012773252121951857,0.034783377068812536,3.0,0.0,5,10.0,70.0,mpc / perfect forecast
0.42758620689655175,56.62990767201637,91.83575781850637,96.70282832292663,333.92117246569717,2249.2254596132348,2,False,0.011795289637267437,0.03367372137724665,3.0,0.0,5,10.0,70.0,mpc / perfect forecast
0.4,62.660782144238226,134.9493315739362,134.9493315739362,392.32589576298705,2153.6763398284643,6,False,0.012770988848224082,0.033921910371884446,3.0,0.0,5,10.0,70.0,mpc / perfect forecast
0.020689655172413793,749.9165484842551,1479.6288728790084,1479.6288728790084,156.69839927883305,2120.268336550417,0,False,0.013801605647198163,0.03485844418310004,3.0,0.0,5,10.0,70.0,mpc / perfect forecast
0.013793103448275862,887.2239683520594,1605.0591538727392,1605.0591538727392,373.99009882709345,2252.215359584817,0,False,0.012785148324461744,0.037802702425938514,3.0,0.0,5,10.0,75.0,mpc / perfect forecast
0.7379310344827587,40.26295430382699,42.96021062005356,92.54144443083277,345.29738816547683,2154.351491712285,5,False,0.013387495836482622,0.030158039108634016,3.0,0.0,5,10.0,75.0,mpc / perfect forecast
0.013793103448275862,759.1514689422961,1492.4418889609997,1492.4418889609997,174.5739927991298,2255.521175245715,0,False,0.01185126326297526,0.03205285954889014,3.0,0.0,5,10.0,75.0,mpc / perfect forecast
0.013793103448275862,718.964213564118,1518.4519248242495,1518.4519248242495,234.53454235329784,2253.1810420428187,0,False,0.013269355780178368,0.03126555933239526,3.0,0.0,5,10.0,75.0,mpc / perfect forecast
0.4413793103448276,54.24193477395214,124.16235549881925,124.16235549881925,162.32886710534186,2253.1192897145374,2,False,0.013656296498749165,0.0339592547379877,3.0,0.0,5,10.0,75.0,mpc / perfect forecast
0.020689655172413793,300.5448631433456,401.0331870858531,421.2002850413738,295.253498688988,2248.101158477008,2,False,0.012964566345182237,0.032903595621264436,3.0,0.0,5,10.0,75.0,mpc / perfect forecast
0.034482758620689655,709.9503443207158,1278.1057454662289,1278.1057454662289,5.46282107409843,2253.015029348384,0,False,0.011564208109291896,0.03980975557076224,3.0,0.0,5,10.0,80.0,mpc / perfect forecast
0.1310344827586207,127.31180645455194,205.72353587431192,243.92059574082467,303.50911807251885,2057.0437646576256,2,False,0.012274072751131357,0.0369303889155492,3.0,0.0,5,10.0,80.0,mpc / perfect forecast
0.013793103448275862,198.7352666474766,479.068004010178,479.068004010178,253.351464713485,2256.1313740274863,0,False,0.012463340880103686,0.029243530168380612,3.0,0.0,5,10.0,80.0,mpc / perfect forecast
0.2827586206896552,74.84552015312292,72.39088198817801,142.44945464931672,436.50356168355984,2045.6805350824,8,False,0.013417463970451411,0.03442434313899189,3.0,0.0,5,10.0,80.0,mpc / perfect forecast
0.0896551724137931,96.92087443641478,77.43236351882605,161.12804829504654,120.48481984808646,2151.985919704817,2,False,0.012914310648678132,0.03496973301331972,3.0,0.0,5,10.0,80.0,mpc / perfect forecast
0.3931034482758621,63.04540155696342,41.574605184778086,148.175378559677,654.9501350358009,1926.9522961519576,6,False,0.011999112511830404,0.033098209137974705,3.0,0.0,5,10.0,80.0,mpc / perfect forecast
0.020689655172413793,675.9363793599699,1362.8321804642114,1362.8321804642114,117.27351291235266,2139.643963939417,0,False,0.012112493721820312,0.03292834740818575,3.0,0.0,5,10.0,85.0,mpc / perfect forecast
0.013793103448275862,876.4654504194935,1722.311390496697,1722.311390496697,294.0739292261294,2251.516053958784,0,False,0.012490928119600182,0.03745209198742566,3.0,0.0,5,10.0,85.0,mpc / perfect forecast
0.020689655172413793,438.24375010232177,683.46351448705,683.46351448705,227.59279510510376,2028.980115029652,0,False,0.012266341174477873,0.030551360218914497,3.0,0.0,5,10.0,85.0,mpc / perfect forecast
0.14482758620689656,123.64370701181221,231.66443755484735,231.66443755484735,297.842835724305,2157.0917745868333,4,False,0.012867592032864191,0.03743265166123418,3.0,0.0,5,10.0,85.0,mpc / perfect forecast
0.10344827586206896,117.84970707590433,208.55180692545036,208.55180692545036,586.7063028854714,2254.127609258771,6,False,0.012409578009748462,0.03612899684004198,3.0,0.0,5,10.0,85.0,mpc / perfect forecast
0.1310344827586207,448.0975164996493,1063.781174179197,1063.781174179197,13.17451078979767,2253.473361004177,0,False,0.012583703125082255,0.03144962211860827,3.0,0.0,5,10.0,85.0,mpc / perfect forecast
0.013793103448275862,849.1896489485202,1565.1940053855446,1565.1940053855446,294.48699814756185,2250.945373526558,0,False,0.012072143830256121,0.03110360418345351,3.0,0.0,5,10.0,90.0,mpc / perfect forecast
0.3448275862068966,62.97917296861569,43.39477286642265,101.64572407168056,499.43658918989394,2252.418908713036,5,False,0.012348825043266403,0.030930887840866988,3.0,0.0,5,10.0,90.0,mpc / perfect forecast
0.4413793103448276,75.47533357296129,272.3361269687358,272.3361269687358,738.8463551003551,1990.8813553531625,9,False,0.011846230159732797,0.03141322431636103,3.0,0.0,5,10.0,90.0,mpc / perfect forecast
0.5241379310344828,50.93144027700432,22.046406564763316,104.75484131551242,325.5514125020177,2154.942141546206,5,False,0.011589109018147352,0.030481780381972794,3.0,0.0,5,10.0,90.0,mpc / perfect forecast
0.034482758620689655,846.4391051421197,1653.5231330182137,1653.5231330182137,46.7420092546671,2248.505036285042,0,False,0.012087856736800295,0.033129060417515115,3.0,0.0,5,10.0,90.0,mpc / perfect forecast
0.013793103448275862,467.78706045760083,809.4110898288139,809.4110898288139,357.824729363999,2255.981284420851,0,False,0.011874236567354602,0.02976939540710637,3.0,0.0,5,10.0,90.0,mpc / perfect forecast
0.013793103448275862,990.847935031077,1974.3713521443665,1974.3713521443665,258.63741540469266,2262.67429026769,0,False,0.011726567970468251,0.03633468988454359,3.0,0.0,5,15.0,70.0,mpc / perfect forecast
0.041379310344827586,847.8362136249034,1737.0622492119915,1737.0622492119915,53.18877428061897,2254.0099852645644,0,False,0.012744495237556554,0.0390685583675269,3.0,0.0,5,15.0,70.0,mpc / perfect forecast
0.020689655172413793,791.233041457915,1731.7522730090816,1731.7522730090816,316.71466265728964,2233.90139157936,0,False,0.012906699294825213,0.03646305207968769,3.0,0.0,5,15.0,70.0,mpc / perfect forecast
0.041379310344827586,684.8690619986384,1439.8447564998837,1439.8447564998837,58.28953317791133,2241.3535843255727,0,False,0.01245460985497748,0.03167377315946508,3.0,0.0,5,15.0,70.0,mpc / perfect forecast
0.027586206896551724,252.02002829853495,456.42073079038084,462.68242218457704,295.8664238965748,2257.1139842170996,0,False,0.011811723362077106,0.030333597447601272,3.0,0.0,5,15.0,70.0,mpc / perfect forecast
0.020689655172413793,1110.7832858101733,2155.9194142587203,2155.9194142587203,168.35053170605528,2116.633776695404,0,False,0.012595718354515418,0.032571687340617786,3.0,0.0,5,15.0,70.0,mpc / perfect forecast
0.027586206896551724,979.9407255736642,2109.9047544031996,2109.9047544031996,19.359670546344958,2264.745963150235,0,False,0.01226158951103679,0.032419305223680854,3.0,0.0,5,15.0,75.0,mpc / perfect forecast
0.013793103448275862,1134.6742592772737,2131.577878831682,2131.577878831682,400.30796389261025,2254.041919534701,0,False,0.013603848393644008,0.04091665542847766,3.0,0.0,5,15.0,75.0,mpc / perfect forecast
0.1103448275862069,116.6341224369927,214.7337278430153,214.7337278430153,238.41813526339288,2259.2115502690312,0,False,0.01267050346882298,0.029258090535599683,3.0,0.0,5,15.0,75.0,mpc / perfect forecast
0.013793103448275862,1119.2860375028124,2102.6635659542517,2102.6635659542517,310.52550520379526,2261.914285812927,0,False,0.012293748633375208,0.02979166214795358,3.0,0.0,5,15.0,75.0,mpc / perfect forecast
0.013793103448275862,1034.438526382954,2151.6532591369214,2151.6532591369214,221.62481661291815,2265.2053223893154,0,False,0.01224925910432179,0.03697167131804351,3.0,0.0,5,15.0,75.0,mpc / perfect forecast
0.020689655172413793,778.7692475775297,1655.2386514484026,1655.2386514484026,352.9349062851458,1933.6757797378814,0,False,0.01152145449010828,0.038303230503966224,3.0,0.0,5,15.0,75.0,mpc / perfect forecast
0.020689655172413793,1037.3737361372284,2113.3940353174203,2113.3940353174203,70.501645337907,2266.504867404632,0,False,0.012964506266881812,0.03650330032964298,3.0,0.0,5,15.0,80.0,mpc / perfect forecast
0.020689655172413793,752.0918410953769,1446.3603639857588,1446.3603639857588,342.57385510404475,1927.599918240403,0,False,0.01215228638555295,0.03614570418770603,3.0,0.0,5,15.0,80.0,mpc / perfect forecast
0.13793103448275862,127.20555515050698,332.2275910784613,332.2275910784613,397.80810604521037,2148.4183245350364,2,False,0.012575471189920421,0.031029695386951075,3.0,0.0,5,15.0,80.0,mpc / perfect forecast
0.013793103448275862,791.3947968295487,1460.6032705297528,1460.6032705297528,412.38412476028793,2195.7968949482,0,False,0.012402795045661297,0.03116346234882925,3.0,0.0,5,15.0,80.0,mpc / perfect forecast
0.027586206896551724,658.3042801848808,1327.7189898278693,1327.7189898278693,381.64620698461016,2156.528286338756,2,False,0.012072469359529997,0.04080299713336399,3.0,0.0,5,15.0,80.0,mpc / perfect forecast
0.034482758620689655,775.106239458148,1600.758461990854,1600.758461990854,100.85044381710983,2257.7562352776768,0,False,0.013830255030305919,0.032290385055311864,3.0,0.0,5,15.0,80.0,mpc / perfect forecast
0.020689655172413793,796.2705241662476,1433.815171731318,1433.815171731318,145.53049430422598,2260.923983998987,0,False,0.012713011836078475,0.03806647688017434,3.0,0.0,5,15.0,85.0,mpc / perfect forecast
0.020689655172413793,817.2301612319777,1431.5395932185108,1431.5395932185108,272.5945906334443,2263.954012927554,0,False,0.011760650769531792,0.03265554727986677,3.0,0.0,5,15.0,85.0,mpc / perfect forecast
0.013793103448275862,984.8416236112765,1758.767547842179,1758.767547842179,386.5475402075558,1872.6109540684618,1,False,0.012699326418562399,0.03415586675636356,3.0,0.0,5,15.0,85.0,mpc / perfect forecast
0.020689655172413793,911.7114689301966,1839.6961783407735,1839.6961783407735,292.5985044564686,2264.926340986871,0,False,0.012428225217234372,0.031933175080681483,3.0,0.0,5,15.0,85.0,mpc / perfect forecast
0.020689655172413793,744.4642071201954,1535.018936761289,1535.018936761289,272.168187913335,2107.9188129902564,3,False,0.011684743775266179,0.03367162024208693,3.0,0.0,5,15.0,85.0,mpc / perfect forecast
0.013793103448275862,874.6126556913769,1591.6065279865898,1591.6065279865898,379.0521351244465,2259.5507813435365,0,False,0.011866623610122903,0.03290004118553919,3.0,0.0,5,15.0,85.0,mpc / perfect forecast
0.041379310344827586,328.2873264313518,678.6170559157658,678.6170559157658,133.22267832589463,2149.2489140428147,0,False,0.013686909219788048,0.038909864722099716,3.0,0.0,5,15.0,90.0,mpc / perfect forecast
0.013793103448275862,1142.852174783903,2238.694730993399,2238.694730993399,337.5912348900079,1942.6576915733135,0,False,0.013657295591717786,0.03591416604619817,3.0,0.0,5,15.0,90.0,mpc / perfect forecast
0.027586206896551724,969.2768867376823,1877.5071946035675,1877.5071946035675,127.57982846036562,2251.8090402606804,0,False,0.012286536675847988,0.033130355805174094,3.0,0.0,5,15.0,90.0,mpc / perfect forecast
0.020689655172413793,1057.2691389527492,2084.144872660885,2084.144872660885,44.16962862953848,2238.4327319870804,0,False,0.013392195557611935,0.03273595702100257,3.0,0.0,5,15.0,90.0,mpc / perfect forecast
0.020689655172413793,827.619874667063,1720.103370383662,1720.103370383662,285.55890194558447,2262.622036098235,0,False,0.012261645967075983,0.03267493017295326,3.0,0.0,5,15.0,90.0,mpc / perfect forecast
0.027586206896551724,549.1138457532224,950.2907244699129,950.2907244699129,347.19431431440603,2257.1360895154007,0,False,0.012894685527921449,0.03532208369252496,3.0,0.0,5,15.0,90.0,mpc / perfect forecast
0.034482758620689655,922.1975331643121,1888.530259045675,1888.530259045675,214.90736562473867,2115.0699143168454,1,False,0.011371148103567836,0.02695743213085183,3.0,0.0,5,20.0,70.0,mpc / perfect forecast
0.020689655172413793,1143.1600078989738,2145.785804378146,2145.785804378146,239.42427082339756,2269.6274979327245,0,False,0.012244506945555752,0.031212304554177242,3.0,0.0,5,20.0,70.0,mpc / perfect forecast
0.034482758620689655,746.3365289123574,1575.4922970074804,1575.4922970074804,773.1103555469813,2239.142427527554,3,False,0.012737114052018139,0.02909041635682442,3.0,0.0,5,20.0,70.0,mpc / perfect forecast
0.034482758620689655,1085.7138278833934,2236.1409220085175,2236.1409220085175,41.66579478810884,2267.145851713285,0,False,0.012421919239801519,0.03251470235719422,3.0,0.0,5,20.0,70.0,mpc / perfect forecast
0.027586206896551724,828.9757697612729,1650.8736726251602,1650.8736726251602,214.4166874464652,2264.090588806433,2,False,0.012846438868640155,0.03477213120441278,3.0,0.0,5,20.0,70.0,mpc / perfect forecast
0.020689655172413793,1011.512757405511,2018.4933325366155,2018.4933325366155,424.4765713575452,2149.274478812826,4,False,0.012595826807891624,0.03749808990897092,3.0,0.0,5,20.0,70.0,mpc / perfect forecast
0.027586206896551724,1083.664726402947,2026.7167118225668,2026.7167118225668,644.1834981134988,2058.4714462841857,7,False,0.011048105491724827,0.028014370064407663,3.0,0.0,5,20.0,75.0,mpc / perfect forecast
0.020689655172413793,1275.7660355672579,2476.5652144029114,2476.5652144029114,409.1040799481512,2086.6206917212444,3,False,0.012596032950706293,0.0360407148492502,3.0,0.0,5,20.0,75.0,mpc / perfect forecast
0.020689655172413793,1265.34695723179,2460.5602446175367,2460.5602446175367,251.4211560704462,2276.00232718726,0,False,0.013007059669007746,0.03518218336832295,3.0,0.0,5,20.0,75.0,mpc / perfect forecast
0.034482758620689655,829.8782826264227,1628.848023195413,1628.848023195413,368.01147592212357,2058.39547960374,1,False,0.01239128906416708,0.03452487646348565,3.0,0.0,5,20.0,75.0,mpc / perfect forecast
0.020689655172413793,1257.9963974742445,2312.856363913666,2312.856363913666,564.4860916479711,2063.367045666561,6,False,0.013520893684180323,0.03155760915100255,3.0,0.0,5,20.0,75.0,mpc / perfect forecast
0.020689655172413793,1339.0388292298312,2707.9294825226866,2707.9294825226866,118.4589178313452,2178.052366710824,0,False,0.012956337199093993,0.03152359345709953,3.0,0.0,5,20.0,75.0,mpc / perfect forecast
0.013793103448275862,1402.9596561698268,2732.7551846283104,2732.7551846283104,432.061015748384,2064.5325353849685,3,False,0.012989072512576754,0.03506320616909288,3.0,0.0,5,20.0,80.0,mpc / perfect forecast
0.027586206896551724,800.498698956289,1652.0991581527162,1652.0991581527162,465.989936499166,2034.1175233901456,3,False,0.012662146917851664,0.031217670277942415,3.0,0.0,5,20.0,80.0,mpc / perfect forecast
0.027586206896551724,1094.3743105300075,2119.2499591500778,2119.2499591500778,511.3171385709132,2053.0823784443783,5,False,0.012430712099092444,0.03334859588423779,3.0,0.0,5,20.0,80.0,mpc / perfect forecast
0.027586206896551724,1089.0346467327192,2114.3604112258454,2114.3604112258454,464.6164109332552,2053.0542693662996,5,False,0.012346138202726245,0.030961781122042013,3.0,0.0,5,20.0,80.0,mpc / perfect forecast
0.013793103448275862,1308.8280303414176,2528.5136169721004,2528.5136169721004,592.4197369231862,2269.1144427003205,2,False,0.013006877479741056,0.03107151491414674,3.0,0.0,5,20.0,80.0,mpc / perfect forecast
0.041379310344827586,856.4711120849886,1803.3355210170992,1803.3355210170992,300.77889717393845,2252.7911007459666,3,False,0.01211234915799739,0.034841213038230484,3.0,0.0,5,20.0,80.0,mpc / perfect forecast
0.013793103448275862,1483.304230593576,2758.6143538454967,2758.6143538454967,305.1545321809948,2269.3358763052324,0,False,0.01328510077271582,0.032728991608709214,3.0,0.0,5,20.0,85.0,mpc / perfect forecast
0.027586206896551724,1004.5114026534881,1968.9632036420296,1968.9632036420296,253.44600960755866,2229.3622715931865,2,False,0.013545075079719871,0.03450687328575332,3.0,0.0,5,20.0,85.0,mpc / perfect forecast
0.013793103448275862,1376.2157176504836,2680.4670734231286,2680.4670734231286,807.742159466004,1962.8629579890517,7,False,0.011949464846110525,0.035785635182404706,3.0,0.0,5,20.0,85.0,mpc / perfect forecast
0.020689655172413793,1194.4307320307425,2359.755369892438,2359.755369892438,951.7842173467476,1984.2892124129116,5,False,0.012359800503060259,0.034563983280833294,3.0,0.0,5,20.0,85.0,mpc / perfect forecast
0.020689655172413793,1355.1198974429324,2598.5678277305215,2598.5678277305215,219.35774413289303,2256.5254729879107,2,False,0.012380750545548755,0.033833889286314214,3.0,0.0,5,20.0,85.0,mpc / perfect forecast
0.020689655172413793,1362.0126918163398,2698.624169659448,2698.624169659448,373.85526334286834,2063.7654653319487,2,False,0.0136680377443993,0.036759760691897056,3.0,0.0,5,20.0,85.0,mpc / perfect forecast
0.013793103448275862,1478.5802567508103,2746.4483297680995,2746.4483297680995,347.0577561553149,2270.5394572502114,2,False,0.013448648475287836,0.030929159642876236,3.0,0.0,5,20.0,90.0,mpc / perfect forecast
0.027586206896551724,745.3789554577627,1457.883787053186,1457.883787053186,231.2906359401269,2261.432345886003,2,False,0.01177646665523287,0.02795444482597768,3.0,0.0,5,20.0,90.0,mpc / perfect forecast
0.020689655172413793,1388.655329868231,2760.2802238383742,2760.2802238383742,519.2094958253407,2270.413965465286,4,False,0.013142577335494517,0.03456000746874681,3.0,0.0,5,20.0,90.0,mpc / perfect forecast
0.020689655172413793,830.408395278282,1574.844356454351,1574.844356454351,569.1532294828668,1907.161218644341,2,False,0.013081134251594363,0.037059050123958465,3.0,0.0,5,20.0,90.0,mpc / perfect forecast
0.027586206896551724,985.6902525543825,2200.850220909674,2200.850220909674,221.64927604369265,2270.141735029764,0,False,0.011544090608807747,0.028251212992616622,3.0,0.0,5,20.0,90.0,mpc / perfect forecast
0.020689655172413793,1123.1972631589715,2079.747288940704,2079.747288940704,480.9751364792111,2071.7500032452963,5,False,0.012634250753689532,0.035524880341070396,3.0,0.0,5,20.0,90.0,mpc / perfect forecast
0.027586206896551724,764.7516937426626,1409.0722121259862,1409.0722121259862,846.4857012760077,1995.0362726079165,7,False,0.011576849681263471,0.02886529055327078,3.0,0.0,5,25.0,70.0,mpc / perfect forecast
0.027586206896551724,847.3162060024596,1604.9393135589728,1604.9393135589728,410.2061857686869,2283.9324542398317,3,False,0.012823048542624487,0.03048261635151153,3.0,0.0,5,25.0,70.0,mpc / perfect forecast
0.027586206896551724,651.216224012705,1229.6730765284372,1229.6730765284372,207.41655785496602,2264.8104044029697,4,False,0.01314957137056454,0.03062382977097604,3.0,0.0,5,25.0,70.0,mpc / perfect forecast
0.041379310344827586,976.1830545883481,1909.7074881369388,1909.7074881369388,431.8770084236973,2278.8637139918724,3,False,0.012013870287737387,0.03291988204983176,3.0,0.0,5,25.0,70.0,mpc / perfect forecast
0.027586206896551724,644.4748400243809,1157.4234490873791,1157.4234490873791,413.29399626330604,2296.2315855397255,5,False,0.013617648842045292,0.037771360114821816,3.0,0.0,5,25.0,70.0,mpc / perfect forecast
0.034482758620689655,607.185222098827,1217.7073035619728,1217.7073035619728,618.7271539688219,2042.0418598386798,5,False,0.012511477739134315,0.03323918881665553,3.0,0.0,5,25.0,70.0,mpc / perfect forecast
0.034482758620689655,532.2208914765737,1077.1187313399757,1077.1187313399757,15.49469829126033,2290.5677223767707,1,False,0.01332449073139122,0.03290553166103373,3.0,0.0,5,25.0,75.0,mpc / perfect forecast
0.027586206896551724,840.0378202959389,1618.923482353831,1618.923482353831,405.52108395781283,2189.6792277178533,1,False,0.01139245479960938,0.02799191857014234,3.0,0.0,5,25.0,75.0,mpc / perfect forecast
0.020689655172413793,1122.4316120112105,2111.8998825654326,2111.8998825654326,122.62386208268954,2190.8413419457115,0,False,0.012274704055397124,0.03321437483217244,3.0,0.0,5,25.0,75.0,mpc / perfect forecast
0.05517241379310345,550.3973545940138,1179.3381044041748,1179.3381044041748,725.4377151380046,2095.325317096446,10,False,0.01305541955957899,0.032861109529838055,3.0,0.0,5,25.0,75.0,mpc / perfect forecast
0.027586206896551724,921.1262257154216,1778.9164459662052,1778.9164459662052,511.10015594635905,1892.1970635129478,5,False,0.012556306250843087,0.02915371320201109,3.0,0.0,5,25.0,75.0,mpc / perfect forecast
0.020689655172413793,896.2619722004334,1727.8499728011202,1727.8499728011202,813.3752790046312,1934.3950069442499,6,False,0.012610763224849445,0.03453327157501728,3.0,0.0,5,25.0,75.0,mpc / perfect forecast
0.027586206896551724,895.9925603287784,1738.35936142223,1738.35936142223,410.76849445592364,1910.6947343052918,3,False,0.01205445478268014,0.0336283707973332,3.0,0.0,5,25.0,80.0,mpc / perfect forecast
0.020689655172413793,1166.0553547063562,2144.039930264999,2144.039930264999,782.3398292061667,1918.3348209180526,2,False,0.012739951056614046,0.0318117227403593,3.0,0.0,5,25.0,80.0,mpc / perfect forecast
0.034482758620689655,968.5656726635648,1940.0591017241213,1940.0591017241213,412.0122972597499,2295.2116300279677,3,False,0.012456339182910316,0.031481509781351974,3.0,0.0,5,25.0,80.0,mpc / perfect forecast
0.027586206896551724,932.5596220095832,1965.7595415249236,1965.7595415249236,709.6906633660229,2286.041626398284,6,False,0.013086474510198839,0.034861215260363135,3.0,0.0,5,25.0,80.0,mpc / perfect forecast
0.020689655172413793,1187.699453928459,2209.674449852877,2209.674449852877,5.6375368984578245,2292.489179792154,0,False,0.012110662476579822,0.030479810794168595,3.0,0.0,5,25.0,80.0,mpc / perfect forecast
0.020689655172413793,1081.1469168335923,1948.2385961711202,1948.2385961711202,100.49520300365096,2294.0543556112107,1,False,0.013429565394144688,0.030686643367103743,3.0,0.0,5,25.0,80.0,mpc / perfect forecast
0.034482758620689655,965.3012863744468,1995.7669101812053,1995.7669101812053,108.40530245755335,2283.601161954475,2,False,0.01274887284284186,0.03199517629510952,3.0,0.0,5,25.0,85.0,mpc / perfect forecast
0.020689655172413793,1096.843378321948,2135.9427021775723,2135.9427021775723,524.0681281166561,2094.9568963374586,3,False,0.013208581046087749,0.033964062315874316,3.0,0.0,5,25.0,85.0,mpc / perfect forecast
0.027586206896551724,971.1209354050106,2039.6426177241967,2039.6426177241967,286.1824761201819,2195.571501467085,3,False,0.012633676941670462,0.03614056758531057,3.0,0.0,5,25.0,85.0,mpc / perfect forecast
0.027586206896551724,962.7139738948681,1987.7339283607994,1987.7339283607994,361.3897569879629,2282.841967938279,2,False,0.013549776055119422,0.03489149570266458,3.0,0.0,5,25.0,85.0,mpc / perfect forecast
0.020689655172413793,966.6366391142162,1902.9823551281954,1902.9823551281954,284.7123927768134,2202.6341475733116,2,False,0.01305617436603782,0.032741954154227836,3.0,0.0,5,25.0,85.0,mpc / perfect forecast
0.034482758620689655,1038.6170731713719,2091.9701220278225,2091.9701220278225,448.3691394921558,2296.6108328943646,2,False,0.012783689180048376,0.034652097088850975,3.0,0.0,5,25.0,85.0,mpc / perfect forecast
0.05517241379310345,437.5048895099109,848.9096235153944,848.9096235153944,450.78962793975313,2282.8816251615817,4,False,0.012841234996555775,0.03198539266739472,3.0,0.0,5,25.0,90.0,mpc / perfect forecast
0.020689655172413793,1108.033180696907,2090.0607260493825,2090.0607260493825,312.0225120379813,2200.6367161103594,2,False,0.01271502795455349,0.04369898075806713,3.0,0.0,5,25.0,90.0,mpc / perfect forecast
0.027586206896551724,1016.521437820587,1979.784703449696,1979.784703449696,810.7457961203443,2172.199430948307,5,False,0.011983480174526585,0.03334204142638927,3.0,0.0,5,25.0,90.0,mpc / perfect forecast
0.020689655172413793,1266.241975589594,2320.6421290522144,2320.6421290522144,206.67597629011587,2084.0047337632423,1,False,0.011826578456775072,0.031314925086348866,3.0,0.0,5,25.0,90.0,mpc / perfect forecast
0.04827586206896552,772.5248225535818,1695.7027480964146,1695.7027480964146,623.4825393311934,1985.200510513948,5,False,0.01308758834227458,0.037756657571394195,3.0,0.0,5,25.0,90.0,mpc / perfect forecast
0.041379310344827586,509.63904264303596,1004.4838163103003,1004.4838163103003,339.1293389298042,2088.5567549002126,4,False,0.01167889910720775,0.02698666574614996,3.0,0.0,5,25.0,90.0,mpc / perfect forecast
0.503448275862069,92.4590937430012,311.10929146995755,311.10929146995755,209.6432228186253,2204.667676393075,3,False,0.012152830705683612,0.02474829358278773,3.0,0.0,5,30.0,70.0,mpc / perfect forecast
0.12413793103448276,236.0054595768399,443.64726223687427,456.6487082104783,309.3951273392113,2216.0813130993897,6,False,0.011425756146385295,0.03136250650953058,3.0,0.0,5,30.0,70.0,mpc / perfect forecast
0.0896551724137931,108.2884557211743,85.54687489023384,147.26371047474456,307.59130621553146,2143.7584072102704,7,False,0.01149662754317051,0.03048775515967318,3.0,0.0,5,30.0,70.0,mpc / perfect forecast
0.7931034482758621,34.69791186391678,85.64031462897184,87.50754814745409,310.10123237084866,2197.8200326775063,7,False,0.012805216105716907,0.04438349354033117,3.0,0.0,5,30.0,70.0,mpc / perfect forecast
0.496551724137931,51.35978689601474,98.43062557231484,109.38564416504931,333.51163242407785,2191.3405346134687,6,False,0.012163097952566374,0.04630599024712029,3.0,0.0,5,30.0,70.0,mpc / perfect forecast
0.06896551724137931,444.84062423347376,1002.791451265549,1002.791451265549,305.7793469321121,2207.201131363193,5,False,0.01169933518450651,0.03213158724733419,3.0,0.0,5,30.0,70.0,mpc / perfect forecast
0.08275862068965517,297.9812958308876,660.1710032181126,660.1710032181126,405.33602375676196,2201.835105306477,7,False,0.012251016626360842,0.02827803146809687,3.0,0.0,5,30.0,75.0,mpc / perfect forecast
0.027586206896551724,792.9887740517164,1735.4304861174598,1735.4304861174598,696.2642330632552,2124.248509368436,4,False,0.012673592376675235,0.0343881904802415,3.0,0.0,5,30.0,75.0,mpc / perfect forecast
0.041379310344827586,716.6619652116646,1685.160886135247,1685.160886135247,399.8088005857847,2312.4343661498683,4,False,0.012283891083298405,0.03138479414401984,3.0,0.0,5,30.0,75.0,mpc / perfect forecast
0.11724137931034483,368.8577698424322,787.9530387324944,787.9530387324944,310.81440224047134,2101.9267731997115,6,False,0.01179377721281383,0.030978015110026274,3.0,0.0,5,30.0,75.0,mpc / perfect forecast
0.06206896551724138,421.1233121473906,854.1841320484064,854.1841320484064,500.13785293927145,1923.6972783972724,3,False,0.011898213809268365,0.03069120404928905,3.0,0.0,5,30.0,75.0,mpc / perfect forecast
0.041379310344827586,515.4222054202072,908.4462498184583,908.4462498184583,355.61968108818877,2115.665883686881,1,False,0.013630835975057253,0.030336245215322535,3.0,0.0,5,30.0,75.0,mpc / perfect forecast
0.027586206896551724,640.1065985748874,1298.2197890097334,1298.2197890097334,700.2921004708929,2187.5525775197416,8,False,0.012473066988649514,0.03505659487327521,3.0,0.0,5,30.0,80.0,mpc / perfect forecast
0.04827586206896552,476.9087600280319,962.9919529527622,962.9919529527622,309.11320781067377,2201.658155759557,6,False,0.013296447285285621,0.029103664265145966,3.0,0.0,5,30.0,80.0,mpc / perfect forecast
0.22758620689655173,218.69920918466838,484.0105554130795,484.0105554130795,303.41343638148373,2221.085903041804,7,False,0.013028989589510811,0.027724587525095486,3.0,0.0,5,30.0,80.0,mpc / perfect forecast
0.034482758620689655,648.9018471479961,1081.9902647904219,1081.9902647904219,129.75641947802674,2304.4986837828674,3,False,0.012580461517101254,0.029498409311874245,3.0,0.0,5,30.0,80.0,mpc / perfect forecast
0.041379310344827586,347.75735082579814,715.2066214501549,715.2066214501549,111.11765340261287,2317.8055936041806,2,False,0.013352460084836756,0.03451333870729564,3.0,0.0,5,30.0,80.0,mpc / perfect forecast
0.1724137931034483,86.87517404736393,124.92984299059896,165.94107550019285,317.946437833065,2294.3530505374406,7,False,0.012878050714990616,0.034884875189216735,3.0,0.0,5,30.0,80.0,mpc / perfect forecast
0.05517241379310345,284.9496123963295,479.8379473433749,484.4656813564238,543.3082870245316,1913.1491630404391,5,False,0.013612835510687541,0.03974206966751383,3.0,0.0,5,30.0,85.0,mpc / perfect forecast
0.12413793103448276,281.0444048319829,618.5826705699715,618.5826705699715,407.3881882340193,1919.6936663825861,5,False,0.01311531987966587,0.03253034216037022,3.0,0.0,5,30.0,85.0,mpc / perfect forecast
0.027586206896551724,837.6981793757969,1746.3100029044635,1746.3100029044635,752.1367835371526,2292.7628218788295,2,False,0.01284678634446919,0.03330712501683954,3.0,0.0,5,30.0,85.0,mpc / perfect forecast
0.2827586206896552,82.84065463585398,10.664607602706957,174.23964187342773,198.27954006086566,2205.2510206421825,2,False,0.01234662659394944,0.028246205137904292,3.0,0.0,5,30.0,85.0,mpc / perfect forecast
0.5862068965517241,52.33791028550597,99.67811459668339,116.98018278918796,302.2839105309719,2108.783440419279,4,False,0.011946117270458597,0.030115796142563198,3.0,0.0,5,30.0,85.0,mpc / perfect forecast
0.7103448275862069,37.013189291728196,24.968596619090984,64.11216690262253,216.95580465302683,2190.920105149997,4,False,0.012713692414515686,0.028925785100940314,3.0,0.0,5,30.0,85.0,mpc / perfect forecast
0.903448275862069,28.21488491645506,22.795062870107415,60.28079258972687,458.9133872678156,2107.702957180101,6,False,0.012871751721950594,0.03378234589830737,3.0,0.0,5,30.0,90.0,mpc / perfect forecast
0.8275862068965517,40.43063744392848,166.16555868541582,166.16555868541582,297.7453188344002,2201.498536066485,4,False,0.012873211514805838,0.03251217697951498,3.0,0.0,5,30.0,90.0,mpc / perfect forecast
0.10344827586206896,364.5347331090634,903.7860175008318,903.7860175008318,432.4371481549638,2090.226132911801,6,False,0.012520066200729148,0.03846316971085284,3.0,0.0,5,30.0,90.0,mpc / perfect forecast
0.11724137931034483,329.85818868127797,639.372032817743,639.372032817743,210.65969949873505,2116.580859033858,6,False,0.013052382285454595,0.04367603382638791,3.0,0.0,5,30.0,90.0,mpc / perfect forecast
0.04827586206896552,582.505865098926,1199.0254799937463,1199.0254799937463,716.2935779506619,2009.9066950021768,8,False,0.01252341485899136,0.04108357139289051,3.0,0.0,5,30.0,90.0,mpc / perfect forecast
0.034482758620689655,523.5909661705344,1029.6629387116552,1029.6629387116552,522.0826592260377,2232.3427993435935,8,False,0.012257616885158126,0.033718342834875376,3.0,0.0,5,30.0,90.0,mpc / perfect forecast
0.013793103448275862,1692.6550452844026,3280.4769017794983,3280.4769017794983,19.30030462077869,2235.860452243762,0,True,0.011912154962392708,0.030478083099065276,3.0,0.0,6,10.0,70.0,hold
0.013793103448275862,2524.519822062658,3291.7825062035695,3291.7825062035695,15.529703895249915,2213.4255552487184,0,True,0.012455201427474135,0.031634648013744444,3.0,0.0,6,10.0,70.0,hold
0.013793103448275862,2224.171781381734,3296.776430264642,3296.776430264642,13.193925027336398,2221.7642658009527,0,True,0.012773252120163312,0.03478337720168208,3.0,0.0,6,10.0,70.0,hold
0.013793103448275862,2373.480539605378,3284.2163785169296,3284.2163785169296,19.44495450962178,2218.890175729786,0,True,0.011795289643069072,0.033673721375218166,3.0,0.0,6,10.0,70.0,hold
0.006896551724137931,2602.596593281012,3291.836674213182,3291.836674213182,17.606008578607806,2218.83419616972,0,True,0.012770988841573834,0.03392191036978686,3.0,0.0,6,10.0,70.0,hold
0.013793103448275862,2414.203465401399,3281.656190950256,3281.656190950256,22.48620016777785,2226.244031466821,0,True,0.013801605648678189,0.0348584447129682,3.0,0.0,6,10.0,70.0,hold
0.020689655172413793,1977.4919358495915,3855.5182253202524,3855.5182253202524,13.893956910549505,2230.650198753117,0,True,0.012785148319443093,0.037802702425938514,3.0,0.0,6,10.0,75.0,hold
0.013793103448275862,2784.945450570107,3828.483801917106,3828.483801917106,14.015258075871946,2214.0303193507298,0,True,0.013387495825993795,0.030158038718895004,3.0,0.0,6,10.0,75.0,hold
0.006896551724137931,2855.468832742078,3834.8375735533396,3834.8375735533396,20.675123738821682,2208.310736360225,0,True,0.01185126327664208,0.032052860555202574,3.0,0.0,6,10.0,75.0,hold
0.05517241379310345,717.1361509901419,1365.474372865543,1365.474372865543,10.91390412334529,2244.2871567453535,0,False,0.013269355748777505,0.0312655580118451,3.0,0.0,6,10.0,75.0,hold
0.020689655172413793,1257.3717274376227,2511.531318958144,2511.531318958144,15.234184611900035,2242.4389542291947,0,False,0.013656296504921853,0.0339592545729483,3.0,0.0,6,10.0,75.0,hold
0.013793103448275862,2780.385185127568,3845.0077883454,3845.0077883454,11.586216694611002,2211.713256678518,0,True,0.012964566338444216,0.03290359516121609,3.0,0.0,6,10.0,75.0,hold
0.013793103448275862,3038.4956072968243,4405.625494636366,4405.625494636366,25.499153722362443,2200.759144928812,0,True,0.01156420809939102,0.039809755589642705,3.0,0.0,6,10.0,80.0,hold
0.013793103448275862,2945.846929562143,4392.024580475579,4392.024580475579,15.943403996704493,2213.118533640124,0,True,0.012274072753450925,0.03693038897446204,3.0,0.0,6,10.0,80.0,hold
0.020689655172413793,1197.595189243644,2432.8663017198132,2432.8663017198132,19.449164727323645,2247.7419862735483,0,False,0.012463340881289416,0.02924353017753145,3.0,0.0,6,10.0,80.0,hold
0.006896551724137931,3112.3223582061873,4387.948952927122,4387.948952927122,23.653466687543983,2208.4158312588415,0,True,0.01341746398321119,0.034424343122398685,3.0,0.0,6,10.0,80.0,hold
0.020689655172413793,1982.0971084988926,3979.008245664273,3979.008245664273,12.833066122517609,2226.887700101525,0,False,0.012914310646518216,0.03496973261778371,3.0,0.0,6,10.0,80.0,hold
0.013793103448275862,1901.65701679909,3821.481884012918,3821.481884012918,25.604111062229972,2235.3611310326264,0,False,0.01199911251196832,0.0330982096226581,3.0,0.0,6,10.0,80.0,hold
0.020689655172413793,1615.28951024727,3206.0237513166076,3206.0237513166076,17.314768640551968,2230.156434963868,0,False,0.012112493702360838,0.032928347300817076,3.0,0.0,6,10.0,85.0,hold
0.020689655172413793,1597.2642896902166,3092.150996587894,3092.150996587894,18.12925130394567,2239.4830813028525,0,False,0.012490928103761659,0.03745209175618885,3.0,0.0,6,10.0,85.0,hold
0.013793103448275862,2896.618788540875,4920.715035675327,4920.715035675327,20.47487768291892,2216.0616011874095,0,True,0.01226634117789244,0.030551360184630103,3.0,0.0,6,10.0,85.0,hold
0.013793103448275862,2876.076674591602,4915.901692725654,4915.901692725654,27.381124185847884,2220.779088783506,0,True,0.012867592052632586,0.03743265199542486,3.0,0.0,6,10.0,85.0,hold
0.020689655172413793,1309.3223286337336,2496.1240928303228,2496.1240928303228,26.317759170000233,2242.5514133557213,0,False,0.012409578023536979,0.03612899682965858,3.0,0.0,6,10.0,85.0,hold
0.013793103448275862,3016.3059032985166,4924.426132941358,4924.426132941358,12.563512928297744,2217.462389323028,0,True,0.012583703135117339,0.031449622156616196,3.0,0.0,6,10.0,85.0,hold
0.013793103448275862,3453.4336066110122,5471.828992319826,5471.828992319826,20.97797285601929,2204.2063071782673,0,True,0.012072143829128905,0.031103604137453996,3.0,0.0,6,10.0,90.0,hold
0.013793103448275862,3206.80302828027,5462.0838521523,5462.0838521523,16.28054933677561,2216.584290100405,0,True,0.01234882504340577,0.030930887856764948,3.0,0.0,6,10.0,90.0,hold
0.020689655172413793,1814.3152134090176,3776.024119389229,3776.024119389229,18.678295143671544,2230.3518171079804,0,False,0.011846230155856808,0.031413224230501045,3.0,0.0,6,10.0,90.0,hold
0.013793103448275862,3100.958625342202,5485.614844776775,5485.614844776775,27.195350735010773,2214.165581000405,0,True,0.011589109028945218,0.03048178058596902,3.0,0.0,6,10.0,90.0,hold
0.013793103448275862,2487.0168900169538,5181.047974064156,5181.047974064156,19.806748367075475,2220.7557077456527,0,False,0.012087856733322917,0.03312906019953065,3.0,0.0,6,10.0,90.0,hold
0.013793103448275862,3418.1653461514443,5465.625480947886,5465.625480947886,17.636223187385134,2208.281131973147,0,True,0.011874236572453805,0.02976939541397459,3.0,0.0,6,10.0,90.0,hold
0.013793103448275862,2308.9832761852044,3214.7680624089426,3214.7680624089426,17.0233008570446,2236.6406966314958,0,True,0.011726567967271647,0.03633468988660863,3.0,0.0,6,15.0,70.0,hold
0.013793103448275862,2316.8958632534604,3225.3183810113123,3225.3183810113123,20.103230153631344,2236.5235042207933,0,True,0.012744495250130869,0.0390685583675269,3.0,0.0,6,15.0,70.0,hold
0.013793103448275862,1880.6927651777526,3223.4797024949185,3223.4797024949185,16.46440220950801,2253.021204243374,0,True,0.012906699286736552,0.0364630518172691,3.0,0.0,6,15.0,70.0,hold
0.013793103448275862,2375.66251854209,3219.874677184301,3219.874677184301,27.554365794145294,2238.9419641231034,0,True,0.01245460985167503,0.03167377305046537,3.0,0.0,6,15.0,70.0,hold
0.020689655172413793,1861.5736517219502,3240.5285769907546,3240.5285769907546,21.048607577992406,2249.428705258464,0,True,0.01181172335733989,0.03033359758311718,3.0,0.0,6,15.0,70.0,hold
0.013793103448275862,2067.3057648682025,3236.583169707634,3236.583169707634,11.69648861841908,2250.163798048987,0,True,0.012595718338797907,0.03257168679973914,3.0,0.0,6,15.0,70.0,hold
0.020689655172413793,1555.0112024276057,3238.7236534403123,3238.7236534403123,11.390935878711623,2258.4323297789333,0,False,0.012261589517351316,0.03241930520123579,3.0,0.0,6,15.0,75.0,hold
0.013793103448275862,2434.5049556011063,3755.9778013092687,3755.9778013092687,14.223818134329473,2242.4838307577534,0,True,0.013603848399392838,0.04091665496473113,3.0,0.0,6,15.0,75.0,hold
0.013793103448275862,2578.842199840422,3760.596871703815,3760.596871703815,17.772312501070633,2234.4951559081505,0,True,0.012670503467940375,0.029258090473348625,3.0,0.0,6,15.0,75.0,hold
0.013793103448275862,2292.27399073063,3753.0711152731787,3753.0711152731787,3.956735017939595,2248.819804886433,0,True,0.012293748634511572,0.02979166203320566,3.0,0.0,6,15.0,75.0,hold
0.013793103448275862,2598.899067569341,3762.862178665264,3762.862178665264,22.884775164603045,2234.1379679453516,0,True,0.0122492591098322,0.03697167141283811,3.0,0.0,6,15.0,75.0,hold
0.020689655172413793,1629.9871004659092,3377.0218643574913,3377.0218643574913,12.021987931275044,2258.612278957114,0,False,0.011521454486995767,0.03830323050589699,3.0,0.0,6,15.0,75.0,hold
0.013793103448275862,2619.7581051081675,4294.550343795629,4294.550343795629,29.717825013535233,2240.257548469588,0,True,0.012964506269367699,0.03650330016893522,3.0,0.0,6,15.0,80.0,hold
0.013793103448275862,2299.118475706264,4289.445573057508,4289.445573057508,17.515724842851764,2246.5205135345313,0,True,0.012152286394486312,0.036145704850455505,3.0,0.0,6,15.0,80.0,hold
0.013793103448275862,2079.3501487195244,4194.991455111563,4194.991455111563,13.325921649553411,2248.588090306655,0,False,0.01257547118065878,0.031029695383117693,3.0,0.0,6,15.0,80.0,hold
0.013793103448275862,2806.162676635776,4292.114309785267,4292.114309785267,18.00837512541445,2232.911459081116,0,True,0.012402795033327642,0.03116346227882413,3.0,0.0,6,15.0,80.0,hold
0.013793103448275862,2546.414733641225,4292.775736186538,4292.775736186538,20.47326646800632,2243.426644133656,0,True,0.01207246936226952,0.040802997171428414,3.0,0.0,6,15.0,80.0,hold
0.013793103448275862,2592.4493587609218,4310.002119131964,4310.002119131964,15.411684700960736,2236.1235464668703,0,True,0.013830255028215284,0.03229038518991837,3.0,0.0,6,15.0,80.0,hold
0.013793103448275862,2661.2026339228314,4830.756771672473,4830.756771672473,22.840627917974704,2241.5380699635853,0,True,0.012713011831387067,0.03806647642771793,3.0,0.0,6,15.0,85.0,hold
0.013793103448275862,2355.295742767563,4646.77856578816,4646.77856578816,15.510810087221166,2244.3806287246666,0,False,0.011760650772690397,0.03265554792118031,3.0,0.0,6,15.0,85.0,hold
0.013793103448275862,2709.0872628814864,4827.801340928006,4827.801340928006,26.36548857108414,2239.6203739264793,0,True,0.01269932641526316,0.03415586647319021,3.0,0.0,6,15.0,85.0,hold
0.020689655172413793,1905.4448243374209,3911.446836663361,3911.446836663361,16.554173910742666,2251.959953107258,0,False,0.012428225236531969,0.03193317538556932,3.0,0.0,6,15.0,85.0,hold
0.013793103448275862,2809.301714345154,4814.570360132759,4814.570360132759,29.277510033003782,2240.4527799859006,0,True,0.011684743776367376,0.033671620212930076,3.0,0.0,6,15.0,85.0,hold
0.013793103448275862,2734.7536577701353,4833.860607567228,4833.860607567228,13.883758589510911,2234.9284054099576,0,True,0.011866623611126371,0.032900041198265735,3.0,0.0,6,15.0,85.0,hold
0.013793103448275862,2453.4890969450353,4853.942291891741,4853.942291891741,22.62394087403035,2239.424828952907,0,False,0.013686909217127495,0.03890986484035726,3.0,0.0,6,15.0,90.0,hold
0.013793103448275862,2853.160171200889,5358.501943702513,5358.501943702513,40.51615157085636,2233.0856596897065,0,True,0.013657295589004937,0.03591416606313455,3.0,0.0,6,15.0,90.0,hold
0.013793103448275862,3180.2900375555446,5355.497128218594,5355.497128218594,17.90781793031822,2230.1844086817373,0,True,0.01228653667021655,0.03313035569634531,3.0,0.0,6,15.0,90.0,hold
0.013793103448275862,2395.0296952923704,4838.36518201422,4838.36518201422,20.11411360777765,2243.98071606412,0,False,0.013392195560893112,0.032735957172141124,3.0,0.0,6,15.0,90.0,hold
0.013793103448275862,2793.7289428775616,5358.978143832607,5358.978143832607,28.2757392734881,2235.551722359795,0,True,0.01226164596385424,0.032674930163340235,3.0,0.0,6,15.0,90.0,hold
0.013793103448275862,1288.7862823786875,2701.9010961369486,2701.9010961369486,18.893070610443562,2257.0802442987833,0,False,0.012894685518467407,0.03532208281322571,3.0,0.0,6,15.0,90.0,hold
0.013793103448275862,2285.161032801821,3127.8447889324575,3127.8447889324575,20.625946080332387,2257.2211407288123,0,True,0.011371148107118492,0.026957431982600564,3.0,0.0,6,20.0,70.0,hold
0.013793103448275862,1713.3247764532343,3126.228414502598,3126.228414502598,24.583614531451044,2275.3472658748683,0,True,0.012244506961203312,0.031212304730211398,3.0,0.0,6,20.0,70.0,hold
0.013793103448275862,2181.1229132035146,3141.959073136755,3141.959073136755,27.50302584853245,2255.754320869316,0,True,0.012737114074491752,0.029090417077358408,3.0,0.0,6,20.0,70.0,hold
0.013793103448275862,1892.4345150527156,3128.1563156393286,3128.1563156393286,16.691924439925696,2271.572698761059,0,True,0.01242191924488089,0.03251470230851694,3.0,0.0,6,20.0,70.0,hold
0.013793103448275862,2112.954525902453,3134.22063602886,3134.22063602886,19.4316549343854,2265.0260970088075,0,True,0.01284643887285274,0.03477213120512503,3.0,0.0,6,20.0,70.0,hold
0.013793103448275862,1887.3935558424716,3124.7893241366846,3124.7893241366846,16.40425073984894,2271.0149615742785,0,True,0.012595826806426118,0.03749808958492533,3.0,0.0,6,20.0,70.0,hold
0.013793103448275862,2265.5583728696747,3651.7425218638436,3651.7425218638436,16.916087426165063,2261.422963430358,0,True,0.011048105493470517,0.02801437012863752,3.0,0.0,6,20.0,75.0,hold
0.013793103448275862,2343.4232762263773,3650.5241992947745,3650.5241992947745,19.316308396235794,2261.5002950039666,0,True,0.01259603294514852,0.036040714886417545,3.0,0.0,6,20.0,75.0,hold
0.013793103448275862,2217.6113878021606,3659.788365626849,3659.788365626849,29.717321259483665,2261.1501798084664,0,True,0.013007059656760607,0.03518218323654906,3.0,0.0,6,20.0,75.0,hold
0.013793103448275862,2367.006078772834,3647.0976683411914,3647.0976683411914,26.260960660336337,2264.5556418251263,0,True,0.012391289057826611,0.034524876375847446,3.0,0.0,6,20.0,75.0,hold
0.013793103448275862,2425.0257894445967,3647.0825764496426,3647.0825764496426,16.263346188869825,2257.870652258177,0,True,0.013520893683644373,0.03155760910084604,3.0,0.0,6,20.0,75.0,hold
0.013793103448275862,1991.3974771684261,3668.3059976643744,3668.3059976643744,28.140496981160073,2263.7219025160316,0,True,0.012956337174455625,0.03152359287524629,3.0,0.0,6,20.0,75.0,hold
0.020689655172413793,1281.0758150465151,2671.8291382015013,2671.8291382015013,10.966866734738764,2281.5287715184936,0,False,0.012989072516334299,0.03506320714503309,3.0,0.0,6,20.0,80.0,hold
0.013793103448275862,2310.0340599958745,4183.208922113978,4183.208922113978,19.059708207747256,2265.696486658081,0,True,0.012662146916059666,0.03121767039039368,3.0,0.0,6,20.0,80.0,hold
0.013793103448275862,2017.3724711813563,3973.121150423606,3973.121150423606,15.918594909361316,2267.781885636691,0,False,0.012430712097713322,0.03334859595170696,3.0,0.0,6,20.0,80.0,hold
0.013793103448275862,2565.6398838954897,4167.586644575055,4167.586644575055,17.031081031965638,2256.075967559361,0,True,0.012346138197653667,0.030961781447889525,3.0,0.0,6,20.0,80.0,hold
0.013793103448275862,2343.762816755339,4152.259545655875,4152.259545655875,30.92981533158137,2264.9600741174586,0,True,0.013006877485874323,0.031071514869316565,3.0,0.0,6,20.0,80.0,hold
0.013793103448275862,2489.2160678602927,4172.813238334443,4172.813238334443,29.47786992369817,2258.2898957913544,0,True,0.012112349159725595,0.03484121286455292,3.0,0.0,6,20.0,80.0,hold
0.013793103448275862,2514.589359251712,4672.531173793061,4672.531173793061,20.138760736809083,2261.0346143828747,0,True,0.013285100781323325,0.03272899189940982,3.0,0.0,6,20.0,85.0,hold
0.013793103448275862,2680.8333300506774,4690.574398114345,4690.574398114345,22.980247515875703,2250.5306920055223,0,True,0.013545075073491012,0.034506873246113595,3.0,0.0,6,20.0,85.0,hold
0.013793103448275862,2844.429648485954,4682.060447992454,4682.060447992454,29.50555614663977,2255.1401774642572,0,True,0.011949464841250049,0.03578563518271853,3.0,0.0,6,20.0,85.0,hold
0.013793103448275862,1926.9942608081712,3933.4045074673254,3933.4045074673254,26.208455895893035,2262.1552899339144,0,False,0.01235980049448386,0.03456398206332453,3.0,0.0,6,20.0,85.0,hold
0.013793103448275862,1072.6504763238559,2218.05058063793,2218.05058063793,16.30794133653632,2277.7342115661245,0,False,0.012380750546174732,0.033833889385304586,3.0,0.0,6,20.0,85.0,hold
0.013793103448275862,2050.4484401216496,3951.2333100125757,3951.2333100125757,22.45678824636287,2265.5640433266726,0,False,0.013668037745618535,0.03675976077697081,3.0,0.0,6,20.0,85.0,hold
0.013793103448275862,2517.1813968388283,5127.491375012978,5127.491375012978,20.567752432945728,2263.328437664221,0,False,0.013448648473711319,0.030929159650848186,3.0,0.0,6,20.0,90.0,hold
0.013793103448275862,1714.5508604918036,3409.338522792083,3409.338522792083,18.725486566524477,2270.2109084705403,0,False,0.011776466657854978,0.02795444489155408,3.0,0.0,6,20.0,90.0,hold
0.013793103448275862,2423.2361641224306,5076.793611492821,5076.793611492821,30.448493519283566,2254.7724485693616,0,False,0.01314257733090299,0.03456000743960411,3.0,0.0,6,20.0,90.0,hold
0.013793103448275862,2766.108159329528,5210.438205255968,5210.438205255968,23.913022684228565,2255.3733209018787,0,True,0.013081134252725293,0.03705905012105635,3.0,0.0,6,20.0,90.0,hold
0.013793103448275862,3065.348175493325,5195.62119282812,5195.62119282812,19.29158624240857,2250.9585172392976,0,True,0.011544090614091366,0.02825121369750627,3.0,0.0,6,20.0,90.0,hold
0.013793103448275862,2835.7743152046573,5166.095656896118,5166.095656896118,23.36517734068457,2255.095819336038,0,True,0.012634250757876489,0.03552488114726094,3.0,0.0,6,20.0,90.0,hold
0.013793103448275862,2099.7066553208297,3015.5043349275506,3015.5043349275506,13.412026344006756,2280.806050554941,0,True,0.011576849664640471,0.02886528983487945,3.0,0.0,6,25.0,70.0,hold
0.013793103448275862,1923.1528354167456,3017.2696535614077,3017.2696535614077,18.255016051085327,2289.2293801634855,0,True,0.012823048559474179,0.030482616947088335,3.0,0.0,6,25.0,70.0,hold
0.013793103448275862,1890.3578665991827,3023.1216870239655,3023.1216870239655,15.020208711207307,2286.862843987808,0,True,0.013149571344346356,0.03062382986950585,3.0,0.0,6,25.0,70.0,hold
0.013793103448275862,1689.0526744782308,3034.1452002385467,3034.1452002385467,17.35110973018706,2289.2707198936305,0,True,0.01201387027912804,0.03291988204854609,3.0,0.0,6,25.0,70.0,hold
0.013793103448275862,2039.4160375003828,3014.537196865108,3014.537196865108,19.37984911805648,2284.4893287341592,0,True,0.01361764884542888,0.03777135991444712,3.0,0.0,6,25.0,70.0,hold
0.013793103448275862,1733.450312134727,3003.9960135618335,3003.9960135618335,19.735765684591254,2295.12447544858,0,True,0.012511477738416498,0.0332391886149925,3.0,0.0,6,25.0,70.0,hold
0.013793103448275862,2302.1024897141083,3506.560031088416,3506.560031088416,15.108491387379027,2281.6789934516937,0,True,0.013324490716791653,0.032905531633760136,3.0,0.0,6,25.0,75.0,hold
0.013793103448275862,1664.786424532866,3239.1875375627087,3239.1875375627087,9.090647033249624,2291.766096115842,0,False,0.01139245479972679,0.027991918295431267,3.0,0.0,6,25.0,75.0,hold
0.013793103448275862,2239.903942703928,3518.5160683759104,3518.5160683759104,21.08945535883782,2279.7323300646826,0,True,0.01227470406710421,0.03321437518123339,3.0,0.0,6,25.0,75.0,hold
0.013793103448275862,2234.9138693197056,3531.3673262661887,3531.3673262661887,27.747345072722283,2282.013785130729,0,True,0.013055419556531677,0.032861109635155435,3.0,0.0,6,25.0,75.0,hold
0.013793103448275862,2021.4198285169057,3497.42036105636,3497.42036105636,17.334485335941718,2293.0960016934664,0,True,0.012556306255278087,0.029153712742205552,3.0,0.0,6,25.0,75.0,hold
0.013793103448275862,1559.7447155529592,3105.425784093055,3105.425784093055,18.007788104407215,2286.1627688465855,0,False,0.012610763218782184,0.034533270985338135,3.0,0.0,6,25.0,75.0,hold
0.020689655172413793,1923.0018728116195,3806.66010599253,3806.66010599253,13.345093580482601,2285.7217549497373,0,False,0.012054454784851136,0.03362837053919998,3.0,0.0,6,25.0,80.0,hold
0.013793103448275862,2296.5437452550823,4021.7348581064375,4021.7348581064375,20.928032375524193,2281.0869200263,0,True,0.012739951084050884,0.03181172331498203,3.0,0.0,6,25.0,80.0,hold
0.013793103448275862,2089.3219558778624,3993.6990455623013,3993.6990455623013,24.182821298017974,2287.012780284307,0,True,0.012456339179215506,0.03148150928503361,3.0,0.0,6,25.0,80.0,hold
0.013793103448275862,2145.2473733188745,4001.487025294386,4001.487025294386,14.612805678597782,2287.777761471605,0,True,0.01308647450730471,0.03486121531878929,3.0,0.0,6,25.0,80.0,hold
0.013793103448275862,2270.3713929365326,3996.6279214477645,3996.6279214477645,24.137924484508563,2285.309313496752,0,True,0.012110662476761638,0.030479810672683554,3.0,0.0,6,25.0,80.0,hold
0.013793103448275862,2421.2432721596847,4029.1826768467886,4029.1826768467886,19.983749859024822,2274.587957672764,0,True,0.013429565380235346,0.030686643384226883,3.0,0.0,6,25.0,80.0,hold
0.013793103448275862,2091.5860325087733,4194.527789606638,4194.527789606638,29.65918765202689,2283.4914226535266,0,False,0.01274887285528015,0.03199517695322738,3.0,0.0,6,25.0,85.0,hold
0.013793103448275862,2462.9947666746402,4493.840610625513,4493.840610625513,8.690633821511359,2283.7823645652347,0,True,0.0132085810487997,0.033964062459164876,3.0,0.0,6,25.0,85.0,hold
0.013793103448275862,1883.0631391541451,3605.8272483329524,3605.8272483329524,11.281075219895103,2288.41255329472,0,False,0.012633676943170483,0.036140567746970664,3.0,0.0,6,25.0,85.0,hold
0.013793103448275862,2392.528868335044,4530.637549538361,4530.637549538361,17.738717036886673,2278.686929423689,0,True,0.013549776029758407,0.03489149473192308,3.0,0.0,6,25.0,85.0,hold
0.013793103448275862,1845.9229156920169,3806.1614349705374,3806.1614349705374,23.719921710606766,2289.548275044252,0,False,0.01305617434662091,0.03274195445071038,3.0,0.0,6,25.0,85.0,hold
0.013793103448275862,1811.443881530978,3556.5808917830373,3556.5808917830373,22.73569571851704,2287.365140286963,0,False,0.012783689170707987,0.03465209675635389,3.0,0.0,6,25.0,85.0,hold
0.013793103448275862,2485.771515066181,5025.232392506541,5025.232392506541,13.62045302688584,2280.940341863119,0,False,0.01284123499377336,0.03198539343069984,3.0,0.0,6,25.0,90.0,hold
0.013793103448275862,2444.2468112336155,4941.484426990259,4941.484426990259,16.00551190993798,2282.555322092075,0,False,0.012715027958430714,0.04369898162799647,3.0,0.0,6,25.0,90.0,hold
0.013793103448275862,1988.8712166636544,3925.2389257832274,3925.2389257832274,18.904860181856794,2284.422144921239,0,False,0.011983480177368715,0.03334204142638927,3.0,0.0,6,25.0,90.0,hold
0.013793103448275862,2202.2914077001205,4443.03081867624,4443.03081867624,28.062818591025763,2283.031530994956,0,False,0.011826578462109383,0.03131492447610607,3.0,0.0,6,25.0,90.0,hold
0.020689655172413793,1392.2103028974673,3027.6277039266142,3027.6277039266142,13.492751288236573,2289.4907013766006,0,False,0.013087588343657823,0.03775665748937303,3.0,0.0,6,25.0,90.0,hold
0.013793103448275862,2424.9475603715814,4723.335990028165,4723.335990028165,22.129559403298337,2278.692845446368,0,False,0.011678899103258394,0.02698666574990778,3.0,0.0,6,25.0,90.0,hold
0.013793103448275862,1708.2085716831637,2879.0551739176954,2879.0551739176954,0.0,2308.679443525457,0,True,0.0121528307109284,0.02474829328656257,3.0,0.0,6,30.0,70.0,hold
0.020689655172413793,1294.8648036831376,2584.9998211384022,2584.9998211384022,11.721448638670479,2313.7961807714864,0,False,0.011425756144154184,0.03136250723451458,3.0,0.0,6,30.0,70.0,hold
0.020689655172413793,1610.384551591527,2860.5702066451777,2860.5702066451777,11.14214179234553,2310.7278260856156,0,True,0.011496627535410503,0.030487755053879854,3.0,0.0,6,30.0,70.0,hold
0.020689655172413793,1557.2142873340683,2878.3381093860044,2878.3381093860044,12.781346103376558,2310.1603004733474,0,True,0.012805216110603004,0.04438349347987995,3.0,0.0,6,30.0,70.0,hold
0.020689655172413793,1578.1358964492542,2857.445324874434,2857.445324874434,10.2948092504398,2311.0425314380195,0,True,0.012163097967364757,0.04630598937817634,3.0,0.0,6,30.0,70.0,hold
0.027586206896551724,1196.1566775691258,2506.104912431276,2506.104912431276,14.471229964058544,2320.4539035098874,0,False,0.011699335185066339,0.032131587424762055,3.0,0.0,6,30.0,70.0,hold
0.020689655172413793,1478.9510938720941,2837.2345842961086,2837.2345842961086,15.969705984973453,2317.8924694874486,0,False,0.012251016632521667,0.028278031615917007,3.0,0.0,6,30.0,75.0,hold
0.013793103448275862,1471.330341093461,2682.2271675823076,2682.2271675823076,12.24677608953157,2319.081230751451,0,False,0.012673592323753976,0.03438818961631336,3.0,0.0,6,30.0,75.0,hold
0.020689655172413793,1117.8455235695603,2163.5668527248795,2163.5668527248795,9.029728849521202,2318.1056708905344,0,False,0.012283891077611409,0.03138479413921626,3.0,0.0,6,30.0,75.0,hold
0.020689655172413793,1182.417568344504,2105.6708937373533,2105.6708937373533,11.620014346043632,2332.4915157642304,0,False,0.011793777171178218,0.030978011869158995,3.0,0.0,6,30.0,75.0,hold
0.013793103448275862,1498.9638036803358,2705.7032725632002,2705.7032725632002,12.107256122064733,2321.8674486861178,0,False,0.011898213814870894,0.030691205898883443,3.0,0.0,6,30.0,75.0,hold
0.020689655172413793,1354.904299899537,2561.344443890256,2561.344443890256,13.564726988659947,2319.965129003779,0,False,0.013630835974814718,0.030336245759718376,3.0,0.0,6,30.0,75.0,hold
0.020689655172413793,1867.772169438519,3730.7949897497833,3730.7949897497833,14.50350721360897,2306.260369856949,0,False,0.0124730670015905,0.035056594493565865,3.0,0.0,6,30.0,80.0,hold
0.020689655172413793,1057.693385290552,1933.7198614013323,1933.7198614013323,2.452848128034791,2317.6404507493567,0,False,0.013296447282980201,0.029103663705432322,3.0,0.0,6,30.0,80.0,hold
0.013793103448275862,1802.5591157215752,3603.0359651776084,3603.0359651776084,0.0,2310.5468271107843,0,False,0.013028989582567242,0.027724587796808153,3.0,0.0,6,30.0,80.0,hold
0.034482758620689655,1113.036325796649,2124.3500554175675,2124.3500554175675,18.156538235455308,2313.3623756808056,0,False,0.012580461518754622,0.029498408053878898,3.0,0.0,6,30.0,80.0,hold
0.020689655172413793,1200.6846711534185,2310.4799521194054,2310.4799521194054,4.0310292514861,2318.39703875208,0,False,0.013352460086853991,0.034513338682450795,3.0,0.0,6,30.0,80.0,hold
0.020689655172413793,1379.0378686363392,2686.1602859876857,2686.1602859876857,11.06203309060331,2314.703033881644,0,False,0.012878050720654894,0.034884876085206955,3.0,0.0,6,30.0,80.0,hold
0.020689655172413793,1173.401949973076,2319.454848215471,2319.454848215471,8.259720478087653,2312.1366549617755,0,False,0.01361283551850931,0.03974206873446211,3.0,0.0,6,30.0,85.0,hold
0.013793103448275862,2249.66287267711,4295.103096127383,4295.103096127383,13.752913081596743,2307.5751473664263,0,True,0.01311531988143873,0.03253034219783898,3.0,0.0,6,30.0,85.0,hold
0.013793103448275862,2099.8045800365535,4155.943637405963,4155.943637405963,11.197033674668111,2301.577634613472,0,False,0.012846786347555606,0.03330712435793783,3.0,0.0,6,30.0,85.0,hold
0.020689655172413793,1770.3112966963668,3316.8946635204725,3316.8946635204725,13.632649566815601,2307.4363927109616,0,False,0.012346626592260252,0.028246205331456775,3.0,0.0,6,30.0,85.0,hold
0.020689655172413793,1217.0276179862647,2507.819963960569,2507.819963960569,11.467784855066972,2312.905956027664,0,False,0.011946117270341988,0.03011579621075334,3.0,0.0,6,30.0,85.0,hold
0.027586206896551724,1552.091761792766,3113.859509184278,3113.859509184278,7.1159371860961755,2310.5648668659996,0,False,0.0127136924072867,0.02892578502551719,3.0,0.0,6,30.0,85.0,hold
0.020689655172413793,1459.6571702842552,2954.644176573239,2954.644176573239,0.0,2309.5283323215,0,False,0.012871751733478176,0.03378234660785279,3.0,0.0,6,30.0,90.0,hold
0.020689655172413793,1230.6894985618899,2336.0501512728565,2336.0501512728565,6.177188317105022,2316.777416165022,0,False,0.012873211527390271,0.03251217688406682,3.0,0.0,6,30.0,90.0,hold
0.020689655172413793,1893.3580122164146,3889.751880042309,3889.751880042309,16.822998566473707,2306.053446919478,0,False,0.012520066203755734,0.038463169400134736,3.0,0.0,6,30.0,90.0,hold
0.020689655172413793,1608.1413742919358,3203.93139999991,3203.93139999991,11.24174557422031,2308.8888370751292,0,False,0.013052382283386567,0.04367603395576193,3.0,0.0,6,30.0,90.0,hold
0.020689655172413793,1766.3335412748668,3524.0623712859524,3524.0623712859524,18.775248495028706,2308.236962876564,0,False,0.012523414872261893,0.04108357137862269,3.0,0.0,6,30.0,90.0,hold
0.013793103448275862,1988.2853522727466,4067.396458378433,4067.396458378433,18.481482453320098,2296.4441273736593,0,False,0.012257616846934787,0.0337183424055835,3.0,0.0,6,30.0,90.0,hold
0.013793103448275862,1494.8090298588343,3072.3785537374383,3072.3785537374383,54.104087957716295,2225.2389845650678,0,False,0.011912154962141661,0.03047808318058165,3.0,0.0,6,10.0,70.0,mpc / perfect forecast
0.013793103448275862,2036.683170220113,3280.9911507040647,3280.9911507040647,356.31182987318374,1920.064139412535,0,True,0.01245520142820509,0.031634649020889395,3.0,0.0,6,10.0,70.0,mpc / perfect forecast
0.013793103448275862,1722.8161076972751,3308.2160965753574,3308.2160965753574,146.67276445219042,2230.8802572763498,0,True,0.012773252133864543,0.03478337767085655,3.0,0.0,6,10.0,70.0,mpc / perfect forecast
0.013793103448275862,1865.7623164719332,3282.014284425054,3282.014284425054,294.68576167025765,2237.8405195043274,0,True,0.01179528963955453,0.03367372136626008,3.0,0.0,6,10.0,70.0,mpc / perfect forecast
0.006896551724137931,1646.5109520853002,2994.8734940069403,2994.8734940069403,397.1952195591598,2137.238320680873,0,False,0.012770988831001435,0.03392191035694059,3.0,0.0,6,10.0,70.0,mpc / perfect forecast
0.013793103448275862,1710.9040738714964,3050.466166238789,3050.466166238789,289.3587493869947,2238.2715401070036,0,False,0.013801605649705466,0.03485844400446602,3.0,0.0,6,10.0,70.0,mpc / perfect forecast
0.020689655172413793,1719.9382425731494,3480.1291227795737,3480.1291227795737,48.1828414752888,2230.509436343547,0,False,0.012785148318858228,0.037802702425938514,3.0,0.0,6,10.0,75.0,mpc / perfect forecast
0.013793103448275862,1764.0209249473278,3412.779906125924,3412.779906125924,357.1867730178403,2242.4465016335307,0,False,0.013387495869925308,0.03015803924655013,3.0,0.0,6,10.0,75.0,mpc / perfect forecast
0.006896551724137931,1279.5515701378527,2788.4260593174527,2788.4260593174527,394.42408105768993,1865.922182074927,0,False,0.011851263291390036,0.032052861125966135,3.0,0.0,6,10.0,75.0,mpc / perfect forecast
0.08275862068965517,612.4700159394201,1132.542995610617,1132.542995610617,16.36030555100188,2244.990365971444,0,False,0.013269355748980291,0.03126555799312194,3.0,0.0,6,10.0,75.0,mpc / perfect forecast
0.020689655172413793,860.6453202148964,1665.6981902657549,1665.6981902657549,63.45598687356155,2248.581209944523,0,False,0.01365629650455239,0.03395925457911443,3.0,0.0,6,10.0,75.0,mpc / perfect forecast
0.013793103448275862,1302.6134014042384,2748.486778284409,2748.486778284409,340.0846412261014,2246.9271965306666,0,False,0.012964566331691013,0.03290359480859087,3.0,0.0,6,10.0,75.0,mpc / perfect forecast
0.013793103448275862,2034.6344179647645,4012.4304362025014,4012.4304362025014,255.08351705228984,1989.9863793293932,0,False,0.011564208096003002,0.03980975556085357,3.0,0.0,6,10.0,80.0,mpc / perfect forecast
0.013793103448275862,1798.6142059418805,3513.53600692615,3513.53600692615,239.67042647818946,2022.1159078716378,0,False,0.012274072748958169,0.036930388955566426,3.0,0.0,6,10.0,80.0,mpc / perfect forecast
0.020689655172413793,1177.1100247517493,2392.361073577432,2392.361073577432,15.22306054885192,2247.851157864816,0,False,0.012463340881525387,0.029243530188043498,3.0,0.0,6,10.0,80.0,mpc / perfect forecast
0.006896551724137931,2125.5453766285787,4097.326841798573,4097.326841798573,326.8129510175588,2232.1725485097036,0,False,0.013417463965938268,0.03442434313301252,3.0,0.0,6,10.0,80.0,mpc / perfect forecast
0.027586206896551724,533.8305326448767,1029.3404353801257,1029.3404353801257,161.73106788186894,2247.720369320786,0,False,0.012914310646503797,0.034969732378624656,3.0,0.0,6,10.0,80.0,mpc / perfect forecast
0.020689655172413793,1702.7792990418134,3340.235179885125,3340.235179885125,61.09337700800518,2198.284983906576,0,False,0.011999112509031499,0.033098209406926656,3.0,0.0,6,10.0,80.0,mpc / perfect forecast
0.020689655172413793,1571.0123533852518,3111.244165328513,3111.244165328513,8.656800034908201,2232.0829508463075,0,False,0.01211249370214307,0.032928347304707374,3.0,0.0,6,10.0,85.0,mpc / perfect forecast
0.020689655172413793,1069.0367418424246,2049.2060152210684,2049.2060152210684,73.20969121935933,2247.9237986101803,0,False,0.012490928110975056,0.03745209174716145,3.0,0.0,6,10.0,85.0,mpc / perfect forecast
0.013793103448275862,1005.9662064072379,1871.5235205577628,1871.5235205577628,226.8239366555311,2031.9160493805755,0,False,0.012266341170729849,0.0305513609173809,3.0,0.0,6,10.0,85.0,mpc / perfect forecast
0.013793103448275862,1585.9330298467692,3049.7379904902514,3049.7379904902514,255.23259015215285,2233.918142777378,0,False,0.012867592030686308,0.037432651652969405,3.0,0.0,6,10.0,85.0,mpc / perfect forecast
0.020689655172413793,1064.0843736773109,2046.55622569383,2046.55622569383,40.013485241468345,2247.904010422317,0,False,0.012409578021506076,0.03612899682825742,3.0,0.0,6,10.0,85.0,mpc / perfect forecast
0.013793103448275862,1382.118024870123,2915.806518454683,2915.806518454683,260.52827349094196,2243.778271742733,0,False,0.01258370314662715,0.03144962214631228,3.0,0.0,6,10.0,85.0,mpc / perfect forecast
0.013793103448275862,1627.3269953422966,3106.673456346097,3106.673456346097,379.66432279039594,2230.9918757372084,0,False,0.012072143833171475,0.0311036047235793,3.0,0.0,6,10.0,90.0,mpc / perfect forecast
0.013793103448275862,1822.1048958880206,3712.718711197991,3712.718711197991,294.6560318759755,2236.9743545260694,0,False,0.012348825036937561,0.03093088785838606,3.0,0.0,6,10.0,90.0,mpc / perfect forecast
0.020689655172413793,1298.5051903360122,2546.1401087489417,2546.1401087489417,93.05934616642924,2167.256729221514,0,False,0.011846230158538322,0.03141322414639236,3.0,0.0,6,10.0,90.0,mpc / perfect forecast
0.013793103448275862,1149.9297258098507,2140.2840712395764,2140.2840712395764,403.65751698619164,1857.793712475946,0,False,0.011589109041431902,0.03048178132735324,3.0,0.0,6,10.0,90.0,mpc / perfect forecast
0.013793103448275862,1537.3559479749654,3229.081242844138,3229.081242844138,148.80334847017858,2115.1795132146603,0,False,0.01208785673616228,0.03312906020861333,3.0,0.0,6,10.0,90.0,mpc / perfect forecast
0.013793103448275862,982.3837389110389,1887.90222545712,1887.90222545712,343.51292187064473,1924.1031378111634,0,False,0.011874236575482477,0.029769395493617297,3.0,0.0,6,10.0,90.0,mpc / perfect forecast
0.013793103448275862,1590.6694050046929,3164.451266958574,3164.451266958574,381.3538429526665,2260.583777841856,0,False,0.011726567966925122,0.0363346898876851,3.0,0.0,6,15.0,70.0,mpc / perfect forecast
0.013793103448275862,1538.4548388675084,2937.0269001463694,2937.0269001463694,331.07749984711506,1965.9013933914716,0,False,0.012744495244625446,0.0390685583675269,3.0,0.0,6,15.0,70.0,mpc / perfect forecast
0.013793103448275862,1530.80831771542,3084.4717416198455,3084.4717416198455,146.78345956014292,2259.529347546916,0,False,0.012906699279762037,0.03646305165872983,3.0,0.0,6,15.0,70.0,mpc / perfect forecast
0.013793103448275862,2077.6310529155235,3215.3235391097032,3215.3235391097032,471.5852372546677,1942.09007079102,3,True,0.012454609848677736,0.031673772912536896,3.0,0.0,6,15.0,70.0,mpc / perfect forecast
0.020689655172413793,1666.3147570719923,3252.604588164293,3252.604588164293,63.12486882217818,2252.8244429553492,0,True,0.011811723361624248,0.030333597608299425,3.0,0.0,6,15.0,70.0,mpc / perfect forecast
0.013793103448275862,1827.8169049628186,3250.331816626634,3250.331816626634,108.88561513145672,2187.487982808625,0,True,0.01259571833514604,0.03257168650489482,3.0,0.0,6,15.0,70.0,mpc / perfect forecast
0.013793103448275862,1278.776122751491,2700.0892751265237,2700.0892751265237,118.79406849117653,2162.622330167695,1,False,0.012261589509348414,0.03241930522237342,3.0,0.0,6,15.0,75.0,mpc / perfect forecast
0.013793103448275862,2204.788655126902,3770.7785418072535,3770.7785418072535,158.49638107417238,2240.3614906145945,0,True,0.013603848399580188,0.040916653637555804,3.0,0.0,6,15.0,75.0,mpc / perfect forecast
0.013793103448275862,1945.203056564862,3780.4776892998693,3780.4776892998693,351.2498542978563,1925.6190537938105,0,True,0.012670503457391938,0.02925809077570479,3.0,0.0,6,15.0,75.0,mpc / perfect forecast
0.013793103448275862,2206.504713905313,3750.214150735613,3750.214150735613,211.24258892588904,2139.1324196804603,3,True,0.01229374862841059,0.029791661936468587,3.0,0.0,6,15.0,75.0,mpc / perfect forecast
0.013793103448275862,1590.6921062589017,3068.670267870355,3068.670267870355,372.55630288052106,2201.9677539046015,0,False,0.012249259115846407,0.036971671444479055,3.0,0.0,6,15.0,75.0,mpc / perfect forecast
0.020689655172413793,1278.2398754671215,2699.646799559471,2699.646799559471,146.7254843364939,2138.5858110187737,1,False,0.011521454484618814,0.03830323050643744,3.0,0.0,6,15.0,75.0,mpc / perfect forecast
0.013793103448275862,2075.574708807234,4125.845886806942,4125.845886806942,225.1493973425126,2253.789717677443,0,False,0.012964506264105245,0.03650330052228988,3.0,0.0,6,15.0,80.0,mpc / perfect forecast
0.013793103448275862,1968.6749915388637,4317.759242385918,4317.759242385918,95.06659387873874,2239.9795526562802,0,True,0.01215228637703812,0.03614570483810148,3.0,0.0,6,15.0,80.0,mpc / perfect forecast
0.013793103448275862,1161.8420539194065,2290.8400364155455,2290.8400364155455,294.73368499221834,1979.6028896637147,0,False,0.012575471184119582,0.031029695389505722,3.0,0.0,6,15.0,80.0,mpc / perfect forecast
0.013793103448275862,2155.2696797929952,4287.270288021117,4287.270288021117,334.5998495826247,2244.385455206112,0,True,0.012402795039590204,0.031163462249288554,3.0,0.0,6,15.0,80.0,mpc / perfect forecast
0.013793103448275862,2367.646074448994,4311.061984368051,4311.061984368051,101.78495133785634,2249.2100390489713,0,True,0.012072469363748886,0.04080299675646741,3.0,0.0,6,15.0,80.0,mpc / perfect forecast
0.013793103448275862,1270.2443850176105,2684.5192700957646,2684.5192700957646,353.4763324985234,2244.1226947768614,0,False,0.013830255026120362,0.03229038461587785,3.0,0.0,6,15.0,80.0,mpc / perfect forecast
0.013793103448275862,2323.9436939865127,4583.019104108794,4583.019104108794,137.84259352680562,2248.9008138148665,0,False,0.012713011838938542,0.038066477303145066,3.0,0.0,6,15.0,85.0,mpc / perfect forecast
0.013793103448275862,1732.801524693759,3514.8154753318017,3514.8154753318017,162.57721419279073,2256.068166378291,0,False,0.011760650760480348,0.03265554741950119,3.0,0.0,6,15.0,85.0,mpc / perfect forecast
0.013793103448275862,2212.4584650778315,4345.035475162616,4345.035475162616,300.29879997119485,2245.8932405156465,0,False,0.012699326428998351,0.03415586514290599,3.0,0.0,6,15.0,85.0,mpc / perfect forecast
0.020689655172413793,1487.2051169999108,3052.449584900244,3052.449584900244,131.24691220313065,2257.30768058086,0,False,0.012428225261582196,0.031933175411928486,3.0,0.0,6,15.0,85.0,mpc / perfect forecast
0.013793103448275862,2127.642109080497,4484.58197373165,4484.58197373165,219.9690221553868,2242.8419600784405,0,False,0.01168474378681129,0.0336716210585686,3.0,0.0,6,15.0,85.0,mpc / perfect forecast
0.013793103448275862,1449.8280433772236,2888.9004149097577,2888.9004149097577,275.0277159894756,2262.8478653506727,0,False,0.011866623613418979,0.032900041372699376,3.0,0.0,6,15.0,85.0,mpc / perfect forecast
0.013793103448275862,2269.888897285148,4534.410399993693,4534.410399993693,105.69380325395394,2243.293040645888,2,False,0.013686909212589199,0.03890986496268174,3.0,0.0,6,15.0,90.0,mpc / perfect forecast
0.013793103448275862,2277.0689768418556,4541.566233432463,4541.566233432463,230.619417341468,2030.825355635018,0,False,0.013657295592172968,0.035914166352043475,3.0,0.0,6,15.0,90.0,mpc / perfect forecast
0.013793103448275862,2038.0136473738528,4276.47901802158,4276.47901802158,355.9011291798762,2252.6788533504373,0,False,0.012286536676585694,0.0331303556054708,3.0,0.0,6,15.0,90.0,mpc / perfect forecast
0.013793103448275862,1446.1205150093333,3036.7898895530825,3036.7898895530825,280.55295316654036,2258.8318000846975,0,False,0.013392195561932267,0.032735956627645696,3.0,0.0,6,15.0,90.0,mpc / perfect forecast
0.013793103448275862,1989.6811624243462,4096.218454949591,4096.218454949591,252.85493412025846,2243.193537972945,0,False,0.012261645975593833,0.03267493015845459,3.0,0.0,6,15.0,90.0,mpc / perfect forecast
0.013793103448275862,1252.330931230067,2622.056694692068,2622.056694692068,20.47585877973149,2259.4754500617605,0,False,0.01289468551805247,0.03532208275727014,3.0,0.0,6,15.0,90.0,mpc / perfect forecast
0.013793103448275862,2141.0695567891767,3136.719999926162,3136.719999926162,990.5598795289907,1925.8383067500629,6,True,0.011371148103066863,0.026957432342653916,3.0,0.0,6,20.0,70.0,mpc / perfect forecast
0.020689655172413793,1620.5896002363836,3120.2041759088543,3120.2041759088543,62.70922813898687,2280.921571121842,0,True,0.012244506961770095,0.031212304762147786,3.0,0.0,6,20.0,70.0,mpc / perfect forecast
0.013793103448275862,2138.9515627607498,3134.8148008356775,3134.8148008356775,248.42940676928944,2067.684303926071,3,True,0.012737114068508342,0.029090416843986316,3.0,0.0,6,20.0,70.0,mpc / perfect forecast
0.013793103448275862,1683.1377243723884,3127.1499480553557,3127.1499480553557,132.97110690888576,2276.7736886303583,0,True,0.012421919247539555,0.03251470244470515,3.0,0.0,6,20.0,70.0,mpc / perfect forecast
0.013793103448275862,1859.944657743234,3126.354689274042,3126.354689274042,255.9191080021391,2061.580364659448,0,True,0.012846438867430853,0.03477213120334496,3.0,0.0,6,20.0,70.0,mpc / perfect forecast
0.013793103448275862,1778.1234651306006,3117.947785356773,3117.947785356773,115.48517032969377,2275.8880810658084,0,True,0.012595826804812933,0.03749808986440136,3.0,0.0,6,20.0,70.0,mpc / perfect forecast
0.013793103448275862,1920.9479713614644,3629.6160672344254,3629.6160672344254,339.24715960199774,2276.598539005598,0,True,0.011048105481455978,0.028014369738090617,3.0,0.0,6,20.0,75.0,mpc / perfect forecast
0.013793103448275862,2272.6599758133034,3641.516886382406,3641.516886382406,309.39824519446705,2176.2015356380234,3,True,0.012596032943486043,0.03604071490745507,3.0,0.0,6,20.0,75.0,mpc / perfect forecast
0.020689655172413793,1759.50461186264,3335.0193768924364,3335.0193768924364,247.48352637421567,2041.6498199803996,0,False,0.013007059661443736,0.03518218328005127,3.0,0.0,6,20.0,75.0,mpc / perfect forecast
0.013793103448275862,2313.9175790197496,3645.8662788960296,3645.8662788960296,323.7903239640728,1977.4805247730114,3,True,0.012391289060152227,0.03452487641272314,3.0,0.0,6,20.0,75.0,mpc / perfect forecast
0.013793103448275862,2391.663986531318,3642.479951316749,3642.479951316749,203.4156875708933,2058.733748779417,2,True,0.013520893682780347,0.031557608945682804,3.0,0.0,6,20.0,75.0,mpc / perfect forecast
0.013793103448275862,1730.9645373718383,3276.715279695607,3276.715279695607,210.91240898063134,2276.2007768373555,1,False,0.012956337175717203,0.03152359288704185,3.0,0.0,6,20.0,75.0,mpc / perfect forecast
0.020689655172413793,1117.4506239746506,2286.082390583836,2286.082390583836,307.0557342960112,2093.5073153919316,3,False,0.012989072514659474,0.03506320707625133,3.0,0.0,6,20.0,80.0,mpc / perfect forecast
0.013793103448275862,2221.745731179327,4188.147761952624,4188.147761952624,76.65408186997502,2269.902601236517,0,True,0.012662146916148193,0.031217670323703827,3.0,0.0,6,20.0,80.0,mpc / perfect forecast
0.020689655172413793,1654.3869339259434,3272.8179419916014,3272.8179419916014,122.21711718122702,2270.722152310441,0,False,0.012430712091466583,0.03334859595800253,3.0,0.0,6,20.0,80.0,mpc / perfect forecast
0.013793103448275862,2511.5347863146867,4162.020998561469,4162.020998561469,206.0797950697436,2056.7510874687678,2,True,0.012346138196672143,0.030961781680561812,3.0,0.0,6,20.0,80.0,mpc / perfect forecast
0.013793103448275862,2317.199201711671,4160.003293047059,4160.003293047059,445.27891557016704,1966.8018671420366,4,True,0.013006877478593385,0.031071514866496414,3.0,0.0,6,20.0,80.0,mpc / perfect forecast
0.013793103448275862,2458.5203961242046,4171.997070126329,4171.997070126329,414.95993874559764,2057.340041417501,4,True,0.012112349159450373,0.03484121283571024,3.0,0.0,6,20.0,80.0,mpc / perfect forecast
0.013793103448275862,2321.0269439551917,4673.426345419789,4673.426345419789,144.21209839415303,2266.3924400390592,1,True,0.013285100775045086,0.03272899182374113,3.0,0.0,6,20.0,85.0,mpc / perfect forecast
0.013793103448275862,2509.228451797695,4688.944381275751,4688.944381275751,416.84587089383336,2257.394482179597,5,True,0.013545075075632646,0.034506873241776446,3.0,0.0,6,20.0,85.0,mpc / perfect forecast
0.013793103448275862,2545.609115855332,4694.204775932866,4694.204775932866,601.5191121424382,1867.0529192099784,3,True,0.01194946484775367,0.03578563475302601,3.0,0.0,6,20.0,85.0,mpc / perfect forecast
0.013793103448275862,1882.3598245187325,3842.5940005158827,3842.5940005158827,27.817389019226802,2263.0802770288547,0,False,0.012359800491655417,0.03456398178911093,3.0,0.0,6,20.0,85.0,mpc / perfect forecast
0.013793103448275862,987.7179068943558,2045.632983496081,2045.632983496081,215.83432586255395,2095.705894476119,3,False,0.012380750545900893,0.03383388923376965,3.0,0.0,6,20.0,85.0,mpc / perfect forecast
0.013793103448275862,1918.1336774802983,3581.2669329472005,3581.2669329472005,212.14781375895348,2265.3716724349874,2,False,0.013668037748868394,0.036759760888030554,3.0,0.0,6,20.0,85.0,mpc / perfect forecast
0.013793103448275862,2255.0318992582484,4664.335159579782,4664.335159579782,141.74804061580048,2269.54140018617,1,False,0.013448648466497556,0.030929159696658187,3.0,0.0,6,20.0,90.0,mpc / perfect forecast
0.013793103448275862,1699.3417262843338,3378.851873651991,3378.851873651991,8.468271041215434,2274.5636336122375,0,False,0.011776466657688429,0.02795444488883992,3.0,0.0,6,20.0,90.0,mpc / perfect forecast
0.013793103448275862,1975.0381393323985,3995.4232166701295,3995.4232166701295,381.5432023787913,1969.2269334507744,1,False,0.013142577340841928,0.034560007393421355,3.0,0.0,6,20.0,90.0,mpc / perfect forecast
0.013793103448275862,2671.023578263403,5142.955132356871,5142.955132356871,335.413172860279,2064.5615942265904,3,False,0.01308113424720663,0.03705905012188209,3.0,0.0,6,20.0,90.0,mpc / perfect forecast
0.013793103448275862,2494.903859767578,5090.329801476857,5090.329801476857,542.8032117653513,2055.151218843155,2,False,0.011544090602282031,0.02825121315061013,3.0,0.0,6,20.0,90.0,mpc / perfect forecast
0.013793103448275862,1666.8326393044083,3376.1375167494816,3376.1375167494816,399.6807787052312,1889.0062718378772,0,False,0.012634250752001207,0.035524880046806845,3.0,0.0,6,20.0,90.0,mpc / perfect forecast
0.013793103448275862,2030.5991919413145,3012.883417622949,3012.883417622949,708.8791268535397,2027.3786196297622,4,True,0.01157684966597055,0.028865289887947395,3.0,0.0,6,25.0,70.0,mpc / perfect forecast
0.013793103448275862,1777.523854530215,3001.4198107363327,3001.4198107363327,509.1142389076278,2294.988207905203,5,True,0.012823048548784698,0.030482616554801112,3.0,0.0,6,25.0,70.0,mpc / perfect forecast
0.013793103448275862,1823.9485082187605,3013.0153770132556,3013.0153770132556,410.43778294403955,2289.6959667935557,5,True,0.013149571351615291,0.0306238298335713,3.0,0.0,6,25.0,70.0,mpc / perfect forecast
0.020689655172413793,1448.7680158739909,2869.712987012964,2869.712987012964,223.02490196783197,2294.078157181197,0,False,0.012013870276019108,0.0329198820489815,3.0,0.0,6,25.0,70.0,mpc / perfect forecast
0.013793103448275862,1982.9028506166421,3027.708169720694,3027.708169720694,465.256560998112,2280.9473040661233,2,True,0.013617648837161954,0.0377713591547165,3.0,0.0,6,25.0,70.0,mpc / perfect forecast
0.013793103448275862,1657.7793212987197,2997.216901604694,2997.216901604694,147.40355093520003,2299.7311670213753,0,True,0.012511477737552427,0.0332391887474759,3.0,0.0,6,25.0,70.0,mpc / perfect forecast
0.013793103448275862,2144.375896763918,3490.9644132141916,3490.9644132141916,318.90244503744185,2088.446098460541,1,True,0.013324490735965635,0.03290553135904171,3.0,0.0,6,25.0,75.0,mpc / perfect forecast
0.013793103448275862,1663.954787437102,3236.8115625313535,3236.8115625313535,3.6552750178482216,2293.6741218481525,0,False,0.011392454799720708,0.027991918292723367,3.0,0.0,6,25.0,75.0,mpc / perfect forecast
0.013793103448275862,2149.117890316058,3501.8777019884233,3501.8777019884233,448.7692060617456,2068.6648181945534,4,True,0.012274704065214227,0.03321437501868197,3.0,0.0,6,25.0,75.0,mpc / perfect forecast
0.013793103448275862,1926.8603863507894,3505.324297111212,3505.324297111212,116.37408167677124,2290.2792621323892,2,True,0.013055419556342837,0.032861109627290525,3.0,0.0,6,25.0,75.0,mpc / perfect forecast
0.013793103448275862,1978.0658419903918,3496.292947590804,3496.292947590804,37.65278918616093,2294.592125262333,0,True,0.012556306255489324,0.029153712653393185,3.0,0.0,6,25.0,75.0,mpc / perfect forecast
0.020689655172413793,982.8622700255152,2010.9201600926058,2010.9201600926058,807.81538117937,1896.483763373754,3,False,0.012610763227970435,0.034533271378509686,3.0,0.0,6,25.0,75.0,mpc / perfect forecast
0.020689655172413793,1570.5750876448426,3016.94847193764,3016.94847193764,292.0121500859606,2295.845102534778,0,False,0.012054454786845747,0.03362837000280908,3.0,0.0,6,25.0,80.0,mpc / perfect forecast
0.013793103448275862,2013.0106127632196,3996.910195300372,3996.910195300372,311.8727436187152,2096.547464454441,5,True,0.012739951063066659,0.03181172292145302,3.0,0.0,6,25.0,80.0,mpc / perfect forecast
0.013793103448275862,1752.4408416182819,3393.0071905579575,3393.0071905579575,368.00999218084536,2235.250404154654,1,False,0.012456339184468554,0.031481509417282005,3.0,0.0,6,25.0,80.0,mpc / perfect forecast
0.013793103448275862,1962.9085556175182,3851.0545582499526,3851.0545582499526,127.67052638663249,2294.524240527986,0,False,0.013086474511732765,0.0348612153758456,3.0,0.0,6,25.0,80.0,mpc / perfect forecast
0.013793103448275862,2171.4720494885505,3995.560321646556,3995.560321646556,439.432557808003,2085.2236203619636,2,True,0.01211066248122826,0.030479810897708272,3.0,0.0,6,25.0,80.0,mpc / perfect forecast
0.013793103448275862,2132.1010596454994,4034.4030522586936,4034.4030522586936,113.80478994059737,2287.538846468829,3,True,0.013429565386761502,0.03068664337590594,3.0,0.0,6,25.0,80.0,mpc / perfect forecast
0.013793103448275862,2044.7374876668769,4099.56189848626,4099.56189848626,341.979681367903,2093.606438092539,7,False,0.012748872855212224,0.03199517699213407,3.0,0.0,6,25.0,85.0,mpc / perfect forecast
0.013793103448275862,2410.26653510784,4482.209126591452,4482.209126591452,398.0751818145861,2285.6503135569083,4,True,0.013208581041848737,0.03396406254487694,3.0,0.0,6,25.0,85.0,mpc / perfect forecast
0.013793103448275862,1834.7941852806111,3507.8479859341433,3507.8479859341433,201.41757186578363,2211.264515307751,3,False,0.012633676940912067,0.036140567860386136,3.0,0.0,6,25.0,85.0,mpc / perfect forecast
0.013793103448275862,2262.1039098210063,4375.9939679369245,4375.9939679369245,413.66219611743225,2083.67519477068,5,False,0.013549776034003569,0.03489149491364651,3.0,0.0,6,25.0,85.0,mpc / perfect forecast
0.013793103448275862,1811.2672147229796,3736.9509760155465,3736.9509760155465,25.180196400751168,2293.6541224258103,0,False,0.013056174347099143,0.03274195451192681,3.0,0.0,6,25.0,85.0,mpc / perfect forecast
0.013793103448275862,1767.2399919234706,3437.2795596299907,3437.2795596299907,255.79107251673054,2173.72881666696,2,False,0.012783689165541363,0.034652096654197675,3.0,0.0,6,25.0,85.0,mpc / perfect forecast
0.013793103448275862,2314.306044826256,4679.016126517612,4679.016126517612,894.007547595154,2090.719154315797,6,False,0.012841234996970196,0.031985393407005965,3.0,0.0,6,25.0,90.0,mpc / perfect forecast
0.013793103448275862,2334.8712120931436,4590.245420100842,4590.245420100842,608.5691843692634,2288.145180369185,5,False,0.01271502796330836,0.04369898170110455,3.0,0.0,6,25.0,90.0,mpc / perfect forecast
0.013793103448275862,1821.3402486675684,3539.1733646254393,3539.1733646254393,413.65961856453123,2099.2549044284783,4,False,0.011983480173758995,0.03334204142638927,3.0,0.0,6,25.0,90.0,mpc / perfect forecast
0.013793103448275862,2094.4450289268675,4177.171143351389,4177.171143351389,832.1610264582674,2087.767095105066,7,False,0.011826578451600367,0.031314924159053514,3.0,0.0,6,25.0,90.0,mpc / perfect forecast
0.020689655172413793,1090.5799920970908,2412.546328487789,2412.546328487789,542.9786426025271,1964.8812590676425,4,False,0.013087588342521602,0.037756657545471466,3.0,0.0,6,25.0,90.0,mpc / perfect forecast
0.013793103448275862,2324.527511309114,4557.089080987307,4557.089080987307,694.0186078964191,2080.7863596090992,6,False,0.01167889910090213,0.026986665764793027,3.0,0.0,6,25.0,90.0,mpc / perfect forecast
0.013793103448275862,1708.2085716831637,2879.0551739176954,2879.0551739176954,0.0,2308.679443525457,0,True,0.0121528307109284,0.02474829328656257,3.0,0.0,6,30.0,70.0,mpc / perfect forecast
0.020689655172413793,1077.3070883663481,1958.9064682510777,1958.9064682510777,212.85616144036092,2316.332148276462,0,False,0.011425756137870459,0.03136250701415571,3.0,0.0,6,30.0,70.0,mpc / perfect forecast
0.020689655172413793,1261.7921451749185,2207.6323234552606,2207.6323234552606,143.6889461000718,2226.783988613364,1,False,0.011496627533431883,0.030487754583784894,3.0,0.0,6,30.0,70.0,mpc / perfect forecast
0.020689655172413793,1299.740801655155,2367.7373513192765,2367.7373513192765,395.62406718352236,2199.092697798721,1,False,0.012805216122179258,0.04438349467367148,3.0,0.0,6,30.0,70.0,mpc / perfect forecast
0.020689655172413793,1261.9898347146782,2207.929537922662,2207.929537922662,127.46199685027388,2226.7779961524866,1,False,0.01216309797613276,0.046305988264926976,3.0,0.0,6,30.0,70.0,mpc / perfect forecast
0.04827586206896552,1039.084436051669,2168.009797198924,2168.009797198924,108.85795953355878,2224.19868920156,2,False,0.011699335182457695,0.03213158722603668,3.0,0.0,6,30.0,70.0,mpc / perfect forecast
0.020689655172413793,1228.9800370165574,2241.6546724366585,2241.6546724366585,146.1364459732605,2324.994012618918,0,False,0.012251016639122713,0.028278031693477514,3.0,0.0,6,30.0,75.0,mpc / perfect forecast
0.013793103448275862,1344.1907011114172,2285.260416331614,2285.260416331614,85.44368065759305,2322.644540323748,0,False,0.01267359231186682,0.03438818945834008,3.0,0.0,6,30.0,75.0,mpc / perfect forecast
0.020689655172413793,926.5740930969216,1819.3087748158953,1819.3087748158953,105.29666744980817,2219.3425669357466,2,False,0.012283891083313018,0.031384794141014194,3.0,0.0,6,30.0,75.0,mpc / perfect forecast
0.020689655172413793,958.7087712781179,1953.0507571895432,1953.0507571895432,18.20852077339714,2323.71980616971,0,False,0.011793777199859972,0.030978013928192216,3.0,0.0,6,30.0,75.0,mpc / perfect forecast
0.013793103448275862,1346.7677769782217,2251.7386078831328,2251.7386078831328,80.90462838471366,2326.606361457321,0,False,0.011898213817427788,0.03069120685327506,3.0,0.0,6,30.0,75.0,mpc / perfect forecast
0.020689655172413793,1301.9899670496977,2476.8062040007308,2476.8062040007308,401.7730042773572,2048.078531736869,1,False,0.013630835975017292,0.030336245641714436,3.0,0.0,6,30.0,75.0,mpc / perfect forecast
0.020689655172413793,1657.4336469713714,3204.545325984652,3204.545325984652,283.4439912443003,2188.6573063576593,2,False,0.012473067008392824,0.03505659459388588,3.0,0.0,6,30.0,80.0,mpc / perfect forecast
0.020689655172413793,1059.103462687993,1995.0503531988086,1995.0503531988086,401.8954106607363,1930.9814287716938,2,False,0.013296447276434677,0.029103664177535547,3.0,0.0,6,30.0,80.0,mpc / perfect forecast
0.013793103448275862,1623.7608066260136,3233.8244590376353,3233.8244590376353,300.7410760490018,2128.4975982401847,3,False,0.013028989594002187,0.02772458707174675,3.0,0.0,6,30.0,80.0,mpc / perfect forecast
0.027586206896551724,1018.2346725687851,1880.9353295740905,1880.9353295740905,805.107836584403,1933.8493023736946,2,False,0.012580461516833646,0.029498407654629404,3.0,0.0,6,30.0,80.0,mpc / perfect forecast
0.027586206896551724,989.4768378563641,2005.0877965630273,2005.0877965630273,108.381741754206,2218.4973748050224,2,False,0.013352460086130889,0.034513337827306166,3.0,0.0,6,30.0,80.0,mpc / perfect forecast
0.020689655172413793,1315.289758793929,2602.4382451838596,2602.4382451838596,406.04814476663535,2090.4883633742857,2,False,0.012878050714690238,0.034884875939478935,3.0,0.0,6,30.0,80.0,mpc / perfect forecast
0.027586206896551724,1046.35866066494,2058.7300106423695,2058.7300106423695,201.19758188274471,2313.4500217868213,4,False,0.013612835515451442,0.03974206872259826,3.0,0.0,6,30.0,85.0,mpc / perfect forecast
0.013793103448275862,1878.33151782388,3777.9360327888144,3777.9360327888144,365.29601009859203,2268.6378424318873,0,False,0.013115319884176437,0.03253034218212148,3.0,0.0,6,30.0,85.0,mpc / perfect forecast
0.013793103448275862,1929.840728734188,3829.4365743026424,3829.4365743026424,158.8785453289862,2303.9567386938534,1,False,0.012846786343275629,0.03330712479277754,3.0,0.0,6,30.0,85.0,mpc / perfect forecast
0.020689655172413793,1598.3793608542517,2737.6769836051562,2737.6769836051562,343.44600386580885,2168.50706864146,2,False,0.01234662658446131,0.02824620521176981,3.0,0.0,6,30.0,85.0,mpc / perfect forecast
0.020689655172413793,828.5304651161401,1812.1681255814851,1812.1681255814851,206.63008982710292,2318.2493584191034,0,False,0.011946117269271658,0.030115796154363744,3.0,0.0,6,30.0,85.0,mpc / perfect forecast
0.027586206896551724,1348.1481724978742,2751.3503341602495,2751.3503341602495,1277.7466697929883,2082.3575825641647,6,False,0.01271369241435465,0.028925785109703544,3.0,0.0,6,30.0,85.0,mpc / perfect forecast
0.020689655172413793,1184.0953484752806,2390.9361587024305,2390.9361587024305,14.376396635144953,2315.954351625507,0,False,0.012871751716770796,0.03378234565208413,3.0,0.0,6,30.0,90.0,mpc / perfect forecast
0.020689655172413793,1036.8384006602137,2148.5426487810078,2148.5426487810078,106.27149749132985,2282.075786089893,1,False,0.012873211508751594,0.032512177006953545,3.0,0.0,6,30.0,90.0,mpc / perfect forecast
0.020689655172413793,1683.921367456422,3332.362007695574,3332.362007695574,694.5428857475314,2113.9857767307067,6,False,0.012520066208294172,0.038463169536931026,3.0,0.0,6,30.0,90.0,mpc / perfect forecast
0.020689655172413793,1361.6205757925009,2694.578577482906,2694.578577482906,929.8674827986118,2104.7101976240815,4,False,0.01305238228423443,0.043676034353435304,3.0,0.0,6,30.0,90.0,mpc / perfect forecast
0.020689655172413793,1657.1672122187897,2985.1921728239495,2985.1921728239495,335.02424433322926,2122.252836750847,3,False,0.012523414882861536,0.04108357137943333,3.0,0.0,6,30.0,90.0,mpc / perfect forecast
0.013793103448275862,1775.4568663718383,3354.781120349971,3354.781120349971,116.78627662520512,2307.8971510920383,3,False,0.01225761685848824,0.033718342529063035,3.0,0.0,6,30.0,90.0,mpc / perfect forecast
0.013793103448275862,2441.901599256514,3285.365296153401,3285.365296153401,17.18522427468969,2214.5998041628336,0,True,0.011912154953927704,0.030478082872004132,3.0,0.0,7,10.0,70.0,hold
0.006896551724137931,2607.544359027454,3296.048904828236,3296.048904828236,22.604750060105072,2203.587358043275,0,True,0.012455201427120437,0.031634647774073425,3.0,0.0,7,10.0,70.0,hold
0.013793103448275862,2293.0594325928187,3287.377442299487,3287.377442299487,22.9434669835854,2220.9064517441425,0,True,0.012773252111664416,0.03478337705036196,3.0,0.0,7,10.0,70.0,hold
0.013793103448275862,2522.671332800952,3282.7165846078924,3282.7165846078924,24.05755163125594,2211.775655965024,0,True,0.011795289641282937,0.033673721361471155,3.0,0.0,7,10.0,70.0,hold
0.006896551724137931,2521.474839571064,3285.187715538983,3285.187715538983,18.4313224617554,2213.5200118247744,0,True,0.012770988839525583,0.03392191038899579,3.0,0.0,7,10.0,70.0,hold
0.006896551724137931,2571.4496858778034,3292.237542963141,3292.237542963141,15.591410424231478,2207.7042122661396,0,True,0.01380160564892253,0.034858443525585835,3.0,0.0,7,10.0,70.0,hold
0.013793103448275862,2476.919063878208,3825.002645006608,3825.002645006608,16.981409228151353,2225.705226011402,0,True,0.012785148324378201,0.037802702425938514,3.0,0.0,7,10.0,75.0,hold
0.013793103448275862,2437.284965845228,3845.977197984256,3845.977197984256,15.650533172593082,2220.412980779028,0,True,0.013387495858949893,0.030158039581585475,3.0,0.0,7,10.0,75.0,hold
0.006896551724137931,2977.8322404021133,3831.5914226179702,3831.5914226179702,22.103090817605835,2198.658624178346,0,True,0.011851263268728244,0.03205286024420672,3.0,0.0,7,10.0,75.0,hold
0.006896551724137931,2992.1325248614694,3832.174610233134,3832.174610233134,17.853879187106923,2200.638400229325,0,True,0.013269355767830584,0.031265559112708646,3.0,0.0,7,10.0,75.0,hold
0.006896551724137931,2906.633915249564,3836.948133696541,3836.948133696541,22.522429624002196,2206.9459250781856,0,True,0.013656296500449262,0.033959254924396234,3.0,0.0,7,10.0,75.0,hold
0.013793103448275862,2826.2063901973756,3829.519230546626,3829.519230546626,21.805717795766586,2205.74083941066,0,True,0.0129645663415341,0.03290359493532258,3.0,0.0,7,10.0,75.0,hold
0.006896551724137931,3097.5877321217363,4375.668422112758,4375.668422112758,24.464297726536255,2208.6011566903326,0,True,0.011564208106367314,0.03980975556241904,3.0,0.0,7,10.0,80.0,hold
0.020689655172413793,2055.918657932551,4074.3626273275217,4074.3626273275217,28.428021732788867,2227.8226657440982,0,False,0.012274072756960843,0.0369303889421823,3.0,0.0,7,10.0,80.0,hold
0.006896551724137931,3185.7127372998407,4382.530850087981,4382.530850087981,16.47325413407498,2205.6003398729667,0,True,0.012463340879226575,0.02924353009381073,3.0,0.0,7,10.0,80.0,hold
0.013793103448275862,2763.1076047233128,4384.822167628963,4384.822167628963,18.86799132966215,2216.104763904331,0,True,0.013417463977998263,0.034424343125650896,3.0,0.0,7,10.0,80.0,hold
0.006896551724137931,3211.1985063775637,4383.508127826062,4383.508127826062,19.21718779352711,2199.1378530569777,0,True,0.012914310652891605,0.03496973233720785,3.0,0.0,7,10.0,80.0,hold
0.006896551724137931,3255.0713572476625,4374.8459051920045,4374.8459051920045,28.21597484149995,2196.5504007074032,0,True,0.011999112512233788,0.033098209203245375,3.0,0.0,7,10.0,80.0,hold
0.013793103448275862,2564.4837765292905,4933.638938937536,4933.638938937536,23.34681069198373,2222.3872658183077,0,True,0.012112493719543151,0.03292834729364509,3.0,0.0,7,10.0,85.0,hold
0.013793103448275862,3081.383320183809,4942.280580222078,4942.280580222078,25.00531193721376,2217.200777504434,0,True,0.012490928100266968,0.03745209156383934,3.0,0.0,7,10.0,85.0,hold
0.006896551724137931,3358.587941242862,4916.13543583083,4916.13543583083,19.733497970948985,2214.0305359361864,0,True,0.012266341177689119,0.030551359558465496,3.0,0.0,7,10.0,85.0,hold
0.006896551724137931,3442.3501899462876,4924.015969113275,4924.015969113275,21.478993402508582,2198.855555129495,0,True,0.01286759204247508,0.03743265189921748,3.0,0.0,7,10.0,85.0,hold
0.006896551724137931,3536.3197965936974,4923.718245127806,4923.718245127806,22.539125298602265,2194.6793044767132,0,True,0.012409578017374426,0.03612899682762954,3.0,0.0,7,10.0,85.0,hold
0.006896551724137931,3463.3209304016036,4926.974856282502,4926.974856282502,28.76462271279485,2205.6866087090484,0,True,0.012583703147351981,0.03144962214230269,3.0,0.0,7,10.0,85.0,hold
0.013793103448275862,3403.5833063970144,5476.913780675533,5476.913780675533,21.78576906845728,2208.7535979797244,0,True,0.012072143831005149,0.031103604175706397,3.0,0.0,7,10.0,90.0,hold
0.006896551724137931,3663.7097248843857,5462.774770803442,5462.774770803442,19.883479870016274,2200.5547807770054,0,True,0.012348825047999688,0.030930887847559284,3.0,0.0,7,10.0,90.0,hold
0.006896551724137931,3614.3532033268207,5469.896164859398,5469.896164859398,26.91164405507561,2197.773591598958,0,True,0.011846230156661365,0.0314132242537444,3.0,0.0,7,10.0,90.0,hold
0.006896551724137931,3681.798662107897,5487.609820753422,5487.609820753422,19.664416376090742,2197.861222400076,0,True,0.011589109029405086,0.03048178065299011,3.0,0.0,7,10.0,90.0,hold
0.013793103448275862,3117.2449322015445,5478.730925503015,5478.730925503015,18.715616553785296,2220.95743332609,0,True,0.012087856735899152,0.03312905993642171,3.0,0.0,7,10.0,90.0,hold
0.006896551724137931,3515.605438020105,5471.797859090648,5471.797859090648,23.666748404601726,2205.203280673913,0,True,0.011874236573246965,0.029769395394645834,3.0,0.0,7,10.0,90.0,hold
0.006896551724137931,2558.613612940879,3224.0211057141946,3224.0211057141946,23.627098938742268,2232.4157071379486,0,True,0.011726567968603338,0.036334689885748186,3.0,0.0,7,15.0,70.0,hold
0.006896551724137931,2507.9775711408665,3221.286046823246,3221.286046823246,25.228127312934657,2224.224465594294,0,True,0.012744495251215742,0.0390685583675269,3.0,0.0,7,15.0,70.0,hold
0.013793103448275862,2513.139360025501,3217.9770599010894,3217.9770599010894,17.84497849528771,2220.426838280049,0,True,0.012906699283654387,0.03646305173721508,3.0,0.0,7,15.0,70.0,hold
0.013793103448275862,2323.1247559665203,3223.346679708793,3223.346679708793,18.039196350329906,2236.1226855973346,0,True,0.012454609853339337,0.03167377370038435,3.0,0.0,7,15.0,70.0,hold
0.013793103448275862,2336.338017745297,3223.5377119402174,3223.5377119402174,18.979424915355796,2227.1191030238474,0,True,0.011811723347630448,0.03033359757430065,3.0,0.0,7,15.0,70.0,hold
0.013793103448275862,2441.4686247361838,3231.541873203288,3231.541873203288,19.86353877450239,2223.4370207460556,0,True,0.012595718341874751,0.03257168693299392,3.0,0.0,7,15.0,70.0,hold
0.013793103448275862,2799.1571866440713,3763.814893255083,3763.814893255083,24.404623944137604,2217.0010729077844,0,True,0.012261589515170647,0.03241930532891851,3.0,0.0,7,15.0,75.0,hold
0.013793103448275862,2518.228476147727,3761.3430384182943,3761.3430384182943,21.987481641538693,2230.985075632908,0,True,0.013603848403751314,0.04091665471748189,3.0,0.0,7,15.0,75.0,hold
0.006896551724137931,2787.5731147232127,3758.9747340959984,3758.9747340959984,14.867022665504743,2227.494410909929,0,True,0.012670503465807255,0.029258090438589436,3.0,0.0,7,15.0,75.0,hold
0.013793103448275862,2585.7783003749305,3761.3410641812447,3761.3410641812447,19.61703548430054,2239.37587213057,0,True,0.012293748641694793,0.02979166222275903,3.0,0.0,7,15.0,75.0,hold
0.006896551724137931,2789.0560076974457,3759.019909972974,3759.019909972974,24.291609182185248,2222.890400495295,0,True,0.012249259108224442,0.036971671445117364,3.0,0.0,7,15.0,75.0,hold
0.006896551724137931,2771.576182718682,3750.941372016956,3750.941372016956,16.463266221993052,2225.070181761124,0,True,0.011521454487478561,0.03830323050471622,3.0,0.0,7,15.0,75.0,hold
0.013793103448275862,2968.941764524475,4293.365939052952,4293.365939052952,24.32150787996788,2226.955890137791,0,True,0.012964506270406675,0.036503300152809275,3.0,0.0,7,15.0,80.0,hold
0.013793103448275862,3032.7822222904565,4285.807977991876,4285.807977991876,25.535035626092746,2212.623658512808,0,True,0.012152286400520317,0.036145704763861176,3.0,0.0,7,15.0,80.0,hold
0.013793103448275862,2896.6559910639317,4281.984316556604,4281.984316556604,22.25602300071202,2233.731057810639,0,True,0.012575471184938245,0.031029695411310662,3.0,0.0,7,15.0,80.0,hold
0.013793103448275862,2740.591917118738,4298.255947951684,4298.255947951684,23.894701361497265,2235.739571884545,0,True,0.012402795033382751,0.031163462333913223,3.0,0.0,7,15.0,80.0,hold
0.013793103448275862,2776.705603206185,4298.944985072557,4298.944985072557,34.89211827260012,2228.4087468008724,0,True,0.012072469363085803,0.040802996946847095,3.0,0.0,7,15.0,80.0,hold
0.013793103448275862,2673.7839667438648,4291.522234399034,4291.522234399034,23.659569767759454,2234.4232282451053,0,True,0.01383025502992398,0.032290384800307166,3.0,0.0,7,15.0,80.0,hold
0.006896551724137931,3330.0124186569165,4821.541009176444,4821.541009176444,22.560083629594224,2215.3396213917495,0,True,0.012713011825592101,0.038066476240560546,3.0,0.0,7,15.0,85.0,hold
0.006896551724137931,3163.015777567198,4818.602027334596,4818.602027334596,17.26328710572502,2224.2878057757393,0,True,0.01176065076114006,0.03265554735656783,3.0,0.0,7,15.0,85.0,hold
0.013793103448275862,3032.448993226138,4829.140412267749,4829.140412267749,19.774529071118515,2230.3133933286713,0,True,0.012699326418685434,0.03415586636965115,3.0,0.0,7,15.0,85.0,hold
0.013793103448275862,3245.039008829613,4815.722430147194,4815.722430147194,24.684316426655577,2216.6837071592226,0,True,0.012428225223693782,0.031933175160118024,3.0,0.0,7,15.0,85.0,hold
0.013793103448275862,2947.219216519667,4821.375813930334,4821.375813930334,22.98422377277019,2225.7862883148455,0,True,0.011684743777854318,0.03367162035922358,3.0,0.0,7,15.0,85.0,hold
0.013793103448275862,2878.3636773502317,4826.046873805228,4826.046873805228,26.493933716316725,2235.1554470080596,0,True,0.011866623614201962,0.03290004133481228,3.0,0.0,7,15.0,85.0,hold
0.013793103448275862,2682.1872062999137,5321.250142788927,5321.250142788927,32.635885574018666,2230.07657153457,0,False,0.013686909204777118,0.03890986497253222,3.0,0.0,7,15.0,90.0,hold
0.006896551724137931,3197.853078947514,5359.363747781335,5359.363747781335,24.16790530939592,2234.9465922421027,0,True,0.013657295594547956,0.03591416560164032,3.0,0.0,7,15.0,90.0,hold
0.006896551724137931,3508.591103174944,5348.100226128434,5348.100226128434,29.10653225467926,2220.2699559275716,0,True,0.012286536667691358,0.03313035549656318,3.0,0.0,7,15.0,90.0,hold
0.013793103448275862,2731.3167904427564,5358.7567147009495,5358.7567147009495,41.52261019536276,2229.025862434966,0,True,0.01339219555928466,0.032735956713300554,3.0,0.0,7,15.0,90.0,hold
0.013793103448275862,3232.531316381461,5363.8384400076175,5363.8384400076175,18.347307883100306,2221.6949618446133,0,True,0.012261645964560324,0.032674930170680155,3.0,0.0,7,15.0,90.0,hold
0.013793103448275862,2724.7846569503113,5373.004028503208,5373.004028503208,26.995429886777544,2238.534986365106,0,True,0.012894685526477944,0.0353220835489517,3.0,0.0,7,15.0,90.0,hold
0.013793103448275862,2417.895362863357,3134.1926458663847,3134.1926458663847,24.143966347578985,2233.726884075237,0,True,0.011371148102569372,0.02695743224169375,3.0,0.0,7,20.0,70.0,hold
0.013793103448275862,2355.7530762321635,3145.1112485642316,3145.1112485642316,24.585906209685096,2233.020894243408,0,True,0.012244506949945723,0.03121230460523839,3.0,0.0,7,20.0,70.0,hold
0.013793103448275862,2196.5381180813024,3127.0593409518915,3127.0593409518915,14.118926602041695,2260.757727845831,0,True,0.01273711405750525,0.029090416445889136,3.0,0.0,7,20.0,70.0,hold
0.013793103448275862,2199.988278284818,3133.9079447500917,3133.9079447500917,0.0,2263.357600848599,0,True,0.01242191924514959,0.03251470153961041,3.0,0.0,7,20.0,70.0,hold
0.013793103448275862,2339.6099103773013,3131.10457711683,3131.10457711683,15.690843093006306,2256.64883249345,0,True,0.01284643887126433,0.03477213120429795,3.0,0.0,7,20.0,70.0,hold
0.013793103448275862,2286.8938606682586,3125.7612324813845,3125.7612324813845,15.343429735724289,2257.6906242451046,0,True,0.012595826809263279,0.03749808965957131,3.0,0.0,7,20.0,70.0,hold
0.013793103448275862,2514.689996026039,3658.2524064950494,3658.2524064950494,18.974297693449568,2242.3415682075056,0,True,0.011048105495600861,0.02801437026947383,3.0,0.0,7,20.0,75.0,hold
0.013793103448275862,2594.3560339160395,3656.8960096540445,3656.8960096540445,22.22509796593119,2244.1939573180057,0,True,0.012596032940051414,0.036040714746473225,3.0,0.0,7,20.0,75.0,hold
0.013793103448275862,2680.616466484422,3655.675139848182,3655.675139848182,31.907657676176402,2232.0458018717645,0,True,0.013007059662630263,0.03518218327832402,3.0,0.0,7,20.0,75.0,hold
0.013793103448275862,2585.768276081333,3652.0699273551513,3652.0699273551513,24.093698626073213,2245.156510351636,0,True,0.01239128906129524,0.03452487640803343,3.0,0.0,7,20.0,75.0,hold
0.013793103448275862,2639.734716968852,3656.508607827781,3656.508607827781,21.918612396939945,2237.7166240871275,0,True,0.01352089368328403,0.03155760942794644,3.0,0.0,7,20.0,75.0,hold
0.013793103448275862,2526.2361284772805,3649.0253919849765,3649.0253919849765,20.425711028762922,2253.8294458197315,0,True,0.012956337188687257,0.031523593306455266,3.0,0.0,7,20.0,75.0,hold
0.006896551724137931,2916.282295173311,4169.141965180073,4169.141965180073,26.72725884940576,2241.68895360485,0,True,0.012989072518685967,0.03506320615289971,3.0,0.0,7,20.0,80.0,hold
0.013793103448275862,2838.5417260680933,4170.451339501992,4170.451339501992,24.08534063886702,2244.928166652353,0,True,0.012662146916745087,0.031217670520598005,3.0,0.0,7,20.0,80.0,hold
0.006896551724137931,2793.8025628703454,4179.649393686026,4179.649393686026,19.378673620161127,2251.4870743074503,0,True,0.012430712105758582,0.03334859596709138,3.0,0.0,7,20.0,80.0,hold
0.013793103448275862,2622.5594581958608,4185.08484030508,4185.08484030508,18.11375102010321,2259.608832374368,0,True,0.012346138205908285,0.030961780841492734,3.0,0.0,7,20.0,80.0,hold
0.013793103448275862,2798.7655393597593,4172.754694640402,4172.754694640402,14.367086034268151,2250.951122069245,0,True,0.013006877476026989,0.03107151490387296,3.0,0.0,7,20.0,80.0,hold
0.013793103448275862,2830.3801533072174,4172.8629149044855,4172.8629149044855,24.778254409143162,2246.5336817276407,0,True,0.01211234916288858,0.03484121275378351,3.0,0.0,7,20.0,80.0,hold
0.013793103448275862,2793.395755569855,4712.062094067757,4712.062094067757,25.31661619515291,2245.6039854343067,0,True,0.013285100770783676,0.03272899086202374,3.0,0.0,7,20.0,85.0,hold
0.006896551724137931,3031.5024589292834,4674.948271033062,4674.948271033062,20.842693625072823,2234.4295956884826,0,True,0.01354507508000781,0.034506873182503714,3.0,0.0,7,20.0,85.0,hold
0.013793103448275862,2904.172332638637,4683.719487671477,4683.719487671477,13.698777549659585,2241.7405526816638,0,True,0.011949464840617433,0.03578563516516566,3.0,0.0,7,20.0,85.0,hold
0.013793103448275862,2897.522814988708,4692.641531482373,4692.641531482373,23.4169353064129,2248.6010426857,0,True,0.012359800498549992,0.03456398253914819,3.0,0.0,7,20.0,85.0,hold
0.013793103448275862,3080.4749609712026,4688.617997675849,4688.617997675849,29.799671598812616,2238.367422511434,0,True,0.01238075054772362,0.03383388940370648,3.0,0.0,7,20.0,85.0,hold
0.013793103448275862,3037.17285793432,4679.339737096216,4679.339737096216,18.22249169273898,2244.2741923199974,0,True,0.013668037760178494,0.03675976114631411,3.0,0.0,7,20.0,85.0,hold
0.013793103448275862,3266.098364889802,5221.1175283543935,5221.1175283543935,18.027126618802516,2247.3632441839077,0,True,0.013448648467979192,0.03092915967538413,3.0,0.0,7,20.0,90.0,hold
0.013793103448275862,3005.6410074330975,5192.949653305063,5192.949653305063,32.19931639852755,2238.701917678034,0,True,0.011776466645441373,0.027954445045648778,3.0,0.0,7,20.0,90.0,hold
0.013793103448275862,3171.5316217650516,5193.8255499501975,5193.8255499501975,41.411906754282846,2238.758838298144,0,True,0.01314257733540461,0.03456000741222988,3.0,0.0,7,20.0,90.0,hold
0.013793103448275862,2972.367491966317,5230.144620592342,5230.144620592342,24.15521114823821,2248.279943227327,0,True,0.013081134254992776,0.03705905011873495,3.0,0.0,7,20.0,90.0,hold
0.013793103448275862,2899.4448954854693,5200.569852557382,5200.569852557382,31.59956454380817,2242.643518102593,0,True,0.011544090617052137,0.028251213558182192,3.0,0.0,7,20.0,90.0,hold
0.013793103448275862,2918.972897970552,5223.371021152598,5223.371021152598,20.971480534079276,2235.745356140516,0,True,0.012634250749233054,0.035524880177100995,3.0,0.0,7,20.0,90.0,hold
0.013793103448275862,2192.9876908324127,3032.50868260828,3032.50868260828,21.720344425693913,2269.97633660986,0,True,0.011576849651990247,0.028865289304111023,3.0,0.0,7,25.0,70.0,hold
0.013793103448275862,2206.6884723485987,3012.4211319770634,3012.4211319770634,13.773003406854281,2261.266433832312,0,True,0.01282304855647407,0.030482616640612276,3.0,0.0,7,25.0,70.0,hold
0.013793103448275862,2295.864261024015,3009.362451133626,3009.362451133626,12.974744907379641,2267.7022519508,0,True,0.013149571355250567,0.03062382983462465,3.0,0.0,7,25.0,70.0,hold
0.013793103448275862,2218.5741816733844,3016.7613920421504,3016.7613920421504,31.316829130633415,2261.6776829556743,0,True,0.01201387027985533,0.03291988204981585,3.0,0.0,7,25.0,70.0,hold
0.013793103448275862,2145.901817718225,3019.6122144914507,3019.6122144914507,18.308060808177625,2259.7473065373047,0,True,0.013617648839543167,0.03777135994692488,3.0,0.0,7,25.0,70.0,hold
0.013793103448275862,2187.6381810982966,3022.421368484303,3022.421368484303,18.107750608604288,2271.7383162997835,0,True,0.012511477746347196,0.03323918889300405,3.0,0.0,7,25.0,70.0,hold
0.013793103448275862,2460.419074638929,3525.2624770458124,3525.2624770458124,19.9528849859928,2270.968778629012,0,True,0.013324490703430059,0.03290553200488346,3.0,0.0,7,25.0,75.0,hold
0.013793103448275862,2444.906951696296,3520.968172852288,3520.968172852288,18.59321072432337,2270.85551044757,0,True,0.011392454802446633,0.02799191881643672,3.0,0.0,7,25.0,75.0,hold
0.013793103448275862,2392.6485926099813,3517.918995625619,3517.918995625619,16.104021112404396,2270.50813484099,0,True,0.01227470406661531,0.03321437503597079,3.0,0.0,7,25.0,75.0,hold
0.013793103448275862,2377.1083391661227,3534.8649719982423,3534.8649719982423,20.92457885436945,2262.096126403244,0,True,0.013055419555130121,0.0328611096471278,3.0,0.0,7,25.0,75.0,hold
0.013793103448275862,2507.87240580274,3515.9860490187166,3515.9860490187166,16.1108020967771,2256.9995945298156,0,True,0.012556306253169162,0.029153713383318607,3.0,0.0,7,25.0,75.0,hold
0.013793103448275862,2422.7209511926953,3531.85848807859,3531.85848807859,0.0,2263.480367322049,0,True,0.01261076321922179,0.03453327127398678,3.0,0.0,7,25.0,75.0,hold
0.013793103448275862,2665.8448234858843,4011.310371014191,4011.310371014191,16.243536424977503,2266.882600302443,0,True,0.012054454783919177,0.03362837044852818,3.0,0.0,7,25.0,80.0,hold
0.013793103448275862,2614.2085889506448,4017.2123121286636,4017.2123121286636,21.56406310741721,2270.076372396368,0,True,0.012739951085084453,0.03181172338436321,3.0,0.0,7,25.0,80.0,hold
0.013793103448275862,2682.2165519617884,4023.274518957002,4023.274518957002,14.549775618344334,2266.5849201398014,0,True,0.012456339186137755,0.031481509640055055,3.0,0.0,7,25.0,80.0,hold
0.013793103448275862,2617.2436974445536,4018.364865522968,4018.364865522968,11.914410012256017,2272.3386988496713,0,True,0.013086474509283134,0.03486121524191581,3.0,0.0,7,25.0,80.0,hold
0.013793103448275862,2673.8456707509067,4010.8956236386916,4010.8956236386916,16.916768520051647,2255.652665439881,0,True,0.012110662474774221,0.03047981075642158,3.0,0.0,7,25.0,80.0,hold
0.013793103448275862,2726.1569092761706,4003.1411221504613,4003.1411221504613,28.94287952530241,2264.4422683061603,0,True,0.013429565380494807,0.03068664337360364,3.0,0.0,7,25.0,80.0,hold
0.013793103448275862,2698.212560603889,4507.701646634111,4507.701646634111,19.78144836809602,2261.6529925712816,0,True,0.012748872840113933,0.03199517614671186,3.0,0.0,7,25.0,85.0,hold
0.013793103448275862,2631.3650843699625,4507.2165599808695,4507.2165599808695,9.90154666458469,2274.0053635992854,0,True,0.013208581059256002,0.03396406226496238,3.0,0.0,7,25.0,85.0,hold
0.013793103448275862,2896.6673118020767,4512.278043053853,4512.278043053853,22.07425304181633,2258.341617529583,0,True,0.01263367694229148,0.03614056780803588,3.0,0.0,7,25.0,85.0,hold
0.013793103448275862,2715.515170586756,4528.522276214909,4528.522276214909,20.913255587522986,2253.4852516651003,0,True,0.013549776039865777,0.03489149521869654,3.0,0.0,7,25.0,85.0,hold
0.013793103448275862,2833.5662572167807,4497.879431146135,4497.879431146135,28.76955221942507,2256.1967310918612,0,True,0.013056174355236252,0.03274195413276168,3.0,0.0,7,25.0,85.0,hold
0.013793103448275862,2675.7092748272394,4522.560304225188,4522.560304225188,22.06060851132108,2260.6432484835777,0,True,0.012783689176808461,0.034652096586442895,3.0,0.0,7,25.0,85.0,hold
0.013793103448275862,2871.8637253146408,4984.037755412586,4984.037755412586,20.56299638860748,2276.049777064506,0,True,0.01284123499145122,0.031985392035620834,3.0,0.0,7,25.0,90.0,hold
0.013793103448275862,2810.9978290985027,5003.514883405657,5003.514883405657,21.17605005317601,2267.3437359752156,0,True,0.01271502796715299,0.04369898199641822,3.0,0.0,7,25.0,90.0,hold
0.013793103448275862,2643.9741291632154,5017.19964456338,5017.19964456338,0.0,2263.998393656725,0,True,0.011983480183143316,0.03334204142638927,3.0,0.0,7,25.0,90.0,hold
0.013793103448275862,2725.22242032735,5016.434047733005,5016.434047733005,25.4913457120033,2267.0420644129995,0,True,0.011826578472389992,0.03131492590855264,3.0,0.0,7,25.0,90.0,hold
0.013793103448275862,2860.6759560222868,5068.39080299831,5068.39080299831,31.329064033593895,2251.1674684174677,0,True,0.013087588340649535,0.03775665770364908,3.0,0.0,7,25.0,90.0,hold
0.013793103448275862,2680.549326044826,5039.910014740588,5039.910014740588,26.47387786192117,2266.8991411370753,0,True,0.011678899103731733,0.026986665763783568,3.0,0.0,7,25.0,90.0,hold
0.013793103448275862,1940.0104230780692,2885.891584722314,2885.891584722314,12.036857136067582,2286.15746780491,0,True,0.012152830708443236,0.024748293444449645,3.0,0.0,7,30.0,70.0,hold
0.013793103448275862,2071.380515530617,2886.8367278641804,2886.8367278641804,8.961080281233327,2285.2534624852756,0,True,0.011425756155103148,0.03136250822197029,3.0,0.0,7,30.0,70.0,hold
0.013793103448275862,2047.8202058336674,2872.1928372056564,2872.1928372056564,16.35197449174184,2284.8650977559278,0,True,0.011496627541356714,0.030487755250235327,3.0,0.0,7,30.0,70.0,hold
0.013793103448275862,1911.2977585631093,2879.0106405289084,2879.0106405289084,15.766618502672756,2300.025629019854,0,True,0.012805216109683947,0.044383493466335695,3.0,0.0,7,30.0,70.0,hold
0.013793103448275862,2038.0120672024025,2871.9597034010526,2871.9597034010526,18.03266978547992,2278.803259338654,0,True,0.012163097957445981,0.046305989818449744,3.0,0.0,7,30.0,70.0,hold
0.013793103448275862,1942.3807259626908,2933.7940164053066,2933.7940164053066,9.381702592447756,2290.4896156477184,0,True,0.01169933518971511,0.03213158681870419,3.0,0.0,7,30.0,70.0,hold
0.013793103448275862,2080.7246112956573,3326.3126804913063,3326.3126804913063,17.11207291804364,2296.7019481113052,0,True,0.012251016626189541,0.028278031677174454,3.0,0.0,7,30.0,75.0,hold
0.013793103448275862,1987.2108051689233,3354.8399305455223,3354.8399305455223,8.198060616865313,2282.6853857979145,0,True,0.012673592361172725,0.034388190214891395,3.0,0.0,7,30.0,75.0,hold
0.013793103448275862,2016.2674893246506,3343.8998665045783,3343.8998665045783,13.684234670743768,2304.601809526746,0,True,0.012283891075719113,0.03138479413827143,3.0,0.0,7,30.0,75.0,hold
0.013793103448275862,2134.119001201292,3364.010763264624,3364.010763264624,14.673631854993184,2296.5393292077165,0,True,0.011793777216598841,0.030978015345642047,3.0,0.0,7,30.0,75.0,hold
0.013793103448275862,2114.241125991205,3370.216732101707,3370.216732101707,25.76966845267975,2295.1611165636455,0,True,0.011898213810840849,0.030691203775107347,3.0,0.0,7,30.0,75.0,hold
0.013793103448275862,2192.7776303799355,3351.904771030956,3351.904771030956,16.253963332987873,2296.4364453897683,0,True,0.013630835987670916,0.030336246472168114,3.0,0.0,7,30.0,75.0,hold
0.013793103448275862,2106.8764258977812,3782.7809237529254,3782.7809237529254,17.06949261371825,2297.055673637053,0,True,0.012473067011216657,0.03505659486069583,3.0,0.0,7,30.0,80.0,hold
0.013793103448275862,2289.295860845625,3871.8556342981283,3871.8556342981283,16.38653199417737,2289.4514376278007,0,True,0.013296447277898645,0.029103664609443552,3.0,0.0,7,30.0,80.0,hold
0.013793103448275862,2113.1637776723587,3836.4305086015515,3836.4305086015515,12.81936530477311,2282.238326565872,0,True,0.013028989584889985,0.027724587618694268,3.0,0.0,7,30.0,80.0,hold
0.013793103448275862,2228.8643895438954,3874.8283954312706,3874.8283954312706,11.902032030909963,2292.5367293081913,0,True,0.012580461525981943,0.029498409501800344,3.0,0.0,7,30.0,80.0,hold
0.013793103448275862,2144.060963210027,3786.876710761509,3786.876710761509,0.0,2298.921152486963,0,True,0.013352460093035923,0.034513339534297964,3.0,0.0,7,30.0,80.0,hold
0.013793103448275862,2566.6573664028233,3825.0471022169954,3825.0471022169954,18.67414786701941,2286.3045988745557,0,True,0.012878050716921156,0.03488487602399912,3.0,0.0,7,30.0,80.0,hold
0.013793103448275862,2329.4612157968127,4300.477466850525,4300.477466850525,16.963433726572568,2273.8264883239463,0,True,0.013612835515543974,0.039742069526985946,3.0,0.0,7,30.0,85.0,hold
0.020689655172413793,2181.2539621477285,4220.220668260102,4220.220668260102,16.022934013980617,2299.6186800146893,0,False,0.013115319885472654,0.0325303421806509,3.0,0.0,7,30.0,85.0,hold
0.013793103448275862,2026.2179056745247,4079.2072117217876,4079.2072117217876,0.0,2283.8956835752615,0,False,0.012846786356308287,0.03330712446372981,3.0,0.0,7,30.0,85.0,hold
0.013793103448275862,2080.8622224903374,4149.643497665395,4149.643497665395,21.168453547044685,2298.3953799326287,0,False,0.01234662659126643,0.028246205080719282,3.0,0.0,7,30.0,85.0,hold
0.013793103448275862,2092.9424962970784,4219.030293876303,4219.030293876303,9.24989398636496,2280.788242429911,0,False,0.011946117266803419,0.03011579616942051,3.0,0.0,7,30.0,85.0,hold
0.013793103448275862,2366.306977984179,4276.698376772601,4276.698376772601,16.785769107538485,2284.881261366984,0,True,0.012713692433038487,0.02892578527946849,3.0,0.0,7,30.0,85.0,hold
0.013793103448275862,2147.5702099432324,4293.416874783924,4293.416874783924,16.33877324610924,2296.6278033362587,0,False,0.01287175171652275,0.03378234574460974,3.0,0.0,7,30.0,90.0,hold
0.013793103448275862,2415.42491498715,4743.103872692034,4743.103872692034,13.098640640415057,2293.47226551647,0,True,0.012873211527439624,0.03251217689719582,3.0,0.0,7,30.0,90.0,hold
0.013793103448275862,2205.0343737893577,4498.328361273945,4498.328361273945,20.469954695417584,2302.3480732093035,0,False,0.012520066201691294,0.03846316983645236,3.0,0.0,7,30.0,90.0,hold
0.013793103448275862,2279.327635755754,4457.179506454051,4457.179506454051,26.871966070507554,2284.8283801169487,0,False,0.013052382253451737,0.043676032858861014,3.0,0.0,7,30.0,90.0,hold
0.013793103448275862,2278.522491117678,4559.072547500302,4559.072547500302,17.86594190368312,2280.2746097595978,0,False,0.012523414864983637,0.04108357138060425,3.0,0.0,7,30.0,90.0,hold
0.013793103448275862,2268.1711131290895,4475.676402943531,4475.676402943531,20.364600737526974,2278.547998982913,0,False,0.012257616876122342,0.03371834270091741,3.0,0.0,7,30.0,90.0,hold
0.013793103448275862,1860.132858589084,3304.6951123185436,3304.6951123185436,183.10601269726982,2239.239705251822,0,True,0.011912154941821244,0.030478082888229507,3.0,0.0,7,10.0,70.0,mpc / perfect forecast
0.006896551724137931,2127.9264953344127,3293.9938340634467,3293.9938340634467,218.31388048359963,2228.0666397117748,0,True,0.012455201426743605,0.03163464783882869,3.0,0.0,7,10.0,70.0,mpc / perfect forecast
0.013793103448275862,2126.4610000987286,3287.4081544144387,3287.4081544144387,48.20237622184473,2205.3766292357154,0,True,0.01277325211197151,0.03478337709037849,3.0,0.0,7,10.0,70.0,mpc / perfect forecast
0.013793103448275862,1832.8097495444808,3287.4128103723065,3287.4128103723065,187.64115976130236,2228.134717924214,0,True,0.01179528965373772,0.03367372138554204,3.0,0.0,7,10.0,70.0,mpc / perfect forecast
0.013793103448275862,2070.308107166101,3301.920256185843,3301.920256185843,324.33450263364546,2212.6114582674027,0,True,0.012770988845164777,0.03392191037553027,3.0,0.0,7,10.0,70.0,mpc / perfect forecast
0.006896551724137931,1814.4439403286076,3290.956975534018,3290.956975534018,286.6267216202446,2233.823249418649,0,True,0.013801605647279456,0.03485844331854567,3.0,0.0,7,10.0,70.0,mpc / perfect forecast
0.013793103448275862,1867.7174067051697,3789.6407236299424,3789.6407236299424,110.22007158337483,2232.7771009210965,0,False,0.012785148322925825,0.037802702425938514,3.0,0.0,7,10.0,75.0,mpc / perfect forecast
0.013793103448275862,2290.970103359437,3841.3872768578303,3841.3872768578303,63.32916436903798,2223.701640911162,0,True,0.01338749585156443,0.030158039436865392,3.0,0.0,7,10.0,75.0,mpc / perfect forecast
0.006896551724137931,2176.902040676738,3897.9797626172026,3897.9797626172026,392.2212193269309,2223.95849238832,0,True,0.011851263320096051,0.032052862469318044,3.0,0.0,7,10.0,75.0,mpc / perfect forecast
0.006896551724137931,2157.1668364331213,3829.8937713613864,3829.8937713613864,352.26966291315915,2232.325024517121,0,True,0.013269355768658436,0.03126555905164237,3.0,0.0,7,10.0,75.0,mpc / perfect forecast
0.006896551724137931,2313.4276112328644,3835.6199764985,3835.6199764985,367.45792843748086,2227.6984461716183,0,True,0.013656296503352984,0.03395925494371419,3.0,0.0,7,10.0,75.0,mpc / perfect forecast
0.013793103448275862,2374.821596035725,3827.9548347330683,3827.9548347330683,199.73097152406925,2227.1531115736725,0,True,0.012964566338035905,0.03290359447104318,3.0,0.0,7,10.0,75.0,mpc / perfect forecast
0.006896551724137931,2681.5566502381394,4391.103986081404,4391.103986081404,399.1702884777979,2225.726703837566,0,True,0.01156420809592572,0.03980975557108995,3.0,0.0,7,10.0,80.0,mpc / perfect forecast
0.020689655172413793,1912.7999808553664,3740.632083923878,3740.632083923878,25.528702907716045,2229.270339832095,0,False,0.012274072758602636,0.03693038894173022,3.0,0.0,7,10.0,80.0,mpc / perfect forecast
0.006896551724137931,2060.6000762618364,4093.4243206027736,4093.4243206027736,338.72949074092986,2230.7943035852686,0,False,0.012463340870787548,0.029243529547038474,3.0,0.0,7,10.0,80.0,mpc / perfect forecast
0.013793103448275862,2200.0532063901937,4393.488490888258,4393.488490888258,137.43354213871135,2230.1477171774613,0,True,0.01341746398225414,0.03442434311740242,3.0,0.0,7,10.0,80.0,mpc / perfect forecast
0.006896551724137931,2370.133311901768,4387.183669789149,4387.183669789149,272.8108831162166,1954.1234067710504,0,True,0.012914310662997471,0.03496973242634458,3.0,0.0,7,10.0,80.0,mpc / perfect forecast
0.006896551724137931,2585.7119479478315,4370.920455392255,4370.920455392255,372.1075545022479,2223.1120436121987,0,True,0.011999112508256627,0.033098208665755115,3.0,0.0,7,10.0,80.0,mpc / perfect forecast
0.013793103448275862,2300.96995308753,4297.356943199533,4297.356943199533,54.27640967710302,2227.250639278918,0,False,0.012112493718721739,0.03292834725080348,3.0,0.0,7,10.0,85.0,mpc / perfect forecast
0.013793103448275862,2202.4732044344546,4357.371469753744,4357.371469753744,208.26975248092754,2227.1806428860978,0,False,0.01249092810786078,0.03745209166740574,3.0,0.0,7,10.0,85.0,mpc / perfect forecast
0.006896551724137931,2074.570729595195,4047.277584505958,4047.277584505958,300.479984312077,2229.251647509167,0,False,0.012266341169864262,0.030551360610216474,3.0,0.0,7,10.0,85.0,mpc / perfect forecast
0.006896551724137931,2526.0503675401856,4850.106470768144,4850.106470768144,381.95480213378954,2210.9608931116395,0,False,0.01286759204485864,0.03743265191654826,3.0,0.0,7,10.0,85.0,mpc / perfect forecast
0.006896551724137931,2182.241673124159,4312.156761621699,4312.156761621699,339.1953561076949,2226.138310797456,0,False,0.012409578020677724,0.03612899673954795,3.0,0.0,7,10.0,85.0,mpc / perfect forecast
0.006896551724137931,2279.1792450509215,4333.608954968441,4333.608954968441,399.8148235638392,2227.4670001995787,0,False,0.01258370313080368,0.03144962215163663,3.0,0.0,7,10.0,85.0,mpc / perfect forecast
0.013793103448275862,2111.064042653206,4083.1812401585216,4083.1812401585216,290.77916663234316,2234.9196558053964,0,False,0.012072143827804789,0.031103604114384047,3.0,0.0,7,10.0,90.0,mpc / perfect forecast
0.006896551724137931,1675.2991307530758,3336.4181312751216,3336.4181312751216,361.2038743008076,1887.3893577252456,0,False,0.012348825038756497,0.030930887837562916,3.0,0.0,7,10.0,90.0,mpc / perfect forecast
0.006896551724137931,2338.65965386723,4777.18953024072,4777.18953024072,243.5682897276875,2227.249967176165,0,False,0.011846230157239023,0.03141322437471694,3.0,0.0,7,10.0,90.0,mpc / perfect forecast
0.006896551724137931,1875.2780406881143,3359.570242069017,3359.570242069017,368.89793112508545,1879.472833744962,0,False,0.01158910902311257,0.03048178052645882,3.0,0.0,7,10.0,90.0,mpc / perfect forecast
0.013793103448275862,2157.3738392501073,4331.478947222697,4331.478947222697,180.09139115687162,2231.9080463298897,0,False,0.012087856743790896,0.03312906074910868,3.0,0.0,7,10.0,90.0,mpc / perfect forecast
0.006896551724137931,2587.065149738965,5065.546678991193,5065.546678991193,317.59342367506866,2224.653682537343,0,False,0.011874236574318287,0.029769395470342977,3.0,0.0,7,10.0,90.0,mpc / perfect forecast
0.006896551724137931,2279.941474979179,3214.15143204328,3214.15143204328,568.2334905575157,2072.5738010498562,3,True,0.011726567966819498,0.03633468988773573,3.0,0.0,7,15.0,70.0,mpc / perfect forecast
0.006896551724137931,2320.333811459521,3224.346212438832,3224.346212438832,468.9935483991106,2235.267529738613,2,True,0.012744495250763538,0.0390685583675269,3.0,0.0,7,15.0,70.0,mpc / perfect forecast
0.013793103448275862,2227.9535623061206,3231.5718053171972,3231.5718053171972,349.16175657353193,2239.603714450195,0,True,0.012906699300715242,0.03646305274152189,3.0,0.0,7,15.0,70.0,mpc / perfect forecast
0.013793103448275862,2258.7005017503598,3217.895637970512,3217.895637970512,116.81363310216958,2192.3203217694804,1,True,0.012454609857265759,0.031673773586056705,3.0,0.0,7,15.0,70.0,mpc / perfect forecast
0.013793103448275862,2204.2305143813187,3218.218697925847,3218.218697925847,160.67401332058725,2234.22879992568,0,True,0.01181172334527446,0.030333597506755322,3.0,0.0,7,15.0,70.0,mpc / perfect forecast
0.013793103448275862,2247.69408281376,3223.5736597817604,3223.5736597817604,202.7673968940225,2238.586549005623,0,True,0.012595718344066907,0.032571687101620936,3.0,0.0,7,15.0,70.0,mpc / perfect forecast
0.013793103448275862,2471.763582204731,3744.320652023875,3744.320652023875,513.6597279764942,1937.2820531113546,2,True,0.01226158952914488,0.032419305147099856,3.0,0.0,7,15.0,75.0,mpc / perfect forecast
0.013793103448275862,2436.0544268696244,3761.015103596434,3761.015103596434,264.775889804979,2234.06071021343,2,True,0.013603848404236132,0.04091665491426548,3.0,0.0,7,15.0,75.0,mpc / perfect forecast
0.013793103448275862,2275.9811662085067,3748.3378735277784,3748.3378735277784,356.25006421584345,2246.549653495071,1,True,0.012670503469198242,0.029258090163949,3.0,0.0,7,15.0,75.0,mpc / perfect forecast
0.013793103448275862,2403.478400681908,3776.4761266531277,3776.4761266531277,215.72324738765823,2240.0221549903285,0,True,0.012293748661623144,0.029791662554002212,3.0,0.0,7,15.0,75.0,mpc / perfect forecast
0.006896551724137931,2384.6915600065695,3778.3028421580484,3778.3028421580484,393.38123524424856,1873.6068932875805,0,True,0.01224925909646346,0.03697167130376852,3.0,0.0,7,15.0,75.0,mpc / perfect forecast
0.006896551724137931,2587.905896297603,3756.3596840507944,3756.3596840507944,361.7798699738274,2237.766832684368,0,True,0.011521454489858004,0.03830323050288317,3.0,0.0,7,15.0,75.0,mpc / perfect forecast
0.013793103448275862,2479.766386687623,4309.705376215401,4309.705376215401,353.840956153527,1900.2588150877486,0,True,0.01296450626668974,0.03650330030745361,3.0,0.0,7,15.0,80.0,mpc / perfect forecast
0.013793103448275862,2618.4523670872786,4279.720986263527,4279.720986263527,377.828224948788,2138.4394047785763,2,True,0.01215228640048636,0.036145704332851566,3.0,0.0,7,15.0,80.0,mpc / perfect forecast
0.013793103448275862,2568.1151779631414,4287.731719800679,4287.731719800679,268.11126836019065,2247.6494362073963,0,True,0.012575471182925756,0.031029695383036265,3.0,0.0,7,15.0,80.0,mpc / perfect forecast
0.013793103448275862,2366.0328262132502,4290.778378327019,4290.778378327019,155.00744554101766,2096.8243078489827,0,True,0.012402795030232597,0.03116346233082576,3.0,0.0,7,15.0,80.0,mpc / perfect forecast
0.013793103448275862,2508.649155784441,4281.987351965384,4281.987351965384,250.7191695577325,2246.8256350541355,1,True,0.012072469361032977,0.04080299748613385,3.0,0.0,7,15.0,80.0,mpc / perfect forecast
0.013793103448275862,2562.774967442124,4295.439545666287,4295.439545666287,61.700883794697596,2241.2651136976924,1,True,0.01383025503486924,0.03229038483844258,3.0,0.0,7,15.0,80.0,mpc / perfect forecast
0.006896551724137931,2642.606367906574,4803.567035161346,4803.567035161346,372.536914361434,2233.7643685862204,1,True,0.012713011818595561,0.03806647561891542,3.0,0.0,7,15.0,85.0,mpc / perfect forecast
0.006896551724137931,2869.385264532116,4841.993871329061,4841.993871329061,294.86870271861403,2229.263827392769,0,True,0.011760650772657246,0.032655547866112966,3.0,0.0,7,15.0,85.0,mpc / perfect forecast
0.013793103448275862,2847.280631658431,4825.150710322409,4825.150710322409,134.54717740764698,2239.658247350358,0,True,0.012699326420973007,0.03415586655452266,3.0,0.0,7,15.0,85.0,mpc / perfect forecast
0.013793103448275862,2757.3651587584545,4816.312979139043,4816.312979139043,370.8084079711446,2236.8796835939042,0,True,0.012428225238718588,0.031933175270725096,3.0,0.0,7,15.0,85.0,mpc / perfect forecast
0.013793103448275862,2666.850257437134,4827.163314558296,4827.163314558296,124.02204313519724,2238.096015294962,0,True,0.01168474377953802,0.03367162049493085,3.0,0.0,7,15.0,85.0,mpc / perfect forecast
0.013793103448275862,2770.5586465276942,4814.160394729262,4814.160394729262,349.05773535104186,2108.675631664855,4,True,0.01186662361473441,0.032900041348286516,3.0,0.0,7,15.0,85.0,mpc / perfect forecast
0.013793103448275862,2608.3437121329052,5165.3854897829,5165.3854897829,121.52852910608803,2143.268037702209,2,False,0.013686909202097416,0.03890986513195667,3.0,0.0,7,15.0,90.0,mpc / perfect forecast
0.013793103448275862,2535.647452090644,5039.79780061821,5039.79780061821,278.26960545640117,2234.2293148385725,0,False,0.01365729558643839,0.03591416658415588,3.0,0.0,7,15.0,90.0,mpc / perfect forecast
0.006896551724137931,2790.573522112973,5358.317554448734,5358.317554448734,602.8510162511118,2086.4493850869635,2,True,0.01228653666883342,0.03313035558992286,3.0,0.0,7,15.0,90.0,mpc / perfect forecast
0.013793103448275862,2676.9935494739916,5334.126537145126,5334.126537145126,31.39872608963775,2219.409601714893,0,False,0.013392195560315632,0.032735956657053575,3.0,0.0,7,15.0,90.0,mpc / perfect forecast
0.013793103448275862,2721.477644195434,5357.9817634194305,5357.9817634194305,305.4811800542779,2230.6115571363007,0,False,0.012261645988868093,0.03267493016952083,3.0,0.0,7,15.0,90.0,mpc / perfect forecast
0.013793103448275862,2366.394923601632,4777.2193346615695,4777.2193346615695,100.66869471293822,2241.7263606900583,0,False,0.01289468552845555,0.03532208349642173,3.0,0.0,7,15.0,90.0,mpc / perfect forecast
0.013793103448275862,2278.0584461005888,3138.7831189295016,3138.7831189295016,595.1021425854923,1894.5334080798987,4,True,0.011371148101970346,0.02695743241870235,3.0,0.0,7,20.0,70.0,mpc / perfect forecast
0.013793103448275862,2275.085902815908,3138.2631207070535,3138.2631207070535,435.98847142053114,2054.2544340068944,4,True,0.012244506954412517,0.031212304651493803,3.0,0.0,7,20.0,70.0,mpc / perfect forecast
0.013793103448275862,2166.007810671427,3126.2935271095403,3126.2935271095403,47.79753762583762,2265.6491636367214,0,True,0.01273711405697947,0.029090416435211885,3.0,0.0,7,20.0,70.0,mpc / perfect forecast
0.013793103448275862,2199.988278284818,3133.9079447500917,3133.9079447500917,105.54872845791557,2216.6228828320886,2,True,0.01242191924514959,0.03251470153961041,3.0,0.0,7,20.0,70.0,mpc / perfect forecast
0.013793103448275862,2282.4956379002765,3133.974653530173,3133.974653530173,363.63976304349114,2134.691908177467,3,True,0.01284643887655403,0.034772131204922105,3.0,0.0,7,20.0,70.0,mpc / perfect forecast
0.013793103448275862,2189.60180796823,3128.9791054984116,3128.9791054984116,174.0304719790229,2264.5134707315556,0,True,0.012595826805877671,0.03749808928905464,3.0,0.0,7,20.0,70.0,mpc / perfect forecast
0.013793103448275862,2389.879973017369,3645.968432834582,3645.968432834582,602.9496080399267,2191.1828686561453,7,True,0.011048105485164923,0.028014369896046852,3.0,0.0,7,20.0,75.0,mpc / perfect forecast
0.013793103448275862,2583.9743686608717,3655.118032439056,3655.118032439056,209.0184429743261,2247.9440378576114,3,True,0.012596032940483613,0.0360407147383366,3.0,0.0,7,20.0,75.0,mpc / perfect forecast
0.013793103448275862,2444.536956634172,3660.267812692486,3660.267812692486,495.22291488680156,2156.625635138927,2,True,0.01300705966058571,0.035182183264582084,3.0,0.0,7,20.0,75.0,mpc / perfect forecast
0.013793103448275862,2567.8402881138736,3643.3204163957444,3643.3204163957444,412.2488415282357,2218.431412337477,4,True,0.012391289060023946,0.03452487640253784,3.0,0.0,7,20.0,75.0,mpc / perfect forecast
0.013793103448275862,2353.9271678223463,3650.9244439128743,3650.9244439128743,362.7540024155811,2001.5833923289815,2,True,0.013520893683762,0.03155760925247874,3.0,0.0,7,20.0,75.0,mpc / perfect forecast
0.013793103448275862,2460.5074584343206,3641.927852303431,3641.927852303431,308.4490217784723,2217.29297573722,4,True,0.012956337194508045,0.03152359350678906,3.0,0.0,7,20.0,75.0,mpc / perfect forecast
0.006896551724137931,2686.534873049937,4157.752489772331,4157.752489772331,683.9014988791457,2232.5781170248965,7,True,0.012989072520002296,0.03506320638316639,3.0,0.0,7,20.0,80.0,mpc / perfect forecast
0.013793103448275862,2614.6293505846115,4171.123285901456,4171.123285901456,496.5430410360299,2164.6874002939207,4,True,0.012662146913680105,0.0312176705205874,3.0,0.0,7,20.0,80.0,mpc / perfect forecast
0.006896551724137931,2693.406696735996,4158.841123185782,4158.841123185782,432.8626724625368,2097.5723553148478,5,True,0.012430712106674987,0.033348595855619195,3.0,0.0,7,20.0,80.0,mpc / perfect forecast
0.013793103448275862,2541.2050198376637,4182.1599647227695,4182.1599647227695,62.4814893709828,2259.8992358829137,0,True,0.012346138205293442,0.030961780944527974,3.0,0.0,7,20.0,80.0,mpc / perfect forecast
0.013793103448275862,2615.87713457977,4169.004575105338,4169.004575105338,429.38076459327823,2164.8036197475326,4,True,0.013006877477766807,0.031071514903062473,3.0,0.0,7,20.0,80.0,mpc / perfect forecast
0.013793103448275862,2713.706659176029,4167.663349846259,4167.663349846259,255.5615646210445,2258.2249077613465,1,True,0.012112349161577041,0.03484121264692538,3.0,0.0,7,20.0,80.0,mpc / perfect forecast
0.013793103448275862,2669.701280445322,4734.243417438396,4734.243417438396,631.5083266947709,1838.8717602201727,6,True,0.013285100764393522,0.032728990316600266,3.0,0.0,7,20.0,85.0,mpc / perfect forecast
0.013793103448275862,2763.9834444491867,4685.869190446181,4685.869190446181,321.4529252147658,2245.0669207347482,0,True,0.013545075073407652,0.03450687323051236,3.0,0.0,7,20.0,85.0,mpc / perfect forecast
0.013793103448275862,2840.7474403739434,4691.53010614076,4691.53010614076,269.17937813072973,2244.833360535721,2,True,0.011949464841442306,0.03578563496650519,3.0,0.0,7,20.0,85.0,mpc / perfect forecast
0.013793103448275862,2752.7976068393414,4685.148981647222,4685.148981647222,562.8099058464093,2087.0613244088413,6,True,0.012359800496956402,0.03456398269916342,3.0,0.0,7,20.0,85.0,mpc / perfect forecast
0.013793103448275862,2847.111685757501,4671.521295474674,4671.521295474674,669.1024750717903,1983.0335805806264,7,True,0.012380750548123579,0.03383388927312037,3.0,0.0,7,20.0,85.0,mpc / perfect forecast
0.013793103448275862,2525.7561786857736,4695.267943818725,4695.267943818725,362.33062318569864,2171.8909748972455,1,True,0.013668037756262888,0.03675976118339391,3.0,0.0,7,20.0,85.0,mpc / perfect forecast
0.013793103448275862,2909.7667675978537,5212.33303948677,5212.33303948677,521.280590065119,1949.2090426278694,3,True,0.013448648466036169,0.030929159660068664,3.0,0.0,7,20.0,90.0,mpc / perfect forecast
0.013793103448275862,2859.454464045846,5186.593830018914,5186.593830018914,188.9368271253112,2250.310262502261,1,True,0.011776466640361258,0.0279544451114983,3.0,0.0,7,20.0,90.0,mpc / perfect forecast
0.013793103448275862,2964.8085454517313,5188.5314413679125,5188.5314413679125,435.33654439033745,2229.7040275391573,5,True,0.013142577337305469,0.0345600074009859,3.0,0.0,7,20.0,90.0,mpc / perfect forecast
0.013793103448275862,2671.832454330214,5255.089792726248,5255.089792726248,172.05000341635528,2093.1018515789974,0,True,0.013081134254820239,0.037059050119447476,3.0,0.0,7,20.0,90.0,mpc / perfect forecast
0.013793103448275862,2852.1217680198524,5207.1920882195445,5207.1920882195445,201.2314570314777,2244.5269839433986,1,True,0.011544090616272052,0.02825121342050771,3.0,0.0,7,20.0,90.0,mpc / perfect forecast
0.013793103448275862,2807.918040699334,5204.536880752395,5204.536880752395,420.1556773840024,2048.233909572361,7,True,0.012634250748361971,0.035524880203102384,3.0,0.0,7,20.0,90.0,mpc / perfect forecast
0.013793103448275862,2146.820608338742,3009.193209788522,3009.193209788522,535.8227036215284,2075.19702443813,6,True,0.011576849667117958,0.028865290110309177,3.0,0.0,7,25.0,70.0,mpc / perfect forecast
0.013793103448275862,2110.3828225482457,3027.6487025175115,3027.6487025175115,596.8212605615004,1928.3285810380605,6,True,0.012823048567361078,0.030482617004634654,3.0,0.0,7,25.0,70.0,mpc / perfect forecast
0.013793103448275862,2247.988668473843,3024.0464221109105,3024.0464221109105,716.6288924102558,1874.9601184153503,6,True,0.013149571342305922,0.030623829996383987,3.0,0.0,7,25.0,70.0,mpc / perfect forecast
0.013793103448275862,2167.503709663173,3003.2385338826953,3003.2385338826953,439.0467847911139,2059.4256333717713,4,True,0.01201387028357709,0.03291988205015055,3.0,0.0,7,25.0,70.0,mpc / perfect forecast
0.013793103448275862,2096.532462839268,3014.4183739610826,3014.4183739610826,471.4103470689014,2071.7224714193976,6,True,0.013617648844783049,0.037771360138325265,3.0,0.0,7,25.0,70.0,mpc / perfect forecast
0.013793103448275862,2134.659468684059,3006.942887444702,3006.942887444702,1007.1878518466208,2204.7345568365145,7,True,0.012511477736579648,0.03323918876179372,3.0,0.0,7,25.0,70.0,mpc / perfect forecast
0.013793103448275862,2345.581032104932,3507.1995235971485,3507.1995235971485,757.3312320796776,1939.7299832786748,5,True,0.013324490715657694,0.032905531761117095,3.0,0.0,7,25.0,75.0,mpc / perfect forecast
0.013793103448275862,2328.79107689672,3514.159713612111,3514.159713612111,904.8714433326567,2274.760679565993,7,True,0.011392454802287448,0.027991918632094145,3.0,0.0,7,25.0,75.0,mpc / perfect forecast
0.013793103448275862,2318.6909099325135,3502.8928688396845,3502.8928688396845,544.7811772715036,2088.318388324314,5,True,0.012274704063209877,0.03321437494304658,3.0,0.0,7,25.0,75.0,mpc / perfect forecast
0.013793103448275862,2327.0552117709567,3527.7070615135403,3527.7070615135403,285.4935161480601,2121.560965068038,3,True,0.013055419555623107,0.03286110961877447,3.0,0.0,7,25.0,75.0,mpc / perfect forecast
0.013793103448275862,2367.247827098484,3515.826380665378,3515.826380665378,252.3644599548536,2264.317981034241,0,True,0.012556306253919841,0.02915371340705272,3.0,0.0,7,25.0,75.0,mpc / perfect forecast
0.013793103448275862,2399.9510371460533,3528.603746568894,3528.603746568894,195.2356542101524,2115.0166698503695,2,True,0.0126107632202492,0.03453327134960013,3.0,0.0,7,25.0,75.0,mpc / perfect forecast
0.013793103448275862,2493.589923867043,3991.602299526819,3991.602299526819,701.7280648692858,2127.539488844138,6,True,0.012054454790244097,0.03362836981979827,3.0,0.0,7,25.0,80.0,mpc / perfect forecast
0.013793103448275862,2509.7213090583914,4003.523654029206,4003.523654029206,602.0166243767358,2085.633023180581,6,True,0.012739951066430118,0.031811723100715825,3.0,0.0,7,25.0,80.0,mpc / perfect forecast
0.013793103448275862,2551.567865712733,4007.762521527133,4007.762521527133,403.5568527428296,1889.21507201995,5,True,0.012456339161835498,0.03148150859572242,3.0,0.0,7,25.0,80.0,mpc / perfect forecast
0.013793103448275862,2484.0550244984543,3991.530767729268,3991.530767729268,343.6062274431522,2147.573151965601,5,True,0.013086474512456724,0.03486121538271563,3.0,0.0,7,25.0,80.0,mpc / perfect forecast
0.013793103448275862,2467.0654083372024,4009.5587237359123,4009.5587237359123,444.9255687458242,2235.084952215805,2,True,0.012110662478408403,0.030479810821608635,3.0,0.0,7,25.0,80.0,mpc / perfect forecast
0.013793103448275862,2588.3280847898614,3995.8286110217286,3995.8286110217286,609.6980935192173,2140.932449496739,5,True,0.013429565381555608,0.030686643375110036,3.0,0.0,7,25.0,80.0,mpc / perfect forecast
0.013793103448275862,2647.4107712733735,4527.794479649909,4527.794479649909,488.8919750993927,2069.4072329960495,5,True,0.01274887283326416,0.0319951758276378,3.0,0.0,7,25.0,85.0,mpc / perfect forecast
0.013793103448275862,2481.737883235381,4539.106519145061,4539.106519145061,276.9648292569376,2002.2071886691645,0,True,0.013208581074322536,0.03396406193939763,3.0,0.0,7,25.0,85.0,mpc / perfect forecast
0.013793103448275862,2701.687826135692,4471.493890348537,4471.493890348537,213.1689545303864,2272.374305911224,0,True,0.012633676948936747,0.03614056732397527,3.0,0.0,7,25.0,85.0,mpc / perfect forecast
0.013793103448275862,2531.942912703157,4505.27627635062,4505.27627635062,466.52192241295324,2074.4910312374773,5,True,0.013549776048194843,0.034891495357734115,3.0,0.0,7,25.0,85.0,mpc / perfect forecast
0.013793103448275862,2566.063213433292,4500.987610930692,4500.987610930692,577.7035994766736,2270.483016257862,3,True,0.01305617435162395,0.032741954446093846,3.0,0.0,7,25.0,85.0,mpc / perfect forecast
0.013793103448275862,2599.362246068015,4520.646858681003,4520.646858681003,525.0074210574115,2062.5563345400833,5,True,0.012783689174821106,0.03465209672160013,3.0,0.0,7,25.0,85.0,mpc / perfect forecast
0.013793103448275862,2674.137240501352,4976.389547469915,4976.389547469915,603.8522373860068,1985.3237562705635,8,True,0.01284123499546037,0.0319853923344755,3.0,0.0,7,25.0,90.0,mpc / perfect forecast
0.013793103448275862,2429.275937628336,4800.238789171801,4800.238789171801,377.49999909030527,1900.9946140362676,0,False,0.01271502796021753,0.043698982061611324,3.0,0.0,7,25.0,90.0,mpc / perfect forecast
0.013793103448275862,2643.9741291632154,5017.19964456338,5017.19964456338,0.0,2263.998393656725,0,True,0.011983480183143316,0.03334204142638927,3.0,0.0,7,25.0,90.0,mpc / perfect forecast
0.013793103448275862,2533.503161290665,4962.834375542629,4962.834375542629,830.6499979335287,1891.5019355142758,8,True,0.011826578455067193,0.031314924623693854,3.0,0.0,7,25.0,90.0,mpc / perfect forecast
0.013793103448275862,2496.0036839044374,5014.6499856508935,5014.6499856508935,545.5759738417089,2004.1175995696121,5,True,0.013087588339594388,0.03775665754871814,3.0,0.0,7,25.0,90.0,mpc / perfect forecast
0.013793103448275862,2532.6290634188754,4983.138796694635,4983.138796694635,80.19535797810126,2271.365342287391,0,False,0.011678899104042581,0.02698666576862831,3.0,0.0,7,25.0,90.0,mpc / perfect forecast
0.013793103448275862,1921.7177446911353,2895.556699636001,2895.556699636001,118.27320408301269,2219.969108557737,0,True,0.012152830712065086,0.024748293667521584,3.0,0.0,7,30.0,70.0,mpc / perfect forecast
0.013793103448275862,2006.1451141297762,2873.1254756937974,2873.1254756937974,766.8674915420775,2049.982800039617,9,True,0.011425756152590158,0.03136250760209128,3.0,0.0,7,30.0,70.0,mpc / perfect forecast
0.013793103448275862,2006.7236956025763,2859.992970380576,2859.992970380576,300.5656759414429,2041.5654505333944,2,True,0.01149662753811457,0.030487754992744902,3.0,0.0,7,30.0,70.0,mpc / perfect forecast
0.013793103448275862,1812.750480323001,2871.011870442708,2871.011870442708,386.1248287725496,2115.3657516870962,4,True,0.01280521610997645,0.04438349398525811,3.0,0.0,7,30.0,70.0,mpc / perfect forecast
0.013793103448275862,1943.6571964006623,2881.053664440307,2881.053664440307,731.1744295465114,2118.2764551060586,5,True,0.01216309795547926,0.04630599069886227,3.0,0.0,7,30.0,70.0,mpc / perfect forecast
0.013793103448275862,1907.6973486463844,2932.8179864699164,2932.8179864699164,471.0266504405717,2003.5918244922802,6,True,0.01169933519086404,0.03213158684322345,3.0,0.0,7,30.0,70.0,mpc / perfect forecast
0.013793103448275862,1914.8092778693117,3313.1569952298705,3313.1569952298705,384.1259539020543,2306.870695076257,0,True,0.012251016631497176,0.028278031697414923,3.0,0.0,7,30.0,75.0,mpc / perfect forecast
0.013793103448275862,1986.4230442601472,3354.648271330425,3354.648271330425,102.60442843327964,2286.0773885630247,3,True,0.012673592361152593,0.03438819021315375,3.0,0.0,7,30.0,75.0,mpc / perfect forecast
0.013793103448275862,1869.426360942419,3325.131649034844,3325.131649034844,393.8385174063832,2282.3265988131875,3,True,0.012283891073423904,0.03138479413592109,3.0,0.0,7,30.0,75.0,mpc / perfect forecast
0.013793103448275862,2029.131942220035,3347.9240580117375,3347.9240580117375,596.0942336601493,2272.403154165032,5,True,0.011793777210036199,0.030978014848817844,3.0,0.0,7,30.0,75.0,mpc / perfect forecast
0.013793103448275862,2059.8896923756097,3348.1446520966615,3348.1446520966615,285.99775271230857,2116.150414512689,4,True,0.011898213812858396,0.030691204552044462,3.0,0.0,7,30.0,75.0,mpc / perfect forecast
0.013793103448275862,2070.852488349997,3362.7135045795762,3362.7135045795762,561.4869013337269,2303.565195594935,2,True,0.013630835990734036,0.03033624685410808,3.0,0.0,7,30.0,75.0,mpc / perfect forecast
0.013793103448275862,1937.891909619175,3550.272907734051,3550.272907734051,380.0747266892912,2257.3178695111546,3,False,0.012473067030827897,0.03505659490033257,3.0,0.0,7,30.0,80.0,mpc / perfect forecast
0.013793103448275862,2120.923826945279,3795.7833390213664,3795.7833390213664,597.3930441445564,2283.067748880291,7,True,0.013296447282250433,0.02910366404389707,3.0,0.0,7,30.0,80.0,mpc / perfect forecast
0.013793103448275862,2015.4062614388986,3847.833211150725,3847.833211150725,82.64988821924928,2281.9983399544467,0,True,0.01302898958102493,0.027724588071578227,3.0,0.0,7,30.0,80.0,mpc / perfect forecast
0.013793103448275862,2083.3567131174536,3889.332357573484,3889.332357573484,786.2906177303319,1915.2260717109298,6,True,0.012580461523489937,0.029498409717350293,3.0,0.0,7,30.0,80.0,mpc / perfect forecast
0.013793103448275862,2144.060963210027,3786.876710761509,3786.876710761509,0.0,2298.921152486963,0,True,0.013352460093035923,0.034513339534297964,3.0,0.0,7,30.0,80.0,mpc / perfect forecast
0.013793103448275862,2250.6604433512475,3815.855591065311,3815.855591065311,563.2318445945738,2106.676903773244,2,True,0.012878050715748664,0.034884875928079664,3.0,0.0,7,30.0,80.0,mpc / perfect forecast
0.013793103448275862,1907.5968040866742,4001.3176834468823,4001.3176834468823,291.6017967281673,2275.7761382859676,0,False,0.013612835519339228,0.03974206902843562,3.0,0.0,7,30.0,85.0,mpc / perfect forecast
0.013793103448275862,2056.3741386439597,3957.895377912295,3957.895377912295,498.2585698667758,2207.342486157092,4,False,0.013115319891381446,0.03253034213185918,3.0,0.0,7,30.0,85.0,mpc / perfect forecast
0.013793103448275862,2026.2179056745247,4079.2072117217876,4079.2072117217876,0.0,2283.8956835752615,0,False,0.012846786356308287,0.03330712446372981,3.0,0.0,7,30.0,85.0,mpc / perfect forecast
0.013793103448275862,1983.3079983922075,3967.167855265309,3967.167855265309,361.13844033620313,2217.8652507056463,4,False,0.012346626592165998,0.028246205132467807,3.0,0.0,7,30.0,85.0,mpc / perfect forecast
0.013793103448275862,2026.2852979039476,4077.131222524503,4077.131222524503,66.89421714293918,2284.048486068522,0,False,0.011946117266735532,0.030115796150672586,3.0,0.0,7,30.0,85.0,mpc / perfect forecast
0.013793103448275862,2144.3014543966415,4240.703330703456,4240.703330703456,535.010596903315,1947.0468900111289,2,False,0.012713692411637835,0.028925785151357946,3.0,0.0,7,30.0,85.0,mpc / perfect forecast
0.013793103448275862,2005.6793798057984,3956.835484118092,3956.835484118092,500.8173233424369,2302.3018645857896,7,False,0.012871751710171093,0.033782345312697123,3.0,0.0,7,30.0,90.0,mpc / perfect forecast
0.013793103448275862,2005.3022069422211,3983.58019245044,3983.58019245044,358.25169506387925,2305.325213172091,0,False,0.012873211533373076,0.03251217683368299,3.0,0.0,7,30.0,90.0,mpc / perfect forecast
0.013793103448275862,2062.2156197480263,4223.213872395639,4223.213872395639,738.0440760394042,2116.284023623909,8,False,0.012520066203437619,0.038463169591271155,3.0,0.0,7,30.0,90.0,mpc / perfect forecast
0.013793103448275862,2164.1062802224637,4156.863060694547,4156.863060694547,234.71408643670904,2288.948286069112,1,False,0.013052382269743347,0.043676033409939516,3.0,0.0,7,30.0,90.0,mpc / perfect forecast
0.013793103448275862,2176.519989854759,4399.755194740702,4399.755194740702,581.7303188964646,2092.039380112058,4,False,0.012523414865418584,0.04108357138009319,3.0,0.0,7,30.0,90.0,mpc / perfect forecast
0.013793103448275862,2087.4069227267414,4091.965272977488,4091.965272977488,357.1224419388534,2254.0410274493734,2,False,0.01225761686937602,0.03371834264353812,3.0,0.0,7,30.0,90.0,mpc / perfect forecast
0.013793103448275862,2481.3431211733755,3288.749273178014,3288.749273178014,15.058425018153509,2207.0537897298173,0,True,0.0119121549545877,0.030478082993349174,3.0,0.0,8,10.0,70.0,hold
0.013793103448275862,2432.8290663556927,3289.7917720589494,3289.7917720589494,15.505142012658704,2205.5852442382948,0,True,0.01245520142748617,0.031634648206882464,3.0,0.0,8,10.0,70.0,hold
0.013793103448275862,2206.6774167928565,3291.014406655785,3291.014406655785,19.581604785478348,2218.9697145429873,0,True,0.012773252120429518,0.03478337728652444,3.0,0.0,8,10.0,70.0,hold
0.006896551724137931,2650.07452670509,3289.634947597856,3289.634947597856,30.21074196401656,2187.2196635797204,0,True,0.011795289644294908,0.033673721383542514,3.0,0.0,8,10.0,70.0,hold
0.006896551724137931,2574.56887856447,3284.584486413402,3284.584486413402,27.71588122166131,2196.767085225119,0,True,0.012770988844070737,0.03392191040203314,3.0,0.0,8,10.0,70.0,hold
0.013793103448275862,2432.6837921780752,3281.7373164269,3281.7373164269,18.077302213519765,2208.8425478294425,0,True,0.013801605648012714,0.0348584442826218,3.0,0.0,8,10.0,70.0,hold
0.013793103448275862,2569.1661560981534,3830.603394000437,3830.603394000437,16.731992367677957,2213.192117115877,0,True,0.012785148323717792,0.037802702425938514,3.0,0.0,8,10.0,75.0,hold
0.013793103448275862,2418.138847608645,3830.720922665495,3830.720922665495,14.334812056323827,2207.4077699801514,0,True,0.013387495841075781,0.030158039254193324,3.0,0.0,8,10.0,75.0,hold
0.013793103448275862,2617.001745482591,3843.1021177046673,3843.1021177046673,15.293302166125411,2209.34762609299,0,True,0.011851263283310945,0.032052860952748494,3.0,0.0,8,10.0,75.0,hold
0.006896551724137931,2917.7913003093445,3831.949947553252,3831.949947553252,18.46169941916791,2194.1282645595793,0,True,0.01326935577196335,0.03126555943416385,3.0,0.0,8,10.0,75.0,hold
0.006896551724137931,2945.636536047306,3829.9930018328414,3829.9930018328414,13.852121965975186,2182.5428887168464,0,True,0.013656296497571298,0.03395925430749247,3.0,0.0,8,10.0,75.0,hold
0.013793103448275862,2633.3869007447556,3833.6822730857916,3833.6822730857916,21.14646134371268,2205.0621097777707,0,True,0.012964566338948462,0.032903594996976836,3.0,0.0,8,10.0,75.0,hold
0.013793103448275862,2990.4655029555124,4396.556118231958,4396.556118231958,17.305402679930197,2201.77680829564,0,True,0.011564208101141832,0.03980975558105667,3.0,0.0,8,10.0,80.0,hold
0.006896551724137931,3345.6329268649074,4387.638869129543,4387.638869129543,28.15859356229671,2170.551255822466,0,True,0.012274072750885778,0.03693038909869366,3.0,0.0,8,10.0,80.0,hold
0.006896551724137931,3210.1831967579237,4377.389249789577,4377.389249789577,16.786788014397434,2189.641560425178,0,True,0.012463340875524618,0.029243529909150967,3.0,0.0,8,10.0,80.0,hold
0.013793103448275862,2583.6996218525524,4383.945836100953,4383.945836100953,21.894836735082027,2205.659373479805,0,True,0.013417463976977377,0.03442434313194227,3.0,0.0,8,10.0,80.0,hold
0.006896551724137931,3155.380536688559,4401.389032184166,4401.389032184166,21.17983184458036,2192.8713432527925,0,True,0.012914310649536891,0.0349697326342364,3.0,0.0,8,10.0,80.0,hold
0.006896551724137931,3271.792112034357,4372.460104708084,4372.460104708084,21.672413271533266,2192.5049975634124,0,True,0.011999112509370606,0.03309820859916215,3.0,0.0,8,10.0,80.0,hold
0.013793103448275862,3025.2469259413697,4923.186273336472,4923.186273336472,20.330093235666997,2205.845265762603,0,True,0.01211249373063457,0.03292834726972758,3.0,0.0,8,10.0,85.0,hold
0.006896551724137931,3419.287252960606,4923.789633634698,4923.789633634698,24.733820070015508,2191.6568007770857,0,True,0.012490928116109917,0.037452091865983916,3.0,0.0,8,10.0,85.0,hold
0.013793103448275862,2517.2540159151013,4918.833741013529,4918.833741013529,30.303228510934893,2210.265566404157,0,True,0.012266341173835798,0.03055135992886478,3.0,0.0,8,10.0,85.0,hold
0.006896551724137931,3462.295939342407,4921.649207228301,4921.649207228301,18.91281481292266,2192.5322457511993,0,True,0.012867592045644027,0.03743265191771491,3.0,0.0,8,10.0,85.0,hold
0.006896551724137931,3528.089081660019,4928.923820143466,4928.923820143466,14.29603078012164,2191.9961404428,0,True,0.012409578021105991,0.03612899685381067,3.0,0.0,8,10.0,85.0,hold
0.006896551724137931,3565.400064364396,4921.724589760486,4921.724589760486,28.551713247927022,2179.2440847868843,0,True,0.012583703149491159,0.031449622253939234,3.0,0.0,8,10.0,85.0,hold
0.006896551724137931,3521.227151589334,5481.109068684532,5481.109068684532,24.544466549300246,2193.9811656223533,0,True,0.01207214382705538,0.0311036043067736,3.0,0.0,8,10.0,90.0,hold
0.013793103448275862,2618.7175913866017,5087.990396539325,5087.990396539325,23.343286688750183,2206.98601897516,0,False,0.012348825037665606,0.030930887862809404,3.0,0.0,8,10.0,90.0,hold
0.013793103448275862,2092.972166494993,4032.846964329166,4032.846964329166,29.881710134937077,2214.2864666444716,0,False,0.011846230159136927,0.03141322430685709,3.0,0.0,8,10.0,90.0,hold
0.013793103448275862,3183.0124072333933,5464.448550443538,5464.448550443538,21.689338089528388,2208.7937576891013,0,True,0.011589109015530388,0.030481780339315076,3.0,0.0,8,10.0,90.0,hold
0.006896551724137931,3631.5090473352707,5487.360846938712,5487.360846938712,13.693974588748473,2183.4970436087265,0,True,0.012087856740287785,0.03312906014124235,3.0,0.0,8,10.0,90.0,hold
0.006896551724137931,3477.9670638614366,5479.755817446265,5479.755817446265,22.757234735534237,2196.22923760242,0,True,0.011874236573802979,0.029769395475031525,3.0,0.0,8,10.0,90.0,hold
0.013793103448275862,2345.091303325171,3217.4868100373524,3217.4868100373524,19.009077388490937,2209.552187400119,0,True,0.0117265679689414,0.03633468988601141,3.0,0.0,8,15.0,70.0,hold
0.006896551724137931,2515.3638495924756,3216.7312442506295,3216.7312442506295,22.956007752396903,2211.2929508405023,0,True,0.012744495241041365,0.0390685583675269,3.0,0.0,8,15.0,70.0,hold
0.013793103448275862,2354.285224424096,3217.324044425171,3217.324044425171,17.093881347534367,2214.489307960883,0,True,0.012906699281555937,0.03646305155030587,3.0,0.0,8,15.0,70.0,hold
0.013793103448275862,2425.700465709725,3222.7085090778246,3222.7085090778246,18.146162700539655,2219.694045934447,0,True,0.012454609853181184,0.03167377341724811,3.0,0.0,8,15.0,70.0,hold
0.013793103448275862,2334.7282886065145,3229.1259086819523,3229.1259086819523,20.588748697173287,2230.62123805618,0,True,0.011811723350443865,0.030333597624402082,3.0,0.0,8,15.0,70.0,hold
0.013793103448275862,2396.660719062018,3221.6188966324507,3221.6188966324507,21.39466260889603,2216.4168884197525,0,True,0.012595718347215498,0.032571687152437676,3.0,0.0,8,15.0,70.0,hold
0.006896551724137931,2847.4946293353505,3752.0683956703215,3752.0683956703215,20.63542427639368,2210.6310530131154,0,True,0.012261589514281768,0.03241930519758833,3.0,0.0,8,15.0,75.0,hold
0.013793103448275862,2783.97606235773,3774.0804600958186,3774.0804600958186,16.22669143356688,2203.0247840622114,0,True,0.013603848400118523,0.04091665401133961,3.0,0.0,8,15.0,75.0,hold
0.013793103448275862,2634.2768575835403,3758.7935670921056,3758.7935670921056,19.762527589271365,2215.3249839819996,0,True,0.012670503469169994,0.029258090729816638,3.0,0.0,8,15.0,75.0,hold
0.013793103448275862,2589.27408927908,3765.197232477571,3765.197232477571,29.81182808781119,2213.4346785184725,0,True,0.012293748649773123,0.029791662312805497,3.0,0.0,8,15.0,75.0,hold
0.013793103448275862,2521.7025403898047,3757.524336155681,3757.524336155681,19.585826545885787,2223.071357718568,0,True,0.012249259108954786,0.03697167144766018,3.0,0.0,8,15.0,75.0,hold
0.013793103448275862,2741.893327917928,3755.7827054668282,3755.7827054668282,19.405229655308162,2215.2514888191345,0,True,0.011521454488616502,0.03830323050333476,3.0,0.0,8,15.0,75.0,hold
0.013793103448275862,2654.3737552194566,4293.868924082859,4293.868924082859,19.627555759769834,2223.051685485888,0,True,0.012964506267778782,0.03650330017998473,3.0,0.0,8,15.0,80.0,hold
0.013793103448275862,2758.1721553418406,4295.347102152263,4295.347102152263,18.442312514679653,2219.2818243639995,0,True,0.012152286388127204,0.036145705019199816,3.0,0.0,8,15.0,80.0,hold
0.006896551724137931,3235.2033909774314,4298.354191133002,4298.354191133002,20.687425241182513,2198.539408093092,0,True,0.012575471186389152,0.031029695369947045,3.0,0.0,8,15.0,80.0,hold
0.013793103448275862,2727.031649111799,4299.151537254065,4299.151537254065,20.13253804966735,2222.688974934795,0,True,0.01240279503691049,0.031163462308635807,3.0,0.0,8,15.0,80.0,hold
0.013793103448275862,2883.570608445674,4288.842948451704,4288.842948451704,13.820368336146798,2222.996310241653,0,True,0.012072469360070903,0.040802997293830835,3.0,0.0,8,15.0,80.0,hold
0.006896551724137931,2959.42335812935,4288.858139401292,4288.858139401292,29.067422971792624,2204.2210849552666,0,True,0.013830255022498726,0.03229038478950114,3.0,0.0,8,15.0,80.0,hold
0.013793103448275862,3062.4239418472607,4825.167203623066,4825.167203623066,18.923427166539174,2219.0098709600634,0,True,0.012713011828115425,0.038066476301564796,3.0,0.0,8,15.0,85.0,hold
0.006896551724137931,3294.797100908151,4829.581769676611,4829.581769676611,24.769203378578247,2198.571119550966,0,True,0.011760650768242219,0.03265554755062382,3.0,0.0,8,15.0,85.0,hold
0.013793103448275862,2964.3480244800908,4834.189964547781,4834.189964547781,25.06481527233042,2212.961745716206,0,True,0.012699326424412202,0.034155866138076654,3.0,0.0,8,15.0,85.0,hold
0.006896551724137931,3126.8458555699344,4832.885710039689,4832.885710039689,30.097690685262723,2208.2886541695643,0,True,0.012428225256188379,0.031933175257169676,3.0,0.0,8,15.0,85.0,hold
0.013793103448275862,3061.482110281142,4810.252217590718,4810.252217590718,21.512547179867695,2216.9833268681055,0,True,0.011684743772136017,0.033671620084635305,3.0,0.0,8,15.0,85.0,hold
0.006896551724137931,3106.8064307913605,4841.412557920985,4841.412557920985,26.311650047662948,2197.70357361642,0,True,0.011866623613120703,0.032900041251129955,3.0,0.0,8,15.0,85.0,hold
0.013793103448275862,3276.2930766629115,5370.356990294663,5370.356990294663,23.03132752420612,2196.7875123270787,0,True,0.013686909209277332,0.038909864628516644,3.0,0.0,8,15.0,90.0,hold
0.006896551724137931,3383.4156171612553,5342.191809184075,5342.191809184075,20.352388308041657,2218.0725710806787,0,True,0.013657295595588743,0.03591416546207218,3.0,0.0,8,15.0,90.0,hold
0.013793103448275862,3035.080333759875,5355.515144837793,5355.515144837793,24.276397263156518,2225.6062767310486,0,True,0.012286536668296792,0.03313035558440649,3.0,0.0,8,15.0,90.0,hold
0.013793103448275862,2824.730855032022,5349.310423932123,5349.310423932123,30.260175141713898,2207.7930963031426,0,True,0.013392195549967116,0.032735957214769164,3.0,0.0,8,15.0,90.0,hold
0.006896551724137931,3473.079672973442,5356.774749855236,5356.774749855236,36.452234073986475,2196.4330560421326,0,True,0.012261645961249693,0.03267493014799309,3.0,0.0,8,15.0,90.0,hold
0.013793103448275862,3014.052124134487,5366.058984103567,5366.058984103567,47.230379576300614,2197.846814896531,0,True,0.012894685527540839,0.03532208320700571,3.0,0.0,8,15.0,90.0,hold
0.013793103448275862,2322.6874874657483,3137.6434941220837,3137.6434941220837,29.067064881469264,2208.311381781753,0,True,0.011371148103711681,0.026957432326877962,3.0,0.0,8,20.0,70.0,hold
0.013793103448275862,2440.6847302592714,3130.5028212718494,3130.5028212718494,25.534708898734895,2227.1468056525678,0,True,0.01224450695799713,0.031212304705237375,3.0,0.0,8,20.0,70.0,hold
0.013793103448275862,2450.1244580211232,3139.899847970408,3139.899847970408,26.48027555174099,2219.41032545791,0,True,0.012737114070114242,0.02909041701514486,3.0,0.0,8,20.0,70.0,hold
0.006896551724137931,2433.9592367729156,3124.0157445940736,3124.0157445940736,20.24284417433704,2207.397105669902,0,True,0.01242191924328567,0.03251470247957923,3.0,0.0,8,20.0,70.0,hold
0.013793103448275862,2276.5725496530463,3139.4683778185545,3139.4683778185545,11.465210503253937,2223.763154191687,0,True,0.012846438877425766,0.03477213120739246,3.0,0.0,8,20.0,70.0,hold
0.013793103448275862,2313.545470158653,3126.7996630538078,3126.7996630538078,18.94686056052969,2236.453597011701,0,True,0.012595826811866662,0.03749808992678549,3.0,0.0,8,20.0,70.0,hold
0.013793103448275862,2515.989937525075,3653.5610604627673,3653.5610604627673,28.85696502899816,2215.987360875824,0,True,0.011048105494329934,0.02801437018778892,3.0,0.0,8,20.0,75.0,hold
0.013793103448275862,2295.516810644456,3659.772434941238,3659.772434941238,5.725685068257526,2224.7812546786636,0,True,0.012596032939312541,0.03604071489274496,3.0,0.0,8,20.0,75.0,hold
0.013793103448275862,2563.013393993903,3644.168271369091,3644.168271369091,14.842707509698954,2236.8851208559586,0,True,0.013007059669780642,0.03518218336852603,3.0,0.0,8,20.0,75.0,hold
0.013793103448275862,2538.2578736631817,3655.4950457136856,3655.4950457136856,20.259234159166947,2228.3914540515634,0,True,0.012391289062613636,0.034524876455511125,3.0,0.0,8,20.0,75.0,hold
0.013793103448275862,2496.5439644290527,3654.054586897286,3654.054586897286,20.407357173987133,2219.3649423464353,0,True,0.013520893679936783,0.031557609433841526,3.0,0.0,8,20.0,75.0,hold
0.013793103448275862,2604.986897550563,3664.3684491643785,3664.3684491643785,21.17014197203139,2230.464862343629,0,True,0.0129563371768175,0.03152359303090812,3.0,0.0,8,20.0,75.0,hold
0.013793103448275862,2725.730381583756,4172.638592217386,4172.638592217386,22.57311801819195,2232.3446123454064,0,True,0.012989072513888056,0.03506320659178079,3.0,0.0,8,20.0,80.0,hold
0.013793103448275862,2823.5543272475693,4167.3518931715425,4167.3518931715425,27.29370751207927,2229.271562712835,0,True,0.01266214691349591,0.031217670560931766,3.0,0.0,8,20.0,80.0,hold
0.013793103448275862,2752.0031897187573,4156.108144778967,4156.108144778967,19.22471599026427,2220.673280840805,0,True,0.012430712105652698,0.033348595859744125,3.0,0.0,8,20.0,80.0,hold
0.013793103448275862,2494.1099163862186,4185.3323700841265,4185.3323700841265,15.893752909825697,2217.3175144447496,0,True,0.012346138205747762,0.030961780802136192,3.0,0.0,8,20.0,80.0,hold
0.006896551724137931,2966.468831303758,4152.558722405468,4152.558722405468,26.52607545902992,2204.419716520895,0,True,0.013006877483331557,0.031071514882311517,3.0,0.0,8,20.0,80.0,hold
0.013793103448275862,2712.7257093173885,4164.301063289611,4164.301063289611,19.640787544860643,2234.8474577755073,0,True,0.012112349156986337,0.03484121271528968,3.0,0.0,8,20.0,80.0,hold
0.013793103448275862,2898.8897766295563,4677.663091916185,4677.663091916185,37.609854158634384,2221.9344014192393,0,True,0.01328510078709691,0.03272899200801966,3.0,0.0,8,20.0,85.0,hold
0.013793103448275862,3025.3655711926267,4681.451093236834,4681.451093236834,20.426321000874747,2226.496693613724,0,True,0.013545075077869647,0.03450687321226035,3.0,0.0,8,20.0,85.0,hold
0.013793103448275862,2747.5616256768985,4728.844421684033,4728.844421684033,25.873956463032624,2209.6971408952368,0,True,0.01194946485098652,0.03578563437680252,3.0,0.0,8,20.0,85.0,hold
0.013793103448275862,2916.458772004416,4678.494517676125,4678.494517676125,26.225098160846404,2209.1672539708848,0,True,0.012359800504358927,0.03456398289982247,3.0,0.0,8,20.0,85.0,hold
0.013793103448275862,2932.4382800230956,4689.728600240329,4689.728600240329,21.607393208646187,2233.948471965865,0,True,0.012380750548330446,0.03383388941578674,3.0,0.0,8,20.0,85.0,hold
0.013793103448275862,3029.5452184447804,4699.653648840871,4699.653648840871,27.189875686697015,2219.433392991829,0,True,0.013668037743933392,0.03675976069602299,3.0,0.0,8,20.0,85.0,hold
0.013793103448275862,3051.485663214455,5220.663712128609,5220.663712128609,28.38557995272808,2229.3112188355417,0,True,0.013448648467983404,0.03092915969055972,3.0,0.0,8,20.0,90.0,hold
0.013793103448275862,3073.015969933342,5190.497189916975,5190.497189916975,21.124956206467292,2227.9355535826858,0,True,0.011776466643697353,0.027954445000904285,3.0,0.0,8,20.0,90.0,hold
0.013793103448275862,2947.1653266432068,5180.620975695313,5180.620975695313,13.609973636574676,2230.8323983245173,0,True,0.013142577348646703,0.03456000740596514,3.0,0.0,8,20.0,90.0,hold
0.013793103448275862,2983.7215051033477,5200.966232467872,5200.966232467872,30.874721913602734,2226.6006050206697,0,True,0.013081134247201956,0.03705905012391333,3.0,0.0,8,20.0,90.0,hold
0.013793103448275862,3032.0000893027445,5219.029901126036,5219.029901126036,12.822269342688735,2226.0244376877417,0,True,0.011544090613372457,0.02825121318985389,3.0,0.0,8,20.0,90.0,hold
0.006896551724137931,3060.5849603308443,5196.812338851058,5196.812338851058,34.6265228906333,2211.802804075334,0,True,0.012634250753654964,0.035524881053083004,3.0,0.0,8,20.0,90.0,hold
0.013793103448275862,2117.971321994847,3035.0280909422304,3035.0280909422304,19.929933761513425,2231.8646818321076,0,True,0.011576849658910173,0.028865289183535252,3.0,0.0,8,25.0,70.0,hold
0.013793103448275862,2170.6547641133493,3018.9701817857253,3018.9701817857253,20.261580746441084,2228.054934711362,0,True,0.012823048561588557,0.03048261691872073,3.0,0.0,8,25.0,70.0,hold
0.013793103448275862,2234.028597724451,3011.099441830229,3011.099441830229,13.589155884559508,2238.6458622018536,0,True,0.013149571355657209,0.03062382974682607,3.0,0.0,8,25.0,70.0,hold
0.013793103448275862,2020.8650908724846,3007.8318413371803,3007.8318413371803,28.530673378444916,2227.402099056049,0,True,0.012013870283594259,0.032919882050088556,3.0,0.0,8,25.0,70.0,hold
0.013793103448275862,2155.365532347821,3010.883560304007,3010.883560304007,14.418886360734904,2245.5370962449138,0,True,0.01361764884343055,0.03777136038417935,3.0,0.0,8,25.0,70.0,hold
0.013793103448275862,2197.707523061301,3017.934202708652,3017.934202708652,14.969371185061744,2232.0361019187158,0,True,0.012511477743331023,0.033239188774074904,3.0,0.0,8,25.0,70.0,hold
0.013793103448275862,2407.8654276759144,3516.847135239948,3516.847135239948,13.353440251113783,2228.0402288719833,0,True,0.013324490707637904,0.03290553170535997,3.0,0.0,8,25.0,75.0,hold
0.013793103448275862,2410.8972561888354,3520.4366619311754,3520.4366619311754,19.88847502539547,2223.62841997439,0,True,0.011392454804279882,0.027991918794044814,3.0,0.0,8,25.0,75.0,hold
0.013793103448275862,2120.8883292480446,3511.0315436640053,3511.0315436640053,19.598139550019972,2227.083069399726,0,True,0.012274704054454983,0.03321437481186114,3.0,0.0,8,25.0,75.0,hold
0.013793103448275862,2396.595645811611,3499.0850331358806,3499.0850331358806,17.664726056641825,2225.808480651787,0,True,0.01305541955874207,0.03286110956054886,3.0,0.0,8,25.0,75.0,hold
0.013793103448275862,2398.0816284693724,3514.3396657436924,3514.3396657436924,24.157018710337464,2221.813472262554,0,True,0.012556306263163909,0.029153713383794785,3.0,0.0,8,25.0,75.0,hold
0.013793103448275862,2474.3771103822314,3518.0720410964714,3518.0720410964714,19.28442944769784,2229.6829135983435,0,True,0.012610763224061855,0.034533271663511514,3.0,0.0,8,25.0,75.0,hold
0.013793103448275862,2555.429936375776,4000.2615881665824,4000.2615881665824,23.21239363072249,2221.270462086414,0,True,0.012054454785471201,0.03362837010604613,3.0,0.0,8,25.0,80.0,hold
0.013793103448275862,2634.955028017327,4009.689958191874,4009.689958191874,16.178281326856638,2248.626625904534,0,True,0.012739951078328298,0.03181172335386119,3.0,0.0,8,25.0,80.0,hold
0.006896551724137931,2610.5689375991806,4020.269526135421,4020.269526135421,18.436252151800385,2240.303506018588,0,True,0.012456339169060058,0.031481508761781754,3.0,0.0,8,25.0,80.0,hold
0.013793103448275862,2570.724148195146,4001.126374748517,4001.126374748517,21.5346019423572,2242.8704350272565,0,True,0.01308647450979806,0.03486121532775367,3.0,0.0,8,25.0,80.0,hold
0.013793103448275862,2307.6626081597624,4013.730601096666,4013.730601096666,20.008279823388577,2223.0948638798627,0,True,0.012110662476880994,0.030479810816177635,3.0,0.0,8,25.0,80.0,hold
0.013793103448275862,2522.931410049258,4004.2818929504533,4004.2818929504533,15.8003869203557,2223.6620875447857,0,True,0.013429565383307576,0.030686643374862183,3.0,0.0,8,25.0,80.0,hold
0.013793103448275862,2637.1981504993223,4522.6597076533635,4522.6597076533635,10.290271487392884,2225.0336315416766,0,True,0.012748872846237356,0.031995176231085845,3.0,0.0,8,25.0,85.0,hold
0.013793103448275862,2647.488445198547,4526.150015336623,4526.150015336623,14.336350398121004,2231.4286768036873,0,True,0.013208581064263723,0.0339640621163513,3.0,0.0,8,25.0,85.0,hold
0.013793103448275862,2824.2174724906126,4544.669229020217,4544.669229020217,14.889536664588409,2244.6610202854135,0,True,0.012633676940941915,0.036140568178622004,3.0,0.0,8,25.0,85.0,hold
0.013793103448275862,2741.7590162436586,4506.708742722914,4506.708742722914,15.734751735781023,2241.6019836855417,0,True,0.01354977605743372,0.03489149606412112,3.0,0.0,8,25.0,85.0,hold
0.013793103448275862,2273.8543873460208,4494.340398211865,4494.340398211865,15.83551775707245,2219.765322947679,0,True,0.013056174351716871,0.032741954643499764,3.0,0.0,8,25.0,85.0,hold
0.013793103448275862,2890.658570841102,4528.223932252431,4528.223932252431,18.451470963186186,2241.1056528129616,0,True,0.012783689178286239,0.03465209701547722,3.0,0.0,8,25.0,85.0,hold
0.013793103448275862,2655.5844925516526,5013.93082637301,5013.93082637301,18.934825089475716,2233.610549460694,0,True,0.012841234996047318,0.03198539303567423,3.0,0.0,8,25.0,90.0,hold
0.013793103448275862,2676.636749444844,5024.709982651731,5024.709982651731,23.387434782124945,2229.171624650612,0,True,0.01271502796121653,0.043698982305239824,3.0,0.0,8,25.0,90.0,hold
0.013793103448275862,2421.7049991309473,4702.664330206549,4702.664330206549,23.21937269317184,2217.6066355126445,0,False,0.011983480162894432,0.03334204142638927,3.0,0.0,8,25.0,90.0,hold
0.013793103448275862,2874.8991585719536,5016.441165443993,5016.441165443993,22.101236721494075,2252.5374058959574,0,True,0.011826578478547276,0.03131492551082451,3.0,0.0,8,25.0,90.0,hold
0.013793103448275862,2494.878995146166,4873.8262476942755,4873.8262476942755,26.14465404765066,2222.4299224086553,0,False,0.013087588338357282,0.03775665745313633,3.0,0.0,8,25.0,90.0,hold
0.013793103448275862,2723.3410082982705,4980.768585912158,4980.768585912158,27.767713249109995,2248.443737145244,0,True,0.011678899113333235,0.026986665738408917,3.0,0.0,8,25.0,90.0,hold
0.013793103448275862,1714.2022452803753,2865.451454190343,2865.451454190343,9.701075203158002,2266.3213433848427,0,True,0.012152830694142124,0.024748292883243584,3.0,0.0,8,30.0,70.0,hold
0.013793103448275862,1954.8958972110356,2867.929141138126,2867.929141138126,6.886098682179413,2265.7574181588698,0,True,0.011425756153065847,0.031362507255703734,3.0,0.0,8,30.0,70.0,hold
0.013793103448275862,1916.1343285264174,2869.8779278588095,2869.8779278588095,17.702992155651433,2242.88563351902,0,True,0.011496627530199055,0.030487755218449018,3.0,0.0,8,30.0,70.0,hold
0.013793103448275862,1946.3581073717487,2883.971974069293,2883.971974069293,11.3647028565411,2253.706002781097,0,True,0.012805216095016468,0.04438349318277834,3.0,0.0,8,30.0,70.0,hold
0.013793103448275862,1956.706025204248,2880.9496277544167,2880.9496277544167,12.300384260501351,2236.875592651685,0,True,0.012163097955172923,0.04630598996417289,3.0,0.0,8,30.0,70.0,hold
0.013793103448275862,1972.0624733188467,2884.680190941675,2884.680190941675,22.2440272578859,2232.5478229238224,0,True,0.011699335185169546,0.032131587222479004,3.0,0.0,8,30.0,70.0,hold
0.013793103448275862,2292.099277765431,3371.676932960388,3371.676932960388,18.490749732634285,2260.575433253676,0,True,0.01225101662724964,0.028278031422400894,3.0,0.0,8,30.0,75.0,hold
0.020689655172413793,1946.6797220518372,3388.487004717664,3388.487004717664,12.748947280277177,2248.7961352193547,0,True,0.012673592375838663,0.03438819049343662,3.0,0.0,8,30.0,75.0,hold
0.013793103448275862,2053.9316386722085,3344.261206340684,3344.261206340684,11.638694150942865,2244.9039259206015,0,True,0.012283891078015845,0.031384794138340534,3.0,0.0,8,30.0,75.0,hold
0.020689655172413793,1516.794753840802,3109.278662155085,3109.278662155085,4.292117173336585,2239.4371197861756,0,False,0.01179377722247505,0.03097801581675011,3.0,0.0,8,30.0,75.0,hold
0.013793103448275862,2130.512726799304,3345.6774058495253,3345.6774058495253,17.26374535140099,2251.1788163858064,0,True,0.011898213811280417,0.030691204643205513,3.0,0.0,8,30.0,75.0,hold
0.013793103448275862,1822.1849296607616,3370.6837418792343,3370.6837418792343,2.4542377982989128,2266.6379463949543,0,True,0.013630835996077903,0.030336247175595275,3.0,0.0,8,30.0,75.0,hold
0.020689655172413793,1582.6875066994892,3068.5437619558584,3068.5437619558584,0.0,2270.7239383378683,0,False,0.01247306699886973,0.03505659467504169,3.0,0.0,8,30.0,80.0,hold
0.013793103448275862,2452.8083006400384,3839.1510195477313,3839.1510195477313,8.820425375780513,2262.407749675551,0,True,0.013296447279580695,0.029103664444721327,3.0,0.0,8,30.0,80.0,hold
0.013793103448275862,2185.0863295073436,3809.014249201436,3809.014249201436,20.71273076563957,2241.745912721871,0,True,0.013028989597319175,0.027724586813029327,3.0,0.0,8,30.0,80.0,hold
0.013793103448275862,2241.603014621638,3845.3013862038574,3845.3013862038574,11.818356084735807,2234.0989921678824,0,True,0.012580461519217911,0.029498409005996172,3.0,0.0,8,30.0,80.0,hold
0.013793103448275862,2252.8813744626955,3836.589207553842,3836.589207553842,12.746159364512296,2237.5873756440114,0,True,0.01335246007936033,0.03451333817874856,3.0,0.0,8,30.0,80.0,hold
0.013793103448275862,2087.716463296061,3828.5926206549843,3828.5926206549843,24.888919448117065,2244.70047691877,0,True,0.012878050714141201,0.03488487519619473,3.0,0.0,8,30.0,80.0,hold
0.013793103448275862,2267.5112431988346,4319.216506297695,4319.216506297695,18.850951832106155,2245.20865402815,0,True,0.013612835516548212,0.03974206913889702,3.0,0.0,8,30.0,85.0,hold
0.013793103448275862,2289.630385651185,4304.817811953422,4304.817811953422,13.458990503171163,2270.8179320571408,0,True,0.013115319882439982,0.03253034221601907,3.0,0.0,8,30.0,85.0,hold
0.013793103448275862,2117.773381727746,4090.4750084419884,4090.4750084419884,10.73194582516314,2260.26001975153,0,False,0.012846786368743597,0.033307123212422046,3.0,0.0,8,30.0,85.0,hold
0.013793103448275862,1626.3188027204073,3076.0943740339585,3076.0943740339585,15.426772030892135,2269.8838312446533,0,False,0.01234662658703572,0.02824620505360899,3.0,0.0,8,30.0,85.0,hold
0.013793103448275862,2404.032494975023,4295.727077062782,4295.727077062782,15.360604810428638,2257.55547457078,0,True,0.011946117267381946,0.030115796208957837,3.0,0.0,8,30.0,85.0,hold
0.013793103448275862,1955.2130634905727,3873.6840772749174,3873.6840772749174,11.109804331185897,2262.4071682451386,0,False,0.01271369241202648,0.028925785143534225,3.0,0.0,8,30.0,85.0,hold
0.013793103448275862,2332.9178876889323,4679.866613422942,4679.866613422942,14.44546401150002,2267.857360660817,0,False,0.012871751720287743,0.03378234585191811,3.0,0.0,8,30.0,90.0,hold
0.013793103448275862,1692.4033625824886,3474.051320444649,3474.051320444649,14.094440569941904,2254.688238830507,0,False,0.012873211527876308,0.03251217688099522,3.0,0.0,8,30.0,90.0,hold
0.013793103448275862,2371.743639863997,4576.276185154408,4576.276185154408,10.41402159624673,2260.024613418638,0,False,0.012520066209867954,0.03846316981273708,3.0,0.0,8,30.0,90.0,hold
0.013793103448275862,2171.407021047702,4106.591369019788,4106.591369019788,10.032342098618738,2267.6874010849197,0,False,0.013052382262802044,0.043676033288316755,3.0,0.0,8,30.0,90.0,hold
0.013793103448275862,2024.4829069894345,4048.719210321926,4048.719210321926,17.991883899030174,2259.3205186325285,0,False,0.01252341485602356,0.04108357138902114,3.0,0.0,8,30.0,90.0,hold
0.013793103448275862,1943.076188096787,3804.7599876403174,3804.7599876403174,26.172070026864922,2236.004748955346,0,False,0.012257616870558364,0.03371834265520239,3.0,0.0,8,30.0,90.0,hold
0.013793103448275862,2166.1829858995934,3283.0956262940604,3283.0956262940604,162.7570143903487,2227.207364511786,0,True,0.011912154956175867,0.030478083082922297,3.0,0.0,8,10.0,70.0,mpc / perfect forecast
0.013793103448275862,2163.416271539602,3286.892115070013,3286.892115070013,124.06408708673469,2216.652926558907,0,True,0.012455201429250221,0.031634648410528286,3.0,0.0,8,10.0,70.0,mpc / perfect forecast
0.013793103448275862,2156.8189736744166,3291.2186930371968,3291.2186930371968,25.71506812405503,2221.888373545547,0,True,0.012773252120194369,0.03478337727387683,3.0,0.0,8,10.0,70.0,mpc / perfect forecast
0.006896551724137931,2239.8222367708163,3284.7222045689896,3284.7222045689896,417.90324638444093,1839.216599794839,0,True,0.01179528963713777,0.033673721372869024,3.0,0.0,8,10.0,70.0,mpc / perfect forecast
0.006896551724137931,2207.625789738166,3280.88012551279,3280.88012551279,246.1115343372849,2222.2987973786753,0,True,0.012770988843786532,0.03392191045685671,3.0,0.0,8,10.0,70.0,mpc / perfect forecast
0.013793103448275862,2214.681059193813,3281.6349884657393,3281.6349884657393,149.49739757119204,2222.9326469398566,0,True,0.013801605646283343,0.03485844433297571,3.0,0.0,8,10.0,70.0,mpc / perfect forecast
0.013793103448275862,2345.770541345121,3828.0442490518717,3828.0442490518717,75.37493453572472,2219.9207064858933,0,True,0.012785148324560892,0.037802702425938514,3.0,0.0,8,10.0,75.0,mpc / perfect forecast
0.013793103448275862,2197.94258924433,3831.6520080245905,3831.6520080245905,71.67456552015486,2212.5065095433215,0,True,0.01338749584795526,0.030158039457585332,3.0,0.0,8,10.0,75.0,mpc / perfect forecast
0.013793103448275862,2425.876988854632,3835.449825145375,3835.449825145375,103.06615279131324,2218.230814887287,0,True,0.01185126326953669,0.032052860377083034,3.0,0.0,8,10.0,75.0,mpc / perfect forecast
0.006896551724137931,2418.720416216228,3829.1183427353494,3829.1183427353494,359.9437450032982,2209.9327722491566,0,True,0.01326935577086661,0.03126555950707653,3.0,0.0,8,10.0,75.0,mpc / perfect forecast
0.006896551724137931,2467.9220574101455,3825.527750251747,3825.527750251747,316.53053359385336,2210.2789002913382,0,True,0.013656296497314585,0.03395925351984964,3.0,0.0,8,10.0,75.0,mpc / perfect forecast
0.013793103448275862,2291.6084301275223,3832.0977683459596,3832.0977683459596,152.25585757096133,2216.108770619153,0,True,0.012964566333807064,0.03290359489094014,3.0,0.0,8,10.0,75.0,mpc / perfect forecast
0.013793103448275862,2393.143552963467,4373.097164366873,4373.097164366873,249.11361063604076,2226.189150408807,0,True,0.011564208108264017,0.039809755566817095,3.0,0.0,8,10.0,80.0,mpc / perfect forecast
0.006896551724137931,2452.5324054468174,4396.5725952095645,4396.5725952095645,396.2559015279724,2165.5228514631644,0,True,0.012274072751719862,0.036930389046408996,3.0,0.0,8,10.0,80.0,mpc / perfect forecast
0.006896551724137931,2741.660335468815,4376.287412058712,4376.287412058712,307.3872007944363,1923.0937337077717,0,True,0.0124633408775781,0.02924352994574013,3.0,0.0,8,10.0,80.0,mpc / perfect forecast
0.013793103448275862,2163.605997716618,4392.082965766665,4392.082965766665,102.76554088017734,2134.7278962580367,0,True,0.013417463983355391,0.03442434312115851,3.0,0.0,8,10.0,80.0,mpc / perfect forecast
0.006896551724137931,2612.5454925856543,4377.11207600291,4377.11207600291,254.58720962072013,2216.484317170282,0,True,0.012914310663726922,0.03496973200649982,3.0,0.0,8,10.0,80.0,mpc / perfect forecast
0.006896551724137931,2570.558641718468,4406.591142280177,4406.591142280177,370.46860747578717,2210.2323541576798,0,True,0.011999112516691265,0.03309821066046223,3.0,0.0,8,10.0,80.0,mpc / perfect forecast
0.013793103448275862,1820.8388316189719,3434.354653544217,3434.354653544217,189.8482825214403,2221.839908428512,0,False,0.012112493705113175,0.03292834737038674,3.0,0.0,8,10.0,85.0,mpc / perfect forecast
0.006896551724137931,2801.5436321798584,4916.155656678229,4916.155656678229,266.75437886298954,1963.0391293116068,0,True,0.012490928114859898,0.037452091718515726,3.0,0.0,8,10.0,85.0,mpc / perfect forecast
0.013793103448275862,2507.479004266803,4918.473136698542,4918.473136698542,24.272018495742152,2210.667542769974,0,True,0.012266341174065344,0.03055135990679812,3.0,0.0,8,10.0,85.0,mpc / perfect forecast
0.006896551724137931,2669.949214890397,4918.6480842816845,4918.6480842816845,324.5525672537713,2213.5906195057546,0,True,0.012867592042677024,0.037432651919100765,3.0,0.0,8,10.0,85.0,mpc / perfect forecast
0.006896551724137931,2513.8476347419805,4928.240995554439,4928.240995554439,388.16523230757946,2223.5637727126777,0,True,0.01240957801898993,0.03612899685112511,3.0,0.0,8,10.0,85.0,mpc / perfect forecast
0.006896551724137931,1939.9102713851378,3979.523424775922,3979.523424775922,348.045195797852,2221.350815511145,0,False,0.012583703124193617,0.03144962217302897,3.0,0.0,8,10.0,85.0,mpc / perfect forecast
0.006896551724137931,2020.965767155371,4177.127418801507,4177.127418801507,201.99618465898948,2218.785316509902,0,False,0.012072143825118346,0.031103604185046683,3.0,0.0,8,10.0,90.0,mpc / perfect forecast
0.013793103448275862,2373.2233170413465,4589.775749165388,4589.775749165388,60.10182430189136,2212.362745327383,0,False,0.012348825040361083,0.030930887870310817,3.0,0.0,8,10.0,90.0,mpc / perfect forecast
0.013793103448275862,2015.7035581504424,3865.552535024068,3865.552535024068,21.158707606750788,2220.4772403623324,0,False,0.011846230158759291,0.03141322430305173,3.0,0.0,8,10.0,90.0,mpc / perfect forecast
0.013793103448275862,2645.7462295859455,5453.061610350909,5453.061610350909,169.12332650746973,2084.1076892920123,0,True,0.011589109009152632,0.03048178008727835,3.0,0.0,8,10.0,90.0,mpc / perfect forecast
0.006896551724137931,2134.2268867419284,4103.71000084837,4103.71000084837,348.4458712633279,1891.4235879660953,0,False,0.012087856753938002,0.03312906088149545,3.0,0.0,8,10.0,90.0,mpc / perfect forecast
0.006896551724137931,2015.9544074572036,4170.622936308591,4170.622936308591,194.34746320377283,2218.7337297024496,0,False,0.01187423656904852,0.029769395431715313,3.0,0.0,8,10.0,90.0,mpc / perfect forecast
0.013793103448275862,2223.4599261545623,3217.697838406259,3217.697838406259,108.55080615113849,2217.1872144086187,2,True,0.011726567971407507,0.03633468988706247,3.0,0.0,8,15.0,70.0,mpc / perfect forecast
0.006896551724137931,2349.899134313779,3218.0439859954636,3218.0439859954636,254.0150988084323,2229.110336040069,0,True,0.012744495240388742,0.0390685583675269,3.0,0.0,8,15.0,70.0,mpc / perfect forecast
0.013793103448275862,2248.8027595398,3212.68986627466,3212.68986627466,121.60984207649417,2128.0254546279507,0,True,0.012906699270785624,0.03646305105731479,3.0,0.0,8,15.0,70.0,mpc / perfect forecast
0.013793103448275862,2324.24795060869,3218.6659416302396,3218.6659416302396,179.4884603012376,2234.851194335855,0,True,0.012454609854595474,0.031673773410480305,3.0,0.0,8,15.0,70.0,mpc / perfect forecast
0.013793103448275862,2310.209664129945,3225.507366003178,3225.507366003178,208.2562142820158,2203.0795752111994,3,True,0.011811723346144195,0.030333597583156915,3.0,0.0,8,15.0,70.0,mpc / perfect forecast
0.013793103448275862,2315.986248848266,3214.7747868845804,3214.7747868845804,367.44856976605297,2220.0416603600793,3,True,0.012595718352044653,0.03257168742122812,3.0,0.0,8,15.0,70.0,mpc / perfect forecast
0.006896551724137931,2587.794402712574,3756.4932603239085,3756.4932603239085,344.76273601782566,2229.0010523578057,0,True,0.012261589515733563,0.032419305265898944,3.0,0.0,8,15.0,75.0,mpc / perfect forecast
0.013793103448275862,2511.342201943892,3751.5006177173177,3751.5006177173177,294.80425388507155,1938.0039964951727,1,True,0.013603848396479249,0.04091665541083004,3.0,0.0,8,15.0,75.0,mpc / perfect forecast
0.013793103448275862,2577.8911335090206,3756.697881454855,3756.697881454855,71.05369455644272,2217.0620303476326,0,True,0.012670503470043901,0.02925809077878161,3.0,0.0,8,15.0,75.0,mpc / perfect forecast
0.013793103448275862,2526.523724363039,3754.4753274629447,3754.4753274629447,252.01834396565533,2209.469378521732,3,True,0.012293748636363306,0.02979166206343697,3.0,0.0,8,15.0,75.0,mpc / perfect forecast
0.013793103448275862,2433.6653737323113,3753.7090328474364,3753.7090328474364,77.34966434842553,2171.1827026253236,1,True,0.012249259111503798,0.03697167148434829,3.0,0.0,8,15.0,75.0,mpc / perfect forecast
0.013793103448275862,2552.524075479581,3757.220440867416,3757.220440867416,164.190432461183,2229.555697873671,0,True,0.011521454493827757,0.03830323050264111,3.0,0.0,8,15.0,75.0,mpc / perfect forecast
0.013793103448275862,2556.384415651141,4294.107537676562,4294.107537676562,46.33934882200369,2226.9653841318045,0,True,0.012964506267367025,0.036503300182056886,3.0,0.0,8,15.0,80.0,mpc / perfect forecast
0.013793103448275862,2700.545683207891,4290.070867709309,4290.070867709309,90.48479513346322,2140.3147487307438,0,True,0.012152286391612699,0.036145705020328274,3.0,0.0,8,15.0,80.0,mpc / perfect forecast
0.006896551724137931,2802.3403614105296,4298.227969520709,4298.227969520709,368.7904158279469,1854.4006095454483,0,True,0.012575471188888127,0.03102969538575721,3.0,0.0,8,15.0,80.0,mpc / perfect forecast
0.013793103448275862,2663.5058459957345,4300.680237210317,4300.680237210317,51.54712763617905,2228.806276627888,0,True,0.012402795038116008,0.031163462327429677,3.0,0.0,8,15.0,80.0,mpc / perfect forecast
0.013793103448275862,2731.8528582924946,4298.034688964406,4298.034688964406,84.43413064277517,2231.209577392868,0,True,0.012072469359182823,0.04080299708845827,3.0,0.0,8,15.0,80.0,mpc / perfect forecast
0.006896551724137931,2555.4278644559995,4292.449857648771,4292.449857648771,373.81352838373317,2120.904362031664,1,True,0.013830255021665003,0.03229038475465335,3.0,0.0,8,15.0,80.0,mpc / perfect forecast
0.013793103448275862,2849.074214195717,4826.831499825126,4826.831499825126,135.4367123524884,2222.6073533727877,1,True,0.012713011828400069,0.038066476375866284,3.0,0.0,8,15.0,85.0,mpc / perfect forecast
0.006896551724137931,2710.4058655780395,4827.836835392465,4827.836835392465,250.41745920438206,2208.6070489347503,0,True,0.011760650779429064,0.03265554832783785,3.0,0.0,8,15.0,85.0,mpc / perfect forecast
0.013793103448275862,2847.0346564478746,4821.356203322527,4821.356203322527,290.6120429599731,2208.346021870557,3,True,0.012699326422638305,0.03415586678717097,3.0,0.0,8,15.0,85.0,mpc / perfect forecast
0.013793103448275862,2866.8563007157118,4842.782958411444,4842.782958411444,201.68249860607858,2214.215734964809,0,True,0.012428225270753214,0.03193317541647136,3.0,0.0,8,15.0,85.0,mpc / perfect forecast
0.013793103448275862,2949.100811436534,4802.490295886458,4802.490295886458,102.16591499000819,2222.504988086745,0,True,0.011684743765519782,0.03367161974106782,3.0,0.0,8,15.0,85.0,mpc / perfect forecast
0.006896551724137931,2514.858560393871,4812.796593439057,4812.796593439057,300.288475139871,2215.362426361007,0,True,0.011866623621270457,0.032900041523338086,3.0,0.0,8,15.0,85.0,mpc / perfect forecast
0.013793103448275862,2557.875727703146,5016.789889784305,5016.789889784305,318.3950800094005,1910.927539582411,0,False,0.013686909213504041,0.038909864672695214,3.0,0.0,8,15.0,90.0,mpc / perfect forecast
0.006896551724137931,2976.884417340759,5350.534868644039,5350.534868644039,466.48988560634547,1875.5387277554935,2,True,0.013657295594612215,0.035914165854910064,3.0,0.0,8,15.0,90.0,mpc / perfect forecast
0.013793103448275862,2771.0991964859886,5369.026111270983,5369.026111270983,127.36329264714067,2227.193075950858,0,True,0.01228653667039201,0.03313035571944002,3.0,0.0,8,15.0,90.0,mpc / perfect forecast
0.013793103448275862,2785.8678783521655,5347.121090144503,5347.121090144503,23.041459720351497,2211.029487557489,0,True,0.013392195548489852,0.03273595719672727,3.0,0.0,8,15.0,90.0,mpc / perfect forecast
0.006896551724137931,2746.1765063457547,5263.9109747801795,5263.9109747801795,380.45365630980865,2209.468559792362,0,False,0.012261645976387557,0.03267493013772328,3.0,0.0,8,15.0,90.0,mpc / perfect forecast
0.013793103448275862,2669.0969206613754,5272.236262389386,5272.236262389386,244.61622448107514,2216.425860550602,0,False,0.012894685517912903,0.03532208237211135,3.0,0.0,8,15.0,90.0,mpc / perfect forecast
0.013793103448275862,2150.4941547086078,3120.575381182525,3120.575381182525,570.412102753905,2127.504225390683,6,True,0.011371148110900526,0.026957431396256188,3.0,0.0,8,20.0,70.0,mpc / perfect forecast
0.013793103448275862,2349.473000206886,3123.669484134132,3123.669484134132,384.76215287470615,2100.0913413297444,1,True,0.012244506967813373,0.031212304779349165,3.0,0.0,8,20.0,70.0,mpc / perfect forecast
0.013793103448275862,2293.6949182562917,3128.295755085035,3128.295755085035,333.2713928374783,2233.7426981854196,2,True,0.012737114057618796,0.029090416515778667,3.0,0.0,8,20.0,70.0,mpc / perfect forecast
0.006896551724137931,2321.554116392352,3139.320665208243,3139.320665208243,570.131682042635,2150.7491606793033,3,True,0.012421919242852542,0.03251470094313841,3.0,0.0,8,20.0,70.0,mpc / perfect forecast
0.013793103448275862,2185.107896260701,3124.455173672356,3124.455173672356,146.50161732099983,2234.8165372027393,1,True,0.012846438870341217,0.03477213120160244,3.0,0.0,8,20.0,70.0,mpc / perfect forecast
0.013793103448275862,2240.621132631686,3126.391645943202,3126.391645943202,311.97632738503665,2244.444793776197,3,True,0.012595826811631218,0.03749808998314115,3.0,0.0,8,20.0,70.0,mpc / perfect forecast
0.013793103448275862,2386.912813980309,3660.3923102113376,3660.3923102113376,139.3584200738891,2224.3591785683348,0,True,0.011048105497792077,0.028014370354915778,3.0,0.0,8,20.0,75.0,mpc / perfect forecast
0.013793103448275862,2294.042750691046,3661.182843564455,3661.182843564455,1.1491626457399942,2224.8227984752484,0,True,0.01259603293932429,0.03604071489318604,3.0,0.0,8,20.0,75.0,mpc / perfect forecast
0.013793103448275862,2493.498711276447,3641.145843298863,3641.145843298863,127.45129621194874,2243.8091996061894,3,True,0.013007059670594534,0.03518218338525493,3.0,0.0,8,20.0,75.0,mpc / perfect forecast
0.013793103448275862,2489.8056751722897,3658.593277748084,3658.593277748084,298.597119703483,2031.860907594762,3,True,0.01239128906380503,0.03452487643752919,3.0,0.0,8,20.0,75.0,mpc / perfect forecast
0.013793103448275862,2315.3126747210863,3655.275417354619,3655.275417354619,143.68653087648312,2224.6686790184403,0,True,0.013520893680187836,0.03155760944384884,3.0,0.0,8,20.0,75.0,mpc / perfect forecast
0.013793103448275862,2531.9974090596857,3653.607709496432,3653.607709496432,408.54579149204744,2240.2931665335814,2,True,0.01295633718383359,0.03152359321111322,3.0,0.0,8,20.0,75.0,mpc / perfect forecast
0.013793103448275862,2586.641001773799,4167.641424801751,4167.641424801751,407.4063140356687,2039.0932611723308,4,True,0.012989072511110105,0.03506320684617314,3.0,0.0,8,20.0,80.0,mpc / perfect forecast
0.013793103448275862,2729.770661555512,4162.75342251665,4162.75342251665,446.72635840085627,2093.8212984208435,3,True,0.012662146913115532,0.03121767061002558,3.0,0.0,8,20.0,80.0,mpc / perfect forecast
0.013793103448275862,2365.0868271888853,4179.499255131562,4179.499255131562,265.86844186572534,2229.4521489652234,0,True,0.012430712106044043,0.03334859604173725,3.0,0.0,8,20.0,80.0,mpc / perfect forecast
0.013793103448275862,2337.123506685568,4184.988209545046,4184.988209545046,200.30375090326964,2025.2672334923034,1,True,0.012346138205297853,0.030961780804137296,3.0,0.0,8,20.0,80.0,mpc / perfect forecast
0.006896551724137931,2695.282816446302,4185.326670888534,4185.326670888534,578.1136321834005,1853.2519395520762,3,True,0.013006877475637595,0.031071514925609233,3.0,0.0,8,20.0,80.0,mpc / perfect forecast
0.013793103448275862,2615.3461254868666,4155.765679289463,4155.765679289463,406.94323736977486,2037.079828422171,6,True,0.012112349157355824,0.03484121268124539,3.0,0.0,8,20.0,80.0,mpc / perfect forecast
0.013793103448275862,2330.2213634515697,4690.19601696872,4690.19601696872,219.06082413873565,2229.9619004790134,0,True,0.013285100791998695,0.03272899173213886,3.0,0.0,8,20.0,85.0,mpc / perfect forecast
0.013793103448275862,2763.3113650838486,4654.064760176812,4654.064760176812,818.8341186882113,2184.4428892960004,8,True,0.01354507508243399,0.03450687306821615,3.0,0.0,8,20.0,85.0,mpc / perfect forecast
0.013793103448275862,2521.5167493294557,4726.157445219661,4726.157445219661,288.10506853149303,2135.6380091374654,2,True,0.011949464847849357,0.035785634333795474,3.0,0.0,8,20.0,85.0,mpc / perfect forecast
0.013793103448275862,2605.6065039904697,4669.891432661358,4669.891432661358,773.5056996313805,2018.4158846685568,8,True,0.012359800509515337,0.03456398307680378,3.0,0.0,8,20.0,85.0,mpc / perfect forecast
0.013793103448275862,2846.858145192023,4682.285088304284,4682.285088304284,83.20767708239094,2160.533360417271,1,True,0.012380750548437333,0.03383388936297416,3.0,0.0,8,20.0,85.0,mpc / perfect forecast
0.013793103448275862,2825.243504706625,4705.1718662337025,4705.1718662337025,198.39317423788674,2233.348990033692,0,True,0.013668037737884043,0.036759760396706254,3.0,0.0,8,20.0,85.0,mpc / perfect forecast
0.013793103448275862,2975.1719072714154,5203.446148089526,5203.446148089526,448.262437910824,2045.042572500995,3,True,0.013448648468489092,0.030929159664881502,3.0,0.0,8,20.0,90.0,mpc / perfect forecast
0.013793103448275862,2806.474723955406,5150.693398789505,5150.693398789505,650.6844891473985,2096.1687049391503,6,True,0.011776466618756086,0.027954445296923158,3.0,0.0,8,20.0,90.0,mpc / perfect forecast
0.013793103448275862,2946.591289986515,5180.856024978113,5180.856024978113,0.46295572625566067,2231.1273473982337,0,True,0.013142577348624642,0.03456000740520269,3.0,0.0,8,20.0,90.0,mpc / perfect forecast
0.013793103448275862,2825.72894136729,5194.837149191525,5194.837149191525,588.9867658223125,2222.645027805122,7,True,0.01308113424498421,0.03705905012056763,3.0,0.0,8,20.0,90.0,mpc / perfect forecast
0.013793103448275862,2888.2148973245335,5230.541330832485,5230.541330832485,208.21983597626894,2231.4201677482024,2,True,0.011544090615569188,0.02825121312568545,3.0,0.0,8,20.0,90.0,mpc / perfect forecast
0.013793103448275862,2525.0369614311526,4989.713187193671,4989.713187193671,500.1060971992247,2177.363465447845,2,False,0.01263425075287278,0.035524879898421846,3.0,0.0,8,20.0,90.0,mpc / perfect forecast
0.013793103448275862,2105.447316847512,3035.8564625482027,3035.8564625482027,20.797897885014677,2237.2372349096913,0,True,0.011576849659301416,0.028865289168662375,3.0,0.0,8,25.0,70.0,mpc / perfect forecast
0.013793103448275862,2133.7670140093715,3013.446302883449,3013.446302883449,589.1987112003096,1938.1974053935292,2,True,0.012823048559345077,0.030482616823689662,3.0,0.0,8,25.0,70.0,mpc / perfect forecast
0.013793103448275862,2101.5449064171225,3018.6328474827483,3018.6328474827483,372.9385258340898,2205.7828983822724,2,True,0.013149571341634459,0.03062382956012069,3.0,0.0,8,25.0,70.0,mpc / perfect forecast
0.013793103448275862,1967.2667654761515,3000.8719054279645,3000.8719054279645,810.59657219132,2204.829201479214,7,True,0.01201387028772182,0.03291988204956247,3.0,0.0,8,25.0,70.0,mpc / perfect forecast
0.013793103448275862,2115.242152241224,3011.1430369815494,3011.1430369815494,46.197221697699405,2248.511538789819,0,True,0.013617648842646424,0.03777136039613697,3.0,0.0,8,25.0,70.0,mpc / perfect forecast
0.013793103448275862,2077.0016079702336,3032.7518110063456,3032.7518110063456,305.7227290212961,2240.234826672539,0,True,0.012511477750708887,0.03323918894031147,3.0,0.0,8,25.0,70.0,mpc / perfect forecast
0.013793103448275862,2253.6726820071476,3520.785070047926,3520.785070047926,621.909764734999,2043.929469616345,4,True,0.013324490702092708,0.03290553185485623,3.0,0.0,8,25.0,75.0,mpc / perfect forecast
0.013793103448275862,2330.193761039541,3523.9222424442773,3523.9222424442773,570.1483252763622,2027.71065500298,6,True,0.01139245480336712,0.027991918881809297,3.0,0.0,8,25.0,75.0,mpc / perfect forecast
0.013793103448275862,1951.4380296420065,3493.070081573896,3493.070081573896,725.5551297630404,1889.7757822758276,6,True,0.01227470404802761,0.033214374489710506,3.0,0.0,8,25.0,75.0,mpc / perfect forecast
0.013793103448275862,2226.6061919089134,3523.3121613178982,3523.3121613178982,352.7336263377713,2204.299247162959,0,True,0.01305541955073979,0.032861109772777015,3.0,0.0,8,25.0,75.0,mpc / perfect forecast
0.013793103448275862,2361.348369330293,3504.4706580251623,3504.4706580251623,409.8207750516975,2028.9231713905335,6,True,0.012556306262355363,0.029153713069671537,3.0,0.0,8,25.0,75.0,mpc / perfect forecast
0.013793103448275862,2229.090296425007,3512.806433945143,3512.806433945143,575.9617206707194,2042.0080037800878,5,True,0.012610763228774116,0.034533271794713806,3.0,0.0,8,25.0,75.0,mpc / perfect forecast
0.013793103448275862,2505.7780633679586,3987.0677111168243,3987.0677111168243,409.0456591405778,2023.644957666403,7,True,0.012054454788183374,0.03362836959234482,3.0,0.0,8,25.0,80.0,mpc / perfect forecast
0.013793103448275862,2419.4601751464825,3983.777914572943,3983.777914572943,840.9685410478165,2116.7344179177308,9,True,0.012739951046936027,0.03181172299839392,3.0,0.0,8,25.0,80.0,mpc / perfect forecast
0.006896551724137931,2419.8983216322554,4019.4328167746717,4019.4328167746717,257.2626981469554,2246.4797152533283,0,True,0.01245633917996546,0.03148150936708556,3.0,0.0,8,25.0,80.0,mpc / perfect forecast
0.013793103448275862,2441.4995466840323,3985.705032826983,3985.705032826983,127.09108908975527,2250.447335503417,0,True,0.013086474511168948,0.03486121541519713,3.0,0.0,8,25.0,80.0,mpc / perfect forecast
0.013793103448275862,2124.752501583601,3977.6235912249404,3977.6235912249404,1026.3505477637143,1858.5409212205047,10,True,0.012110662479997019,0.030479810789391278,3.0,0.0,8,25.0,80.0,mpc / perfect forecast
0.013793103448275862,2420.668618938295,4000.3959122061756,4000.3959122061756,316.5365059588623,2232.2176792382343,5,True,0.01342956538620523,0.030686643374312327,3.0,0.0,8,25.0,80.0,mpc / perfect forecast
0.013793103448275862,2468.6707438284566,4496.7449501403635,4496.7449501403635,511.16561089856674,2028.011890443065,5,True,0.012748872850860125,0.031995176369035455,3.0,0.0,8,25.0,85.0,mpc / perfect forecast
0.013793103448275862,2367.370031376033,4505.742382595792,4505.742382595792,722.52694898117,2042.7189896003351,9,True,0.013208581053337323,0.03396406233981337,3.0,0.0,8,25.0,85.0,mpc / perfect forecast
0.013793103448275862,2659.43255437879,4482.979879777094,4482.979879777094,993.3231159046643,2170.0347745450335,6,True,0.01263367694500265,0.036140567476247255,3.0,0.0,8,25.0,85.0,mpc / perfect forecast
0.013793103448275862,2561.8272435624413,4496.426027325204,4496.426027325204,133.4615229139493,2249.713816299592,0,True,0.013549776061032774,0.034891495994451543,3.0,0.0,8,25.0,85.0,mpc / perfect forecast
0.013793103448275862,1854.2667547895433,3639.874483496306,3639.874483496306,352.2282524757435,1882.188943862656,1,False,0.013056174343159043,0.032741955271466894,3.0,0.0,8,25.0,85.0,mpc / perfect forecast
0.013793103448275862,2612.506320934033,4509.409652731826,4509.409652731826,364.2950628225566,2174.5448831513454,2,True,0.01278368917850916,0.03465209719818379,3.0,0.0,8,25.0,85.0,mpc / perfect forecast
0.013793103448275862,2383.434337681409,4721.669690536686,4721.669690536686,717.9799459369564,2042.6933485274221,8,False,0.012841234992727203,0.03198539239692351,3.0,0.0,8,25.0,90.0,mpc / perfect forecast
0.013793103448275862,2399.062300532573,4772.208224780982,4772.208224780982,824.3990742537998,2043.898975960654,8,False,0.012715027967955683,0.04369898251811028,3.0,0.0,8,25.0,90.0,mpc / perfect forecast
0.013793103448275862,1644.2250401744784,3276.0992322281822,3276.0992322281822,367.6481588849336,2236.2315527166807,0,False,0.011983480172046476,0.03334204142638927,3.0,0.0,8,25.0,90.0,mpc / perfect forecast
0.013793103448275862,2684.152750821093,4975.730185959614,4975.730185959614,936.9370388171465,2257.697507016736,8,True,0.011826578464446043,0.03131492493791517,3.0,0.0,8,25.0,90.0,mpc / perfect forecast
0.013793103448275862,2200.5877143410944,4338.047922647313,4338.047922647313,857.1285073158136,2039.7537378700672,6,False,0.01308758833508286,0.0377566575165614,3.0,0.0,8,25.0,90.0,mpc / perfect forecast
0.013793103448275862,2569.298892789216,4839.372082669532,4839.372082669532,504.1763373268867,2064.7998716235097,4,False,0.011678899119745784,0.026986665726535602,3.0,0.0,8,25.0,90.0,mpc / perfect forecast
0.013793103448275862,1554.4538820985786,2858.131166881664,2858.131166881664,90.62946817380569,2270.814709556553,0,True,0.012152830693143294,0.024748292559169452,3.0,0.0,8,30.0,70.0,mpc / perfect forecast
0.013793103448275862,1873.3738992283177,2861.4772297800946,2861.4772297800946,487.560492885878,2186.4731958105026,6,True,0.011425756150933981,0.031362506818212094,3.0,0.0,8,30.0,70.0,mpc / perfect forecast
0.013793103448275862,1849.2583916176625,2879.679102260122,2879.679102260122,160.57365327816515,2246.7770062014647,0,True,0.01149662752905691,0.030487755406426113,3.0,0.0,8,30.0,70.0,mpc / perfect forecast
0.013793103448275862,1787.111329154863,2888.5641187283527,2888.5641187283527,134.02612873381923,2257.9506739717135,0,True,0.012805216091829177,0.044383492896708,3.0,0.0,8,30.0,70.0,mpc / perfect forecast
0.013793103448275862,1878.84585106213,2859.955237990961,2859.955237990961,779.1804217671087,2171.631336580141,6,True,0.012163097967391493,0.046305989656339856,3.0,0.0,8,30.0,70.0,mpc / perfect forecast
0.013793103448275862,1915.657168357739,2861.425089221132,2861.425089221132,445.8491137439315,2244.281513357479,3,True,0.01169933518094252,0.03213158716530358,3.0,0.0,8,30.0,70.0,mpc / perfect forecast
0.013793103448275862,2113.2267584845313,3355.5478999648267,3355.5478999648267,525.2395582204383,2029.9355961440438,2,True,0.012251016621655748,0.02827803147974044,3.0,0.0,8,30.0,75.0,mpc / perfect forecast
0.020689655172413793,1889.4151005625324,3397.3760335463026,3397.3760335463026,143.45741490516633,2161.4046053644392,2,True,0.012673592380296876,0.03438819055841544,3.0,0.0,8,30.0,75.0,mpc / perfect forecast
0.013793103448275862,1838.355588616455,3371.5111487344197,3371.5111487344197,327.9719204536645,1940.8154901700022,0,True,0.012283891085156061,0.03138479414233667,3.0,0.0,8,30.0,75.0,mpc / perfect forecast
0.020689655172413793,1319.6528254814198,2710.169834090908,2710.169834090908,227.43378859543273,2066.08191672677,3,False,0.011793777229037192,0.030978015951589354,3.0,0.0,8,30.0,75.0,mpc / perfect forecast
0.013793103448275862,1787.7024058499258,3325.645326407857,3325.645326407857,184.59507518164932,2092.165826182478,0,True,0.011898213808469487,0.03069120502362399,3.0,0.0,8,30.0,75.0,mpc / perfect forecast
0.013793103448275862,1822.1545258183048,3371.4722107824155,3371.4722107824155,0.0,2266.6379463949543,0,True,0.013630835996139783,0.030336247177600886,3.0,0.0,8,30.0,75.0,mpc / perfect forecast
0.020689655172413793,1582.6875066994892,3068.5437619558584,3068.5437619558584,0.0,2270.7239383378683,0,False,0.01247306699886973,0.03505659467504169,3.0,0.0,8,30.0,80.0,mpc / perfect forecast
0.013793103448275862,2208.2221998759906,3872.595076154754,3872.595076154754,292.2533260254362,1993.4398633624073,0,True,0.01329644727303195,0.029103664751974928,3.0,0.0,8,30.0,80.0,mpc / perfect forecast
0.013793103448275862,1729.6728693814841,3546.7346612923593,3546.7346612923593,245.8580433179348,2243.441004193402,0,False,0.013028989592683267,0.027724587183125787,3.0,0.0,8,30.0,80.0,mpc / perfect forecast
0.013793103448275862,2103.318708626119,3837.9060830040153,3837.9060830040153,758.4937405804204,2050.7018001660613,5,True,0.01258046151960178,0.029498408857600977,3.0,0.0,8,30.0,80.0,mpc / perfect forecast
0.013793103448275862,2042.9131711384887,3836.9057350607327,3836.9057350607327,749.5824958292812,2054.0918365229436,5,True,0.013352460085493203,0.03451333814506371,3.0,0.0,8,30.0,80.0,mpc / perfect forecast
0.013793103448275862,1822.8033164254487,3795.291509542314,3795.291509542314,160.68412372506063,2251.8452712710905,0,False,0.012878050712574599,0.03488487467697833,3.0,0.0,8,30.0,80.0,mpc / perfect forecast
0.013793103448275862,1921.963439509246,3969.0517081003723,3969.0517081003723,282.1203310361627,2250.4772961281406,2,False,0.013612835516642283,0.039742068647813794,3.0,0.0,8,30.0,85.0,mpc / perfect forecast
0.013793103448275862,2159.261320396574,4309.105595586459,4309.105595586459,88.34956375005478,2204.162024299499,1,True,0.013115319878841528,0.03253034222373853,3.0,0.0,8,30.0,85.0,mpc / perfect forecast
0.013793103448275862,1878.2067449331432,3449.1353191204917,3449.1353191204917,121.27989121237292,2179.463251226279,1,False,0.012846786375451065,0.03330712273697265,3.0,0.0,8,30.0,85.0,mpc / perfect forecast
0.020689655172413793,1601.9688520786526,3029.524459482589,3029.524459482589,13.810013344260467,2271.5712701420016,0,False,0.012346626587649828,0.02824620507647017,3.0,0.0,8,30.0,85.0,mpc / perfect forecast
0.013793103448275862,1829.209570956223,3541.67290471785,3541.67290471785,292.7887070458833,2268.7633130820545,0,False,0.011946117266996757,0.030115796184041945,3.0,0.0,8,30.0,85.0,mpc / perfect forecast
0.020689655172413793,1729.2311538210834,3383.33860461706,3383.33860461706,101.28351324407704,2267.234464161073,0,False,0.012713692408960467,0.028925785089577917,3.0,0.0,8,30.0,85.0,mpc / perfect forecast
0.013793103448275862,2184.769489395809,4499.5815721616345,4499.5815721616345,176.38595342458046,2185.780570945881,2,False,0.012871751725355861,0.03378234614719451,3.0,0.0,8,30.0,90.0,mpc / perfect forecast
0.013793103448275862,1608.6938488980968,3367.914154507036,3367.914154507036,40.05640578445063,2258.122447457371,0,False,0.012873211525341545,0.03251217690072615,3.0,0.0,8,30.0,90.0,mpc / perfect forecast
0.013793103448275862,1752.2260591785955,3359.0989848811805,3359.0989848811805,301.467388093304,2268.4444995003737,0,False,0.012520066207850943,0.038463169666845674,3.0,0.0,8,30.0,90.0,mpc / perfect forecast
0.013793103448275862,2089.98771032994,3882.1560359069126,3882.1560359069126,78.7611656030942,2193.719893661073,0,False,0.013052382258778436,0.043676033138774314,3.0,0.0,8,30.0,90.0,mpc / perfect forecast
0.020689655172413793,1941.3215263431325,3903.5985064268543,3903.5985064268543,59.54997091193325,2263.0359087134552,0,False,0.012523414854700302,0.04108357139287814,3.0,0.0,8,30.0,90.0,mpc / perfect forecast
0.013793103448275862,1808.7593076856533,3544.987093978782,3544.987093978782,722.1884770113853,2144.9364315048,8,False,0.012257616873073088,0.03371834256880157,3.0,0.0,8,30.0,90.0,mpc / perfect forecast
0.013793103448275862,2474.709117365695,3283.099546989748,3283.099546989748,22.20014236785176,2176.933644592373,0,True,0.011912154956216291,0.030478083033908716,3.0,0.0,9,10.0,70.0,hold
0.013793103448275862,2447.0844416089826,3286.939421377607,3286.939421377607,13.682725286541089,2197.053697877689,0,True,0.012455201427410807,0.03163464852399729,3.0,0.0,9,10.0,70.0,hold
0.013793103448275862,2267.705934687658,3286.714284233924,3286.714284233924,11.666243939200985,2200.1450245520095,0,True,0.012773252109980768,0.03478337693983823,3.0,0.0,9,10.0,70.0,hold
0.013793103448275862,2188.644002837198,3283.2460772738027,3283.2460772738027,15.782332464808347,2203.652689502629,0,True,0.011795289634038694,0.033673721373207705,3.0,0.0,9,10.0,70.0,hold
0.006896551724137931,2533.8264152155048,3283.2620374662724,3283.2620374662724,18.669175098093866,2190.4052703035254,0,True,0.012770988849569368,0.033921910439625086,3.0,0.0,9,10.0,70.0,hold
0.013793103448275862,2216.324518195015,3284.772871696431,3284.772871696431,9.96182927992156,2209.966280876823,0,True,0.013801605650252029,0.0348584441638201,3.0,0.0,9,10.0,70.0,hold
0.006896551724137931,2905.735677981907,3849.0306356506235,3849.0306356506235,13.525897378558241,2166.1085945011296,0,True,0.012785148324112846,0.037802702425938514,3.0,0.0,9,10.0,75.0,hold
0.013793103448275862,1537.7533390237704,3116.496256490937,3116.496256490937,18.282985061151958,2206.6486260372103,0,False,0.013387495824289103,0.030158038462537992,3.0,0.0,9,10.0,75.0,hold
0.013793103448275862,2830.4045516101714,3828.878606654341,3828.878606654341,20.684013827883764,2181.6366413611076,0,True,0.011851263263044726,0.03205285993380994,3.0,0.0,9,10.0,75.0,hold
0.020689655172413793,2133.9859481668286,3836.8931307663383,3836.8931307663383,20.28035628824718,2199.11827558789,0,True,0.013269355758932701,0.03126555898246941,3.0,0.0,9,10.0,75.0,hold
0.013793103448275862,2708.792484856584,3837.083742425785,3837.083742425785,17.528554517538364,2196.455487995108,0,True,0.013656296504010105,0.03395925504793622,3.0,0.0,9,10.0,75.0,hold
0.013793103448275862,2636.6093434515997,3828.7039190831533,3828.7039190831533,19.504716515167484,2193.7051562117813,0,True,0.012964566343845648,0.032903594977916166,3.0,0.0,9,10.0,75.0,hold
0.013793103448275862,2395.1223174501292,4382.2750083441115,4382.2750083441115,21.442812362743524,2195.188957894926,0,True,0.011564208096435718,0.03980975557468358,3.0,0.0,9,10.0,80.0,hold
0.006896551724137931,3286.9506031813194,4375.979855724053,4375.979855724053,30.155155730579065,2166.486779938597,0,True,0.012274072748307843,0.03693038898498919,3.0,0.0,9,10.0,80.0,hold
0.013793103448275862,2657.266595569957,4376.547196616412,4376.547196616412,16.874170441675727,2193.305545058079,0,True,0.012463340873623281,0.02924352975317414,3.0,0.0,9,10.0,80.0,hold
0.013793103448275862,2976.1964997827836,4375.161086424018,4375.161086424018,27.34987448687769,2179.0118313761527,0,True,0.013417463970465322,0.034424343138193474,3.0,0.0,9,10.0,80.0,hold
0.013793103448275862,2335.27497502749,4397.02063588242,4397.02063588242,19.576054307848626,2198.3657564503087,0,True,0.012914310655063592,0.03496973185426045,3.0,0.0,9,10.0,80.0,hold
0.013793103448275862,2799.452944706582,4376.32815573168,4376.32815573168,23.335454841477212,2188.9315405731445,0,True,0.011999112512512266,0.03309820932123171,3.0,0.0,9,10.0,80.0,hold
0.006896551724137931,3254.9381653917144,4929.338910132419,4929.338910132419,20.252497353716958,2175.465735621218,0,True,0.012112493723728225,0.032928347334903685,3.0,0.0,9,10.0,85.0,hold
0.013793103448275862,2829.503722840047,4936.505383740806,4936.505383740806,16.01232227181864,2192.1784445939934,0,True,0.012490928104315766,0.03745209185783733,3.0,0.0,9,10.0,85.0,hold
0.013793103448275862,2240.3262675061746,4403.5148873839,4403.5148873839,16.599678318771513,2195.1633276511025,0,False,0.012266341167959167,0.03055136040595663,3.0,0.0,9,10.0,85.0,hold
0.013793103448275862,3214.054946633012,4926.864462488634,4926.864462488634,18.752120534240742,2176.392865301433,0,True,0.012867592038760029,0.037432651849998264,3.0,0.0,9,10.0,85.0,hold
0.013793103448275862,2056.8555997597737,3755.5414831487287,3755.5414831487287,26.79560856009682,2213.010347018995,0,False,0.012409578013287499,0.03612899695138076,3.0,0.0,9,10.0,85.0,hold
0.013793103448275862,2352.782919330669,4630.90771146234,4630.90771146234,14.867231439826677,2198.869478218262,0,False,0.012583703133199045,0.03144962232612622,3.0,0.0,9,10.0,85.0,hold
0.020689655172413793,1945.5824462439864,4156.928702494412,4156.928702494412,8.658900240931622,2205.2111470673754,0,False,0.012072143825823875,0.031103604130072272,3.0,0.0,9,10.0,90.0,hold
0.006896551724137931,3847.8354356104346,5470.103403062956,5470.103403062956,24.22263704664846,2162.6017491004004,0,True,0.012348825040440615,0.03093088782774692,3.0,0.0,9,10.0,90.0,hold
0.006896551724137931,3686.9828190903695,5476.117707495425,5476.117707495425,15.511701271395625,2177.1295017505204,0,True,0.011846230155452884,0.03141322422397742,3.0,0.0,9,10.0,90.0,hold
0.013793103448275862,2285.8912129031783,4650.134585919764,4650.134585919764,22.79653812849019,2204.606607320538,0,False,0.011589109044637377,0.03048178136223656,3.0,0.0,9,10.0,90.0,hold
0.006896551724137931,3516.6167132402416,5465.950848284656,5465.950848284656,20.60134329693023,2170.832986536493,0,True,0.012087856735746555,0.03312906024988986,3.0,0.0,9,10.0,90.0,hold
0.006896551724137931,3536.696648683871,5465.904346656166,5465.904346656166,18.219270379557983,2182.44495068961,0,True,0.011874236570777696,0.02976939540652082,3.0,0.0,9,10.0,90.0,hold
0.006896551724137931,2565.932908659564,3217.3186014706753,3217.3186014706753,16.76198779019806,2169.817313318165,0,True,0.01172656796664884,0.03633468988756846,3.0,0.0,9,15.0,70.0,hold
0.013793103448275862,2269.3267930207744,3216.8219840473303,3216.8219840473303,13.679059743999243,2184.8761234703506,0,True,0.012744495242726982,0.0390685583675269,3.0,0.0,9,15.0,70.0,hold
0.006896551724137931,2440.4520887990466,3224.0490025074696,3224.0490025074696,18.355278517042734,2176.5834703583855,0,True,0.01290669929373815,0.036463052394543095,3.0,0.0,9,15.0,70.0,hold
0.013793103448275862,2157.8210457096447,3214.56059789842,3214.56059789842,13.206965467193474,2208.027872975581,0,True,0.012454609858985518,0.031673773212676094,3.0,0.0,9,15.0,70.0,hold
0.013793103448275862,2223.9039774020166,3221.471396935929,3221.471396935929,12.482534897490766,2207.383192486825,0,True,0.011811723342219381,0.03033359747812595,3.0,0.0,9,15.0,70.0,hold
0.013793103448275862,2288.2675761300816,3224.5097210507242,3224.5097210507242,12.503111340899103,2203.2751977626785,0,True,0.01259571834068688,0.03257168706448267,3.0,0.0,9,15.0,70.0,hold
0.006896551724137931,2778.354510282013,3759.4649847722003,3759.4649847722003,22.144019917696635,2169.0432689330014,0,True,0.01226158951171068,0.03241930529238559,3.0,0.0,9,15.0,75.0,hold
0.006896551724137931,2677.4477277993096,3751.078808726297,3751.078808726297,16.455234475877777,2184.2054036339546,0,True,0.013603848398033745,0.040916655531073924,3.0,0.0,9,15.0,75.0,hold
0.013793103448275862,2373.0348300136366,3751.442741332549,3751.442741332549,22.699177365983964,2194.3214374843933,0,True,0.01267050346848454,0.029258090385651754,3.0,0.0,9,15.0,75.0,hold
0.013793103448275862,2478.4547997574514,3751.674059477896,3751.674059477896,22.555098526184356,2194.6571231652456,0,True,0.012293748630947638,0.029791661979316757,3.0,0.0,9,15.0,75.0,hold
0.013793103448275862,2608.1073140379076,3761.0245106555144,3761.0245106555144,21.50673869263873,2199.584867395573,0,True,0.012249259105620122,0.03697167142075459,3.0,0.0,9,15.0,75.0,hold
0.013793103448275862,2285.052406563771,3746.11942878021,3746.11942878021,15.861854905049311,2188.5976909623528,0,True,0.01152145448992298,0.03830323050788356,3.0,0.0,9,15.0,75.0,hold
0.013793103448275862,2806.689292688293,4289.29446538184,4289.29446538184,14.71994207819342,2192.2469219755008,0,True,0.012964506272371059,0.036503300108523797,3.0,0.0,9,15.0,80.0,hold
0.006896551724137931,3136.937562345663,4290.193504430691,4290.193504430691,26.012917294930045,2173.833100228131,0,True,0.012152286395153016,0.0361457048978858,3.0,0.0,9,15.0,80.0,hold
0.013793103448275862,2677.808241894606,4286.151911841287,4286.151911841287,24.459758065914645,2177.6931227989207,0,True,0.0125754711829606,0.03102969540059037,3.0,0.0,9,15.0,80.0,hold
0.006896551724137931,3009.294776753646,4279.605305060774,4279.605305060774,18.648230008502292,2195.822045684292,0,True,0.012402795017261348,0.031163462250332626,3.0,0.0,9,15.0,80.0,hold
0.013793103448275862,2085.8599140474234,4045.3562239391986,4045.3562239391986,22.30915143960604,2193.4029983193454,0,False,0.012072469359889997,0.04080299734638076,3.0,0.0,9,15.0,80.0,hold
0.013793103448275862,2368.5931157483874,4277.537181306638,4277.537181306638,18.429473248629577,2206.9413088127494,0,True,0.013830255012553198,0.032290384579005654,3.0,0.0,9,15.0,80.0,hold
0.013793103448275862,2736.7739389415724,4823.356375369204,4823.356375369204,25.5352930938841,2202.4728214760066,0,True,0.012713011828190394,0.038066476245505965,3.0,0.0,9,15.0,85.0,hold
0.013793103448275862,3112.84341206494,4828.648393013268,4828.648393013268,24.290918393803203,2175.6956258637188,0,True,0.01176065077000237,0.03265554747329452,3.0,0.0,9,15.0,85.0,hold
0.013793103448275862,2558.1720106409693,4814.7105772910045,4814.7105772910045,18.65045013759459,2202.5026830837155,0,True,0.01269932641267734,0.03415586720392304,3.0,0.0,9,15.0,85.0,hold
0.006896551724137931,3390.1674514340534,4813.853533812816,4813.853533812816,31.914893719280755,2174.1701899479704,0,True,0.012428225226633687,0.03193317527311049,3.0,0.0,9,15.0,85.0,hold
0.013793103448275862,3154.9591769171134,4825.679145051476,4825.679145051476,23.763396645430255,2188.965826635169,0,True,0.011684743779838674,0.03367162046518419,3.0,0.0,9,15.0,85.0,hold
0.013793103448275862,2368.3475530622127,4585.440005262607,4585.440005262607,25.975354409713788,2202.1052224508844,0,False,0.01186662361457554,0.03290004134494679,3.0,0.0,9,15.0,85.0,hold
0.013793103448275862,2727.8424862929096,5274.184226359379,5274.184226359379,25.849430223402017,2208.5138948623667,0,False,0.013686909220019229,0.03890986495019363,3.0,0.0,9,15.0,90.0,hold
0.013793103448275862,3087.280624681898,5357.11598043731,5357.11598043731,22.988748880181813,2174.378618112276,0,True,0.013657295595264067,0.03591416597668682,3.0,0.0,9,15.0,90.0,hold
0.013793103448275862,3310.4192804712684,5363.1167898544245,5363.1167898544245,28.30757609016829,2170.6750322296202,0,True,0.012286536671991711,0.033130355598403015,3.0,0.0,9,15.0,90.0,hold
0.013793103448275862,3242.4103712050355,5367.761528857352,5367.761528857352,24.013198227607035,2186.6502080349833,0,True,0.013392195564792809,0.03273595732975826,3.0,0.0,9,15.0,90.0,hold
0.013793103448275862,3251.3786648669875,5361.270232499964,5361.270232499964,26.718457763346986,2173.8858329293075,0,True,0.012261645962150923,0.032674930176855355,3.0,0.0,9,15.0,90.0,hold
0.006896551724137931,2975.12118463553,5355.826847551533,5355.826847551533,26.764688361438683,2182.4896221829504,0,True,0.012894685518560316,0.03532208270619751,3.0,0.0,9,15.0,90.0,hold
0.013793103448275862,2239.845558832299,3126.515024431399,3126.515024431399,19.732127683311763,2216.38088063804,0,True,0.0113711481063621,0.02695743184321623,3.0,0.0,9,20.0,70.0,hold
0.013793103448275862,2030.351930730997,3133.707927026763,3133.707927026763,18.740934325237117,2208.011614457716,0,True,0.012244506956304826,0.03121230467319871,3.0,0.0,9,20.0,70.0,hold
0.020689655172413793,2043.1825420033335,3135.4267197574163,3135.4267197574163,25.498181678562318,2213.4552524354626,0,True,0.012737114070489077,0.02909041721963763,3.0,0.0,9,20.0,70.0,hold
0.013793103448275862,2021.2798544656855,3122.2286259167454,3122.2286259167454,14.755575123474749,2214.6890186864825,0,True,0.012421919236504545,0.03251470275674441,3.0,0.0,9,20.0,70.0,hold
0.013793103448275862,2194.0358773830826,3144.982496173764,3144.982496173764,14.913951150352883,2189.014365815539,0,True,0.012846438876601043,0.03477213120833251,3.0,0.0,9,20.0,70.0,hold
0.013793103448275862,2032.5615405622782,3134.3323646045883,3134.3323646045883,18.74574567194252,2207.9081847576817,0,True,0.012595826806676279,0.03749808929821509,3.0,0.0,9,20.0,70.0,hold
0.013793103448275862,2106.533415771145,3655.241818305503,3655.241818305503,20.91231567588326,2212.8427879357114,0,True,0.011048105496790899,0.02801437036936999,3.0,0.0,9,20.0,75.0,hold
0.013793103448275862,2148.8199641543633,3645.980311851567,3645.980311851567,15.673247687442215,2206.8945560444317,0,True,0.01259603294919568,0.036040714729983915,3.0,0.0,9,20.0,75.0,hold
0.013793103448275862,2610.328895001254,3663.876859889901,3663.876859889901,13.12555682898671,2189.2448331499063,0,True,0.013007059656416511,0.03518218322278056,3.0,0.0,9,20.0,75.0,hold
0.013793103448275862,2249.403080077158,3641.5366563760604,3641.5366563760604,15.539408129706448,2213.5720702804597,0,True,0.0123912890561627,0.03452487637848246,3.0,0.0,9,20.0,75.0,hold
0.013793103448275862,2529.657979491438,3644.062323383958,3644.062323383958,13.066596751446694,2179.273203150566,0,True,0.013520893683866709,0.03155760895436787,3.0,0.0,9,20.0,75.0,hold
0.013793103448275862,2572.7824545886647,3650.3918595873333,3650.3918595873333,18.776903949490062,2202.1040271492543,0,True,0.01295633718986601,0.03152359325523381,3.0,0.0,9,20.0,75.0,hold
0.013793103448275862,2869.627106834969,4162.504158102645,4162.504158102645,17.841723958573024,2197.191525326273,0,True,0.012989072512265809,0.03506320704137152,3.0,0.0,9,20.0,80.0,hold
0.013793103448275862,2039.8291842209785,4152.35449055563,4152.35449055563,10.660431395123876,2183.258554506527,0,True,0.012662146915328224,0.031217670759174827,3.0,0.0,9,20.0,80.0,hold
0.013793103448275862,2628.9944639894084,4158.4501982566735,4158.4501982566735,16.55072152227913,2209.80148968624,0,True,0.012430712099151468,0.03334859595977848,3.0,0.0,9,20.0,80.0,hold
0.013793103448275862,2347.3652691949546,4181.546278513533,4181.546278513533,19.059530641076453,2192.5781528075854,0,True,0.012346138200476031,0.03096178091204677,3.0,0.0,9,20.0,80.0,hold
0.013793103448275862,1822.8384593724716,3363.4955786957203,3363.4955786957203,20.825655361525303,2207.687295288818,0,False,0.013006877491898959,0.031071514869201886,3.0,0.0,9,20.0,80.0,hold
0.013793103448275862,2555.05209111266,4183.984390849625,4183.984390849625,11.532558562362588,2207.1517813058435,0,True,0.012112349163801505,0.03484121284592017,3.0,0.0,9,20.0,80.0,hold
0.013793103448275862,1568.9567783736607,3006.9202531335372,3006.9202531335372,18.540304806973776,2192.334910436726,0,False,0.013285100779320158,0.03272899171845014,3.0,0.0,9,20.0,85.0,hold
0.013793103448275862,2932.694759996411,4684.608311800907,4684.608311800907,24.067464970643275,2176.209404362706,0,True,0.013545075078836297,0.034506873224168,3.0,0.0,9,20.0,85.0,hold
0.013793103448275862,2239.357020178356,4547.560366041519,4547.560366041519,17.79559274084967,2187.413497698577,0,False,0.011949464843434239,0.03578563529608686,3.0,0.0,9,20.0,85.0,hold
0.013793103448275862,2796.4563561944315,4693.157065174378,4693.157065174378,19.150140913394274,2205.1749227912983,0,True,0.012359800501999144,0.034563982491849735,3.0,0.0,9,20.0,85.0,hold
0.013793103448275862,2689.151569460928,4668.829566071384,4668.829566071384,22.924776621930253,2205.0190860948883,0,True,0.012380750546627527,0.03383388923699608,3.0,0.0,9,20.0,85.0,hold
0.020689655172413793,1891.669693205818,4002.971068310877,4002.971068310877,13.749828182448363,2186.0938811048263,0,False,0.013668037747597152,0.03675976092134707,3.0,0.0,9,20.0,85.0,hold
0.013793103448275862,2961.0538947799887,5215.62187575722,5215.62187575722,29.983511507018974,2192.3779342025405,0,True,0.013448648470153975,0.030929159646132985,3.0,0.0,9,20.0,90.0,hold
0.013793103448275862,2334.9052115875584,4489.896908882059,4489.896908882059,26.417850356091915,2205.6780080837384,0,False,0.011776466633567989,0.027954445173308622,3.0,0.0,9,20.0,90.0,hold
0.013793103448275862,3037.1713104792057,5218.223422772226,5218.223422772226,19.243418903764088,2180.9183307164735,0,True,0.013142577340627935,0.03456000741215722,3.0,0.0,9,20.0,90.0,hold
0.013793103448275862,3009.174936615531,5206.489699095348,5206.489699095348,16.518359836548914,2206.149634576818,0,True,0.013081134257457508,0.03705905012100815,3.0,0.0,9,20.0,90.0,hold
0.013793103448275862,2853.94686424407,5211.675289278521,5211.675289278521,16.919646706872133,2193.3025832672447,0,True,0.011544090612292333,0.02825121325035072,3.0,0.0,9,20.0,90.0,hold
0.013793103448275862,2687.0921224269932,5211.331303248825,5211.331303248825,20.904694836621587,2180.5589995867476,0,True,0.012634250755663762,0.03552488055091188,3.0,0.0,9,20.0,90.0,hold
0.013793103448275862,1962.2750797165388,3023.5637741075925,3023.5637741075925,21.75058165386336,2194.874572850309,0,True,0.011576849666558853,0.028865289588698852,3.0,0.0,9,25.0,70.0,hold
0.013793103448275862,1886.1635064085797,3004.396776609926,3004.396776609926,8.926183066799789,2225.1278270514413,0,True,0.012823048550626326,0.03048261662835113,3.0,0.0,9,25.0,70.0,hold
0.020689655172413793,1761.1098686263756,3027.1862149535023,3027.1862149535023,20.736730065961503,2211.4662333990923,0,True,0.013149571349165697,0.03062383002158557,3.0,0.0,9,25.0,70.0,hold
0.020689655172413793,1574.0484444536703,3029.519397850492,3029.519397850492,12.569551004678882,2201.4698911469845,0,True,0.012013870275271711,0.032919882049382586,3.0,0.0,9,25.0,70.0,hold
0.013793103448275862,1965.8166237512362,3017.041767538349,3017.041767538349,11.732729094721442,2205.8472524874655,0,True,0.013617648842289798,0.03777135985589686,3.0,0.0,9,25.0,70.0,hold
0.020689655172413793,1041.5470593643374,1940.5623937025841,1940.5623937025841,11.516996020083127,2195.982083562393,0,False,0.012511477734395152,0.03323918855463265,3.0,0.0,9,25.0,70.0,hold
0.013793103448275862,2000.962457808914,3498.8541969823673,3498.8541969823673,11.45264526990992,2213.8430893195746,0,True,0.013324490722279512,0.032905531552107264,3.0,0.0,9,25.0,75.0,hold
0.013793103448275862,2129.3145626830483,3531.9590210177807,3531.9590210177807,14.286120497531213,2203.4513882057927,0,True,0.011392454805756395,0.027991919099128935,3.0,0.0,9,25.0,75.0,hold
0.020689655172413793,2236.6301947747406,3516.7558278603647,3516.7558278603647,25.158208229844533,2212.2132755726575,0,True,0.012274704066002643,0.03321437496840083,3.0,0.0,9,25.0,75.0,hold
0.013793103448275862,1828.663488994485,3501.1605883162983,3501.1605883162983,12.931403940420907,2229.742537940147,0,True,0.013055419561634089,0.03286110953149145,3.0,0.0,9,25.0,75.0,hold
0.013793103448275862,1814.7920718460493,3504.3581391373355,3504.3581391373355,17.85987784145359,2203.828239523253,0,True,0.01255630625010671,0.029153712918332134,3.0,0.0,9,25.0,75.0,hold
0.013793103448275862,1854.471674235215,3506.032130427214,3506.032130427214,16.58513237437295,2224.9811956372037,0,True,0.012610763223062382,0.034533271862473076,3.0,0.0,9,25.0,75.0,hold
0.013793103448275862,1881.2273573391328,3693.171403766983,3693.171403766983,15.904376068614393,2209.333981355439,0,False,0.01205445478383717,0.03362837079046437,3.0,0.0,9,25.0,80.0,hold
0.013793103448275862,2066.03905208297,4009.9658326348167,4009.9658326348167,12.9647861979078,2194.832149303721,0,True,0.012739951072542156,0.03181172280865235,3.0,0.0,9,25.0,80.0,hold
0.020689655172413793,1263.9845935356204,2319.377232320463,2319.377232320463,8.200334300639815,2212.5183599023303,0,False,0.012456339169067137,0.031481508905460254,3.0,0.0,9,25.0,80.0,hold
0.020689655172413793,1264.219809713658,2272.6869817568263,2272.6869817568263,12.095324309349412,2213.89241606044,0,False,0.013086474511208576,0.03486121546676055,3.0,0.0,9,25.0,80.0,hold
0.013793103448275862,1728.116589285978,3301.192269572037,3301.192269572037,20.461501964669853,2205.2387387599297,0,False,0.012110662474920725,0.030479810724316672,3.0,0.0,9,25.0,80.0,hold
0.013793103448275862,2092.593423649868,3998.4380873554774,3998.4380873554774,20.478078509902605,2208.3643729577534,0,True,0.013429565388389415,0.03068664337426453,3.0,0.0,9,25.0,80.0,hold
0.013793103448275862,2650.964869780935,4495.862727900605,4495.862727900605,13.206465546059624,2209.899421138293,0,True,0.012748872857244953,0.031995176871384624,3.0,0.0,9,25.0,85.0,hold
0.020689655172413793,2043.3626105901953,4212.618419785984,4212.618419785984,0.0,2216.9976038140976,0,False,0.013208581083454572,0.03396406179820247,3.0,0.0,9,25.0,85.0,hold
0.013793103448275862,2143.808681795961,4145.566958109108,4145.566958109108,13.623756134601537,2188.398516353158,0,False,0.012633676941313293,0.036140567813189056,3.0,0.0,9,25.0,85.0,hold
0.013793103448275862,1759.4868403477938,3463.081997184237,3463.081997184237,13.557736118098589,2219.204297633445,0,False,0.013549776039620657,0.03489149523771311,3.0,0.0,9,25.0,85.0,hold
0.013793103448275862,1384.2174126759053,2471.506363295407,2471.506363295407,10.15124631479348,2195.2075458210907,0,False,0.013056174349150077,0.03274195394325374,3.0,0.0,9,25.0,85.0,hold
0.013793103448275862,2638.2447423189724,4514.97844775381,4514.97844775381,16.474862135886177,2205.162530774002,0,True,0.012783689178344946,0.034652097190119434,3.0,0.0,9,25.0,85.0,hold
0.013793103448275862,1952.4272099227533,3804.015362682168,3804.015362682168,15.20181065220695,2211.905567946016,0,False,0.012841234997794024,0.03198539196519167,3.0,0.0,9,25.0,90.0,hold
0.013793103448275862,2022.583890431184,4049.1600025043954,4049.1600025043954,22.408994381552795,2193.8923613876323,0,False,0.012715027961669602,0.043698981878794375,3.0,0.0,9,25.0,90.0,hold
0.020689655172413793,983.3374138997324,1854.0303978168388,1854.0303978168388,9.930586485184957,2198.3427767177363,0,False,0.011983480156921007,0.03334204142638927,3.0,0.0,9,25.0,90.0,hold
0.020689655172413793,1624.9561142443315,3222.218269192426,3222.218269192426,15.369343633812965,2212.7110258875846,0,False,0.01182657847094554,0.031314924861869146,3.0,0.0,9,25.0,90.0,hold
0.020689655172413793,1364.5128125149902,2592.5715110545016,2592.5715110545016,10.449579983537415,2210.545060936729,0,False,0.013087588336614064,0.037756657325866735,3.0,0.0,9,25.0,90.0,hold
0.013793103448275862,2225.1688137225233,4299.316596854052,4299.316596854052,18.169862476844948,2215.8962511086643,0,False,0.011678899109853634,0.026986665754538924,3.0,0.0,9,25.0,90.0,hold
0.013793103448275862,1728.117818774961,2872.8969887809994,2872.8969887809994,15.534118267307372,2228.0572483208425,0,True,0.012152830697047957,0.02474829313692864,3.0,0.0,9,30.0,70.0,hold
0.020689655172413793,1348.0436969694774,2542.9177368522214,2542.9177368522214,15.690022025177225,2214.530635835409,0,False,0.011425756158001817,0.03136250833825897,3.0,0.0,9,30.0,70.0,hold
0.013793103448275862,1596.148617720543,2883.0153575227555,2883.0153575227555,8.868318308444433,2230.727214321392,0,True,0.01149662754520885,0.03048775552500515,3.0,0.0,9,30.0,70.0,hold
0.034482758620689655,475.47942299758586,800.0646660153963,800.6189409739758,10.734015830615245,2221.9596245311445,0,False,0.012805216118592805,0.044383495799063796,3.0,0.0,9,30.0,70.0,hold
0.020689655172413793,1233.0255286312533,2556.3941695428093,2556.3941695428093,12.225995509237306,2200.2218026499454,0,False,0.012163097947267686,0.046305990564384183,3.0,0.0,9,30.0,70.0,hold
0.05517241379310345,345.9768388569946,546.0551057267977,546.0551057267977,9.909600779350889,2225.8471661052954,0,False,0.011699335182003104,0.03213158744274305,3.0,0.0,9,30.0,70.0,hold
0.05517241379310345,390.9832458420802,583.7927455516552,602.3006027770837,7.713170584433163,2197.6624194819633,0,False,0.012251016640866936,0.028278031753396445,3.0,0.0,9,30.0,75.0,hold
0.05517241379310345,707.3546163046333,1551.5971536487036,1551.5971536487036,11.030968962731738,2203.59601046726,0,False,0.012673592363379413,0.034388190303217964,3.0,0.0,9,30.0,75.0,hold
0.020689655172413793,1207.0525706720402,2399.2545200737995,2399.2545200737995,6.658985864007776,2245.3501877070626,0,False,0.012283891075214395,0.0313847941375448,3.0,0.0,9,30.0,75.0,hold
0.04827586206896552,376.220184673987,694.0724961364843,694.0724961364843,12.847815412575494,2202.371526803231,0,False,0.011793777222870108,0.030978015825452527,3.0,0.0,9,30.0,75.0,hold
0.020689655172413793,1469.012065798976,2805.5447793012536,2805.5447793012536,12.689033417609267,2216.4056627569084,0,False,0.011898213812902287,0.03069120420722967,3.0,0.0,9,30.0,75.0,hold
0.020689655172413793,1656.3632454294489,3302.6790358114686,3302.6790358114686,13.399289045169704,2230.600462045586,0,False,0.013630835986341575,0.030336246152979557,3.0,0.0,9,30.0,75.0,hold
0.06206896551724138,689.3532698122646,1353.6208112948136,1353.6208112948136,12.755944328827226,2222.1276107952654,0,False,0.012473066991792339,0.03505659447909653,3.0,0.0,9,30.0,80.0,hold
0.013793103448275862,1836.4535009779445,3629.982937861488,3629.982937861488,16.780462570558175,2227.4674450538555,0,False,0.013296447276672,0.029103664022030403,3.0,0.0,9,30.0,80.0,hold
0.020689655172413793,1196.1999616731673,2285.38232389208,2285.38232389208,12.730485019829107,2228.109604575488,0,False,0.01302898959351052,0.02772458724465279,3.0,0.0,9,30.0,80.0,hold
0.034482758620689655,842.5809957991403,1659.9438104081692,1659.9438104081692,17.332836296577263,2227.4120120442676,0,False,0.012580461517554481,0.029498408294327507,3.0,0.0,9,30.0,80.0,hold
0.020689655172413793,1286.2956327255174,2564.9707157862263,2564.9707157862263,19.656038799964936,2219.7237630178006,0,False,0.01335246007890996,0.03451333822150531,3.0,0.0,9,30.0,80.0,hold
0.041379310344827586,338.1329762957289,499.5154074156839,500.82210041507886,14.789825048010103,2199.096916212713,0,False,0.012878050727818514,0.03488487673291276,3.0,0.0,9,30.0,80.0,hold
0.034482758620689655,524.2884950940752,1034.4843174991358,1034.4843174991358,9.400308893346024,2209.652514091017,0,False,0.01361283550557915,0.03974207096516701,3.0,0.0,9,30.0,85.0,hold
0.027586206896551724,770.4350061074933,1561.0322073470695,1561.0322073470695,9.195956487053994,2226.2903587963074,0,False,0.013115319880425705,0.03253034223559233,3.0,0.0,9,30.0,85.0,hold
0.034482758620689655,1075.2510893991248,2229.6063260293217,2229.6063260293217,11.821802656439889,2206.9182844974034,0,False,0.012846786360855652,0.0333071241474492,3.0,0.0,9,30.0,85.0,hold
0.020689655172413793,1065.699031316918,2138.7722774214844,2138.7722774214844,11.922233991297352,2223.0443509473303,0,False,0.012346626587834355,0.02824620487771059,3.0,0.0,9,30.0,85.0,hold
0.020689655172413793,1154.882676048062,2405.690729964214,2405.690729964214,14.29498794236646,2236.282295551554,0,False,0.011946117263361292,0.030115796237827834,3.0,0.0,9,30.0,85.0,hold
0.020689655172413793,1387.1766514622304,2643.513835516477,2643.513835516477,11.078589760122282,2225.1347433911483,0,False,0.012713692424799371,0.028925785163651064,3.0,0.0,9,30.0,85.0,hold
0.027586206896551724,659.9316106583409,1054.938294933834,1065.0400714267867,9.442498663860793,2200.7318165645,0,False,0.012871751708029044,0.03378234522298297,3.0,0.0,9,30.0,90.0,hold
0.020689655172413793,1135.9656226925372,1902.99837121032,1902.99837121032,11.923730425135345,2196.820210182997,0,False,0.012873211501956625,0.03251217701981614,3.0,0.0,9,30.0,90.0,hold
0.020689655172413793,1383.2105918217253,2920.7633726879258,2920.7633726879258,11.553309945547003,2218.726228961779,0,False,0.01252006620326448,0.038463169540917365,3.0,0.0,9,30.0,90.0,hold
0.05517241379310345,629.5353637802759,1335.3953206241301,1335.3953206241301,9.986693896486464,2200.424264816467,0,False,0.01305238226163742,0.04367603315198079,3.0,0.0,9,30.0,90.0,hold
0.027586206896551724,1390.6918778838992,2970.235923077198,2970.235923077198,13.671315404353063,2217.4332977239264,0,False,0.012523414864588371,0.041083571384853815,3.0,0.0,9,30.0,90.0,hold
0.027586206896551724,1303.1037234372511,2687.840542434769,2687.840542434769,13.007930995244623,2228.6592764976026,0,False,0.012257616871073278,0.03371834259679466,3.0,0.0,9,30.0,90.0,hold
0.013793103448275862,1757.3993650558627,3292.2951576421583,3292.2951576421583,175.4458165408493,2197.8549406940574,0,True,0.011912154954666191,0.030478082916417557,3.0,0.0,9,10.0,70.0,mpc / perfect forecast
0.013793103448275862,2014.309887735318,3282.0700383421504,3282.0700383421504,174.58260442268082,2217.9215118227685,0,True,0.012455201429609842,0.03163464895529637,3.0,0.0,9,10.0,70.0,mpc / perfect forecast
0.013793103448275862,2163.690301115751,3285.140018677804,3285.140018677804,34.48933768951728,2207.3573499185773,0,True,0.012773252110257361,0.03478337690886116,3.0,0.0,9,10.0,70.0,mpc / perfect forecast
0.013793103448275862,2086.303415514598,3283.6951177832,3283.6951177832,44.41305857912767,2209.078841471421,0,True,0.01179528963402923,0.03367372137176333,3.0,0.0,9,10.0,70.0,mpc / perfect forecast
0.006896551724137931,1989.8527601645765,3307.9891585279806,3307.9891585279806,242.71252517158308,2217.086760606488,0,True,0.012770988836166949,0.03392191043301667,3.0,0.0,9,10.0,70.0,mpc / perfect forecast
0.013793103448275862,2214.932539549996,3284.0081214620714,3284.0081214620714,5.016319843861167,2211.0242988500586,0,True,0.013801605650262774,0.03485844416646969,3.0,0.0,9,10.0,70.0,mpc / perfect forecast
0.006896551724137931,2113.448394501474,3848.367186548452,3848.367186548452,399.4216979160384,2198.72485700735,0,True,0.012785148321446442,0.037802702425938514,3.0,0.0,9,10.0,75.0,mpc / perfect forecast
0.013793103448275862,1492.8690214805567,3028.846026560475,3028.846026560475,5.2429628178986185,2212.8697718316125,0,False,0.013387495822476232,0.03015803841948104,3.0,0.0,9,10.0,75.0,mpc / perfect forecast
0.013793103448275862,1406.7260475568148,2883.989650714767,2883.989650714767,258.70110681498034,1966.7426839407258,0,False,0.011851263304819823,0.032052861600946114,3.0,0.0,9,10.0,75.0,mpc / perfect forecast
0.020689655172413793,2100.5273701900574,3834.3385890886907,3834.3385890886907,9.446445402945812,2202.415440014179,0,True,0.013269355759044633,0.03126555899910602,3.0,0.0,9,10.0,75.0,mpc / perfect forecast
0.013793103448275862,2199.7738099672392,3907.095354182296,3907.095354182296,155.1057996572295,2211.9330632090846,0,True,0.013656296514318787,0.03395925804164805,3.0,0.0,9,10.0,75.0,mpc / perfect forecast
0.013793103448275862,2173.3763831729084,3827.25194967954,3827.25194967954,153.5096803685526,2210.9774510631514,0,True,0.012964566347332469,0.032903594689678774,3.0,0.0,9,10.0,75.0,mpc / perfect forecast
0.013793103448275862,2172.4572055724498,4387.629933006638,4387.629933006638,34.61218425292165,2201.6321022568054,0,True,0.011564208090535317,0.03980975557547563,3.0,0.0,9,10.0,80.0,mpc / perfect forecast
0.006896551724137931,2267.33205080924,4426.8961946587715,4426.8961946587715,392.85669365178774,2209.965369514708,0,False,0.012274072747769586,0.03693038892811842,3.0,0.0,9,10.0,80.0,mpc / perfect forecast
0.013793103448275862,2503.8450218900985,4378.059006695111,4378.059006695111,55.75716208365812,2197.6115940763534,0,True,0.01246334087285579,0.029243529797849863,3.0,0.0,9,10.0,80.0,mpc / perfect forecast
0.013793103448275862,1373.3701652654381,3110.4233090323964,3110.4233090323964,193.26997659724842,2206.3569229959817,0,False,0.013417464000007264,0.03442434309663645,3.0,0.0,9,10.0,80.0,mpc / perfect forecast
0.013793103448275862,2282.5959588768837,4398.197552579639,4398.197552579639,9.598335286011142,2203.0298713059865,0,True,0.012914310654806265,0.03496973181262754,3.0,0.0,9,10.0,80.0,mpc / perfect forecast
0.013793103448275862,2206.0895342016506,4309.0094145965295,4309.0094145965295,179.6184902009125,2206.8229421936844,0,False,0.011999112517290182,0.03309820953377995,3.0,0.0,9,10.0,80.0,mpc / perfect forecast
0.013793103448275862,2468.4316063368324,4711.461409067496,4711.461409067496,152.97158429403828,2057.4539577734404,0,False,0.012112493738387815,0.03292834725053156,3.0,0.0,9,10.0,85.0,mpc / perfect forecast
0.013793103448275862,2290.2844595955917,4567.861884710984,4567.861884710984,80.07711611774594,2145.1924142116995,0,False,0.012490928100108087,0.037452091990987195,3.0,0.0,9,10.0,85.0,mpc / perfect forecast
0.013793103448275862,2126.544686964331,4161.513840511587,4161.513840511587,29.862385443679532,2193.3657538575258,0,False,0.01226634116762535,0.030551360499253465,3.0,0.0,9,10.0,85.0,mpc / perfect forecast
0.013793103448275862,2460.6381692365103,4703.376237698837,4703.376237698837,142.37235468398788,2068.348642858428,0,False,0.012867592046265015,0.03743265192573878,3.0,0.0,9,10.0,85.0,mpc / perfect forecast
0.013793103448275862,1851.0037726425044,3325.2115060921406,3325.2115060921406,46.38195439092552,2215.0429586570767,0,False,0.012409578010114634,0.0361289969626733,3.0,0.0,9,10.0,85.0,mpc / perfect forecast
0.013793103448275862,1753.6403497519,3357.7600819553504,3357.7600819553504,70.25579652714822,2211.2145236991214,0,False,0.01258370312037565,0.03144962237422511,3.0,0.0,9,10.0,85.0,mpc / perfect forecast
0.020689655172413793,1938.3375968119121,4142.736698478456,4142.736698478456,2.6567798530302054,2208.0970952295215,0,False,0.01207214382580969,0.031103604131188352,3.0,0.0,9,10.0,90.0,mpc / perfect forecast
0.006896551724137931,2052.1368283662314,3829.4410249723414,3829.4410249723414,384.12215084782656,1846.7169060304068,0,False,0.01234882503850193,0.0309308878327075,3.0,0.0,9,10.0,90.0,mpc / perfect forecast
0.006896551724137931,1777.6867481941074,3511.3450210261044,3511.3450210261044,339.9630404055036,2222.0365151260244,0,False,0.01184623016635815,0.031413224314542694,3.0,0.0,9,10.0,90.0,mpc / perfect forecast
0.013793103448275862,2040.6619667873438,4104.488100032201,4104.488100032201,47.56621829473291,2205.7645059673328,0,False,0.011589109046140326,0.03048178152188705,3.0,0.0,9,10.0,90.0,mpc / perfect forecast
0.006896551724137931,2356.1225811654963,4441.007575983866,4441.007575983866,294.36834504908273,2199.0174953116134,0,False,0.01208785674866151,0.03312906092891404,3.0,0.0,9,10.0,90.0,mpc / perfect forecast
0.006896551724137931,2232.5143136562347,4533.450441654011,4533.450441654011,202.76076026552875,2208.871732948032,0,False,0.01187423657469318,0.029769395270366296,3.0,0.0,9,10.0,90.0,mpc / perfect forecast
0.006896551724137931,2132.1436323200714,3219.1977650718572,3219.1977650718572,387.12899842018965,2200.033343809349,0,True,0.011726567967920775,0.036334689886315406,3.0,0.0,9,15.0,70.0,mpc / perfect forecast
0.013793103448275862,2095.1068007178806,3220.386764239369,3220.386764239369,84.58943525580992,2131.961626251359,0,True,0.012744495245530198,0.0390685583675269,3.0,0.0,9,15.0,70.0,mpc / perfect forecast
0.006896551724137931,2200.695115996115,3218.763808635577,3218.763808635577,184.54536714168455,2191.2607466885224,0,True,0.012906699287041289,0.036463052204632584,3.0,0.0,9,15.0,70.0,mpc / perfect forecast
0.013793103448275862,2020.7716800807289,3213.361496781595,3213.361496781595,66.52393830791183,2216.6788856467547,0,True,0.01245460986205402,0.03167377287001181,3.0,0.0,9,15.0,70.0,mpc / perfect forecast
0.013793103448275862,1911.8332414130673,3240.5611022746934,3240.5611022746934,132.1114632290405,2217.0883818268835,0,True,0.011811723355629944,0.030333597521765905,3.0,0.0,9,15.0,70.0,mpc / perfect forecast
0.013793103448275862,2019.5029121748798,3213.428586809341,3213.428586809341,129.9809342284309,2216.715371491741,0,True,0.012595718348847488,0.03257168741289075,3.0,0.0,9,15.0,70.0,mpc / perfect forecast
0.006896551724137931,2438.010684332672,3761.0399055231596,3761.0399055231596,341.43091731972913,2191.0679268188023,0,True,0.012261589514629417,0.0324193053318784,3.0,0.0,9,15.0,75.0,mpc / perfect forecast
0.006896551724137931,2296.028496217897,3754.346062523285,3754.346062523285,313.3127913067335,2201.201262948972,0,True,0.013603848399635991,0.040916655103645075,3.0,0.0,9,15.0,75.0,mpc / perfect forecast
0.013793103448275862,2072.5057334565513,3746.3898112233624,3746.3898112233624,126.81875671321419,2203.570657007085,0,True,0.012670503470550615,0.02925809024940005,3.0,0.0,9,15.0,75.0,mpc / perfect forecast
0.013793103448275862,2332.632906639025,3744.8030793630596,3744.8030793630596,138.11329473715782,2200.229234871286,0,True,0.012293748621738237,0.029791661737470276,3.0,0.0,9,15.0,75.0,mpc / perfect forecast
0.013793103448275862,2292.074262486383,3786.470941918953,3786.470941918953,185.32803401190642,2035.592906616487,0,True,0.012249259088805574,0.03697167125055216,3.0,0.0,9,15.0,75.0,mpc / perfect forecast
0.013793103448275862,1965.5815144617472,3747.828536924298,3747.828536924298,144.43413330025783,2071.626308243329,0,True,0.011521454488792906,0.038303230505575804,3.0,0.0,9,15.0,75.0,mpc / perfect forecast
0.013793103448275862,2399.021786125472,4289.540704920838,4289.540704920838,135.83435880811777,2067.7575720929535,0,True,0.012964506271146708,0.03650330013482995,3.0,0.0,9,15.0,80.0,mpc / perfect forecast
0.006896551724137931,2098.2321795329694,4201.8544540432895,4201.8544540432895,384.34986719013955,1831.5904785352764,0,False,0.012152286365836098,0.03614570513290889,3.0,0.0,9,15.0,80.0,mpc / perfect forecast
0.013793103448275862,2101.465372670526,4014.197741493915,4014.197741493915,263.49673493099266,2193.4880330269866,0,False,0.012575471190735953,0.031029695392462326,3.0,0.0,9,15.0,80.0,mpc / perfect forecast
0.006896551724137931,2167.5527200094984,4355.295348873788,4355.295348873788,353.88003970359085,2211.374870994352,0,True,0.012402795055849562,0.031163462390375832,3.0,0.0,9,15.0,80.0,mpc / perfect forecast
0.013793103448275862,1910.2600730149027,3636.288570975624,3636.288570975624,63.5602078602213,2155.04645259935,0,False,0.012072469359208365,0.040802997313828186,3.0,0.0,9,15.0,80.0,mpc / perfect forecast
0.013793103448275862,2324.3380298282555,4275.586248592261,4275.586248592261,14.834168572951205,2211.514501055166,0,True,0.013830255011538745,0.03229038456476069,3.0,0.0,9,15.0,80.0,mpc / perfect forecast
0.013793103448275862,2467.0843622780767,4667.412193327062,4667.412193327062,119.336032382243,2210.9294296620283,0,False,0.012713011830329805,0.03806647633111603,3.0,0.0,9,15.0,85.0,mpc / perfect forecast
0.013793103448275862,2613.4736850118097,4824.478565023904,4824.478565023904,182.99455427977134,2189.979544087761,0,True,0.011760650772913717,0.03265554730041329,3.0,0.0,9,15.0,85.0,mpc / perfect forecast
0.013793103448275862,2355.002095690818,4761.909937589373,4761.909937589373,57.72290277303277,2208.731803778586,0,False,0.012699326412241252,0.034155867377778676,3.0,0.0,9,15.0,85.0,mpc / perfect forecast
0.006896551724137931,2508.923907119231,4833.277251417332,4833.277251417332,399.29142185161675,2207.9982669704514,0,True,0.012428225242056766,0.03193317521834239,3.0,0.0,9,15.0,85.0,mpc / perfect forecast
0.013793103448275862,2316.2230326471145,4746.497799462991,4746.497799462991,226.2439054050814,2209.6954116206034,0,False,0.011684743782853864,0.03367162053266657,3.0,0.0,9,15.0,85.0,mpc / perfect forecast
0.013793103448275862,2224.1390826210227,4327.0887473177245,4327.0887473177245,50.89849774421118,2170.6959694069656,0,False,0.011866623614103091,0.032900041358265276,3.0,0.0,9,15.0,85.0,mpc / perfect forecast
0.013793103448275862,2468.3114119142533,4739.986817929761,4739.986817929761,68.70917443709881,2217.247069694023,0,False,0.013686909220945842,0.03890986520025874,3.0,0.0,9,15.0,90.0,mpc / perfect forecast
0.013793103448275862,2505.211723844375,4797.931185781811,4797.931185781811,170.5256749567194,2056.221593021017,0,False,0.013657295592788908,0.03591416585558768,3.0,0.0,9,15.0,90.0,mpc / perfect forecast
0.013793103448275862,2716.118262774655,5268.544444635676,5268.544444635676,208.89589102823433,2189.8505645393434,0,False,0.012286536670393878,0.03313035562999378,3.0,0.0,9,15.0,90.0,mpc / perfect forecast
0.013793103448275862,2344.8174182070397,4776.9629818881685,4776.9629818881685,199.95922883972185,2203.8532603617164,0,False,0.013392195556919114,0.03273595689302882,3.0,0.0,9,15.0,90.0,mpc / perfect forecast
0.013793103448275862,2190.8807109612153,3985.3721650160137,3985.3721650160137,335.8819817702326,2204.025653247523,0,False,0.012261645958948254,0.032674930185173284,3.0,0.0,9,15.0,90.0,mpc / perfect forecast
0.013793103448275862,2442.3822469335028,4642.199770828859,4642.199770828859,205.84747167375224,2199.2565709926844,0,False,0.012894685514024607,0.03532208190799587,3.0,0.0,9,15.0,90.0,mpc / perfect forecast
0.013793103448275862,2055.705978297284,3139.463042119009,3139.463042119009,191.4544305014426,2221.4616672710094,0,True,0.011371148102615069,0.026957432414206478,3.0,0.0,9,20.0,70.0,mpc / perfect forecast
0.013793103448275862,1939.4685554720397,3133.4696799572416,3133.4696799572416,107.46983863977258,2215.6172923484223,0,True,0.012244506957251664,0.031212304673699575,3.0,0.0,9,20.0,70.0,mpc / perfect forecast
0.020689655172413793,1969.7577548765858,3124.1326690307883,3124.1326690307883,213.112925224641,2176.6119996029915,3,True,0.012737114056312513,0.029090416734563113,3.0,0.0,9,20.0,70.0,mpc / perfect forecast
0.013793103448275862,1914.5290107009666,3121.3161743461415,3121.3161743461415,81.33545387375362,2221.4949318358254,0,True,0.012421919237790862,0.032514702752772455,3.0,0.0,9,20.0,70.0,mpc / perfect forecast
0.013793103448275862,1937.278353934723,3147.2576746240375,3147.2576746240375,237.42633425341512,2202.392735731452,0,True,0.012846438881337817,0.03477213120700928,3.0,0.0,9,20.0,70.0,mpc / perfect forecast
0.013793103448275862,1939.6459897443099,3133.6102292279347,3133.6102292279347,110.11457492547999,2215.6183845306496,0,True,0.012595826806379471,0.03749808928738535,3.0,0.0,9,20.0,70.0,mpc / perfect forecast
0.013793103448275862,2015.1300510757887,3660.9512412402355,3660.9512412402355,76.25253982939168,2148.6263772511506,0,True,0.011048105499242872,0.028014370421773363,3.0,0.0,9,20.0,75.0,mpc / perfect forecast
0.013793103448275862,1962.0013219895438,3649.0989873717276,3649.0989873717276,101.53168421325078,2218.6223672647216,0,True,0.012596032953615397,0.03604071473961559,3.0,0.0,9,20.0,75.0,mpc / perfect forecast
0.013793103448275862,2220.9831592389696,3655.6420891842236,3655.6420891842236,336.7477159723377,1874.8531034872053,0,True,0.013007059662378011,0.03518218323883367,3.0,0.0,9,20.0,75.0,mpc / perfect forecast
0.013793103448275862,2117.9707084942434,3640.1603575473487,3640.1603575473487,86.17896536102678,2221.6843216643542,0,True,0.012391289055196838,0.03452487637688044,3.0,0.0,9,20.0,75.0,mpc / perfect forecast
0.013793103448275862,2042.8385153967254,3641.9221718260646,3641.9221718260646,334.3846763875003,2200.2350390768365,0,True,0.013520893678499896,0.031557608795451005,3.0,0.0,9,20.0,75.0,mpc / perfect forecast
0.013793103448275862,2289.5364091044676,3660.8768017231278,3660.8768017231278,297.91867743269876,2218.4247380616785,0,True,0.012956337178892614,0.03152359308642035,3.0,0.0,9,20.0,75.0,mpc / perfect forecast
0.013793103448275862,2457.0305725341195,4186.077480403959,4186.077480403959,380.2157631806155,2211.091858186906,0,True,0.012989072509210282,0.035063205929580864,3.0,0.0,9,20.0,80.0,mpc / perfect forecast
0.013793103448275862,1368.9233355337265,2686.543172286735,2686.543172286735,352.3218831201286,2195.111551746171,0,False,0.01266214691471342,0.03121767069664631,3.0,0.0,9,20.0,80.0,mpc / perfect forecast
0.013793103448275862,2263.8603694992094,4155.7911330222505,4155.7911330222505,177.61469482111323,2221.1334079640123,0,True,0.012430712105057086,0.03334859590845649,3.0,0.0,9,20.0,80.0,mpc / perfect forecast
0.013793103448275862,1676.797138770319,3560.353405894685,3560.353405894685,177.14639274801905,2028.1497015672421,0,False,0.012346138200108417,0.030961781281704598,3.0,0.0,9,20.0,80.0,mpc / perfect forecast
0.013793103448275862,1788.4253875205457,3279.6189273242876,3279.6189273242876,17.14951179512503,2212.797036435889,0,False,0.013006877492672006,0.031071514867710922,3.0,0.0,9,20.0,80.0,mpc / perfect forecast
0.013793103448275862,2451.0575118589627,4178.5724491823985,4178.5724491823985,78.63299389496981,2212.244934466972,0,True,0.012112349162597687,0.034841212847788405,3.0,0.0,9,20.0,80.0,mpc / perfect forecast
0.013793103448275862,1556.3527632742157,2969.451571335022,2969.451571335022,14.890065826787435,2195.504082975915,0,False,0.013285100779494864,0.032728991720084886,3.0,0.0,9,20.0,85.0,mpc / perfect forecast
0.013793103448275862,1890.679303074358,3648.258291603385,3648.258291603385,393.30214203278524,2203.4488567275766,0,False,0.013545075077844875,0.034506873337943764,3.0,0.0,9,20.0,85.0,mpc / perfect forecast
0.013793103448275862,1878.3540970670545,3854.247990916941,3854.247990916941,116.97091610019778,2197.795620540551,0,False,0.011949464844292077,0.03578563525978704,3.0,0.0,9,20.0,85.0,mpc / perfect forecast
0.013793103448275862,2556.227034448641,4717.004513064749,4717.004513064749,183.16187331157255,2211.663776195642,0,True,0.01235980050154851,0.034563982023017005,3.0,0.0,9,20.0,85.0,mpc / perfect forecast
0.013793103448275862,2275.8939348565286,4485.147976670011,4485.147976670011,427.9709991503656,1997.56793496214,2,False,0.012380750550791563,0.03383388957309037,3.0,0.0,9,20.0,85.0,mpc / perfect forecast
0.020689655172413793,1552.431026429389,3271.8501119496727,3271.8501119496727,123.29576328514682,2195.4597088030882,0,False,0.013668037751551928,0.03675976126981973,3.0,0.0,9,20.0,85.0,mpc / perfect forecast
0.013793103448275862,2228.4707269456408,4186.625371913166,4186.625371913166,397.275494148208,2210.025353004627,0,False,0.013448648477529232,0.03092915966922932,3.0,0.0,9,20.0,90.0,mpc / perfect forecast
0.013793103448275862,2224.7837190334876,4258.220051358082,4258.220051358082,47.66159275380212,2184.4191717745293,0,False,0.011776466631973992,0.02795444520618962,3.0,0.0,9,20.0,90.0,mpc / perfect forecast
0.013793103448275862,2157.155893282583,4169.726389544947,4169.726389544947,448.36432613104967,1876.1152133883243,2,False,0.0131425773284914,0.03456000743832509,3.0,0.0,9,20.0,90.0,mpc / perfect forecast
0.013793103448275862,2336.0650717260382,4670.5668840441695,4670.5668840441695,291.3677630981296,1936.8730718289771,0,False,0.01308113425720066,0.0370590501232134,3.0,0.0,9,20.0,90.0,mpc / perfect forecast
0.013793103448275862,2033.3665093820864,4064.4353890027865,4064.4353890027865,307.80330277470256,2208.730433028142,0,False,0.011544090615636628,0.028251213466846566,3.0,0.0,9,20.0,90.0,mpc / perfect forecast
0.013793103448275862,2368.328699430805,4784.077797269402,4784.077797269402,156.3643437784608,2066.1684709118163,0,False,0.012634250755753128,0.035524880915515436,3.0,0.0,9,20.0,90.0,mpc / perfect forecast
0.013793103448275862,936.0715590464995,1576.010049469789,1576.010049469789,263.35044881154744,2221.7289196757797,0,False,0.011576849688427246,0.028865290916678766,3.0,0.0,9,25.0,70.0,mpc / perfect forecast
0.013793103448275862,1708.2393797600432,3004.6487244959003,3004.6487244959003,88.55344743229459,2164.6100227281654,0,True,0.012823048550735464,0.030482616563838476,3.0,0.0,9,25.0,70.0,mpc / perfect forecast
0.020689655172413793,1525.0306662523449,3009.055845471936,3009.055845471936,419.006573672318,2024.1710424183245,2,True,0.013149571352557968,0.030623829967619958,3.0,0.0,9,25.0,70.0,mpc / perfect forecast
0.020689655172413793,1411.2051189588785,2831.6157199239415,2831.6157199239415,42.58514336486424,2174.0056789072137,0,False,0.012013870275057723,0.03291988204925655,3.0,0.0,9,25.0,70.0,mpc / perfect forecast
0.013793103448275862,1682.6783950959993,3030.652464324422,3030.652464324422,283.9009254505873,2214.343128922824,0,True,0.013617648831786563,0.03777135946042986,3.0,0.0,9,25.0,70.0,mpc / perfect forecast
0.020689655172413793,806.5747300135504,1539.0489042128656,1539.0489042128656,211.78627334790815,2019.6389164784307,2,False,0.01251147773545377,0.03323918856016124,3.0,0.0,9,25.0,70.0,mpc / perfect forecast
0.013793103448275862,1630.857931021701,3183.3257681357254,3183.3257681357254,273.86930990756633,2223.459448127904,0,False,0.013324490723870092,0.032905531844276165,3.0,0.0,9,25.0,75.0,mpc / perfect forecast
0.013793103448275862,1640.308121260096,3084.508516240019,3084.508516240019,273.65170823625573,2214.1305828647223,0,False,0.011392454802471218,0.027991918570823886,3.0,0.0,9,25.0,75.0,mpc / perfect forecast
0.020689655172413793,1913.0670644421182,3522.723954135678,3522.723954135678,230.32803424329907,2003.17942867415,0,True,0.012274704060275844,0.033214374877581186,3.0,0.0,9,25.0,75.0,mpc / perfect forecast
0.013793103448275862,1677.1213001071885,3320.7345917506454,3320.7345917506454,87.32304169295166,2236.9674271762296,0,False,0.013055419562371391,0.03286110957654495,3.0,0.0,9,25.0,75.0,mpc / perfect forecast
0.013793103448275862,979.4611698755677,1579.6482434971551,1579.6482434971551,266.40985034035054,2222.4730459968305,0,False,0.012556306259031728,0.02915371178996235,3.0,0.0,9,25.0,75.0,mpc / perfect forecast
0.013793103448275862,1763.4112514211056,3503.42661092877,3503.42661092877,38.571926321850036,2228.855436492194,0,True,0.012610763221545064,0.034533271798321864,3.0,0.0,9,25.0,75.0,mpc / perfect forecast
0.013793103448275862,1567.258427616076,3028.8179485933774,3028.8179485933774,84.36647455043618,2214.334347598825,0,False,0.012054454787578795,0.03362837064294394,3.0,0.0,9,25.0,80.0,mpc / perfect forecast
0.020689655172413793,1186.815222156255,2234.902722797099,2234.902722797099,289.47613255829157,2214.858972583829,0,False,0.012739951059778284,0.03181172260360128,3.0,0.0,9,25.0,80.0,mpc / perfect forecast
0.020689655172413793,924.1828890183682,1636.9084274420295,1636.9084274420295,72.65452408242976,2219.754234362896,0,False,0.012456339161634054,0.03148150865955113,3.0,0.0,9,25.0,80.0,mpc / perfect forecast
0.020689655172413793,1026.8156752398295,1803.653524254952,1803.653524254952,61.41151051829916,2220.7678961014017,0,False,0.013086474510493318,0.034861215481861794,3.0,0.0,9,25.0,80.0,mpc / perfect forecast
0.013793103448275862,1124.2067262887815,1927.213950552265,1927.213950552265,257.8785938454186,2218.722689689059,0,False,0.012110662476612032,0.03047981073469967,3.0,0.0,9,25.0,80.0,mpc / perfect forecast
0.013793103448275862,1464.8619372457324,2829.836450571336,2829.836450571336,266.0017396458035,1956.7836157522415,0,False,0.013429565389490026,0.030686643363252383,3.0,0.0,9,25.0,80.0,mpc / perfect forecast
0.013793103448275862,2091.497590815129,4026.1615352405993,4026.1615352405993,360.43023495896745,2221.377690003886,0,False,0.012748872848352326,0.03199517640443012,3.0,0.0,9,25.0,85.0,mpc / perfect forecast
0.020689655172413793,2043.3626105901953,4212.618419785984,4212.618419785984,0.0,2216.9976038140976,0,False,0.013208581083454572,0.03396406179820247,3.0,0.0,9,25.0,85.0,mpc / perfect forecast
0.013793103448275862,1835.2937854711038,3512.894333336542,3512.894333336542,137.68997318092698,2192.0516792200447,0,False,0.012633676941279124,0.03614056760154856,3.0,0.0,9,25.0,85.0,mpc / perfect forecast
0.013793103448275862,1701.5233486396285,3302.7587280014236,3302.7587280014236,262.46407154165644,2023.0932458219238,2,False,0.013549776046089299,0.03489149560399416,3.0,0.0,9,25.0,85.0,mpc / perfect forecast
0.020689655172413793,992.7093783676042,1742.1075422685078,1742.1075422685078,415.10741272113165,2100.104584126121,5,False,0.013056174358250591,0.0327419534559654,3.0,0.0,9,25.0,85.0,mpc / perfect forecast
0.013793103448275862,2088.175852166255,4276.222654766477,4276.222654766477,355.73702184059044,2219.767997961394,0,False,0.012783689182182556,0.03465209622601865,3.0,0.0,9,25.0,85.0,mpc / perfect forecast
0.013793103448275862,1740.4080181068762,3386.2018581574043,3386.2018581574043,480.5171028166011,2021.873257612563,2,False,0.012841234999933906,0.03198539299248605,3.0,0.0,9,25.0,90.0,mpc / perfect forecast
0.013793103448275862,1312.8867097253774,2538.5316981507713,2538.5316981507713,222.9146691762559,2206.2395641308653,0,False,0.01271502795927556,0.04369898168759461,3.0,0.0,9,25.0,90.0,mpc / perfect forecast
0.027586206896551724,757.219483556647,1359.6186265349718,1359.6186265349718,608.2220262821343,1991.8074465271068,7,False,0.011983480155589027,0.03334204142638927,3.0,0.0,9,25.0,90.0,mpc / perfect forecast
0.020689655172413793,1602.1538911455852,3177.3415114756394,3177.3415114756394,11.745762061016077,2216.1960847141536,0,False,0.011826578471987217,0.0313149248750613,3.0,0.0,9,25.0,90.0,mpc / perfect forecast
0.020689655172413793,1094.2653409630839,1954.5226881480407,1954.5226881480407,63.53649744814604,2217.944024802385,0,False,0.01308758833829876,0.03775665724349026,3.0,0.0,9,25.0,90.0,mpc / perfect forecast
0.013793103448275862,1935.7340435675928,3700.3322465235956,3700.3322465235956,324.9649448489047,2060.1285141074836,4,False,0.011678899110495786,0.0269866657628066,3.0,0.0,9,25.0,90.0,mpc / perfect forecast
0.013793103448275862,1287.5716156487974,2569.2554941208587,2569.2554941208587,214.08809307029776,2236.5737595895234,0,False,0.012152830709156064,0.024748293391284367,3.0,0.0,9,30.0,70.0,mpc / perfect forecast
0.020689655172413793,785.8117768521257,1501.9509476509963,1501.9509476509963,226.1715884187647,2225.103393634116,0,False,0.011425756163856042,0.03136250895319345,3.0,0.0,9,30.0,70.0,mpc / perfect forecast
0.020689655172413793,1333.7791409243812,2516.247291987746,2516.247291987746,160.59672835806708,2233.048650982713,0,False,0.011496627539363466,0.030487755451898302,3.0,0.0,9,30.0,70.0,mpc / perfect forecast
0.041379310344827586,188.21407424546177,272.194643858717,278.8691492818181,124.78174301257917,2228.933685379388,1,False,0.012805216115304344,0.04438349536812205,3.0,0.0,9,30.0,70.0,mpc / perfect forecast
0.027586206896551724,693.8648650061698,1542.6924395867266,1542.6924395867266,207.46439932557155,2210.793141865471,0,False,0.012163097939138815,0.046305991210612366,3.0,0.0,9,30.0,70.0,mpc / perfect forecast
0.06896551724137931,202.88104078893042,281.95641321728294,281.95641321728294,56.57829313338408,2229.054075372702,0,False,0.011699335182436155,0.03213158747033104,3.0,0.0,9,30.0,70.0,mpc / perfect forecast
0.20689655172413793,84.55498085054431,82.07160721740952,133.23871411563226,325.28018162766,1894.7928114564793,1,False,0.012251016629604981,0.028278031589643447,3.0,0.0,9,30.0,75.0,mpc / perfect forecast
0.07586206896551724,439.43835435524556,1013.7663923089358,1013.7663923089358,85.53879980896842,2211.423563178482,0,False,0.01267359236436066,0.03438819032687325,3.0,0.0,9,30.0,75.0,mpc / perfect forecast
0.020689655172413793,1033.1352732138844,2102.4258496340167,2102.4258496340167,130.14029828925533,2248.9622246925383,0,False,0.012283891078873477,0.0313847941409142,3.0,0.0,9,30.0,75.0,mpc / perfect forecast
0.04827586206896552,323.4495326807315,521.9484304432272,521.9484304432272,421.1507631430627,1807.3808133473012,2,False,0.011793777214017347,0.03097801521290059,3.0,0.0,9,30.0,75.0,mpc / perfect forecast
0.020689655172413793,905.0924107656258,1692.0017784626093,1692.0017784626093,379.9490798492439,2169.954053693706,0,False,0.011898213808714952,0.03069120330603611,3.0,0.0,9,30.0,75.0,mpc / perfect forecast
0.020689655172413793,937.580941557009,1974.8730181579017,1974.8730181579017,218.27407849668353,2037.5292073492021,0,False,0.013630835984721755,0.03033624608018343,3.0,0.0,9,30.0,75.0,mpc / perfect forecast
0.06206896551724138,627.3824665700296,1203.350564742994,1203.350564742994,16.258475500215436,2228.931388452731,0,False,0.012473066994523939,0.03505659446903473,3.0,0.0,9,30.0,80.0,mpc / perfect forecast
0.013793103448275862,1125.5690532768951,2302.5815102329902,2302.5815102329902,360.9666827610643,2237.342770879602,0,False,0.013296447270344094,0.029103664318000825,3.0,0.0,9,30.0,80.0,mpc / perfect forecast
0.020689655172413793,956.9977441728496,1772.6470421867214,1772.6470421867214,108.7170939137704,2235.0821134386165,0,False,0.01302898959494929,0.02772458725708427,3.0,0.0,9,30.0,80.0,mpc / perfect forecast
0.041379310344827586,769.7112474738799,1504.3367444180649,1504.3367444180649,24.737058903054013,2211.8631536328767,0,False,0.012580461516351968,0.02949840826142891,3.0,0.0,9,30.0,80.0,mpc / perfect forecast
0.020689655172413793,864.1131318616447,1785.2500524603454,1785.2500524603454,248.94718166337864,2224.64430312172,0,False,0.01335246007840946,0.03451333736333731,3.0,0.0,9,30.0,80.0,mpc / perfect forecast
0.041379310344827586,197.7421679636951,335.83669994653394,335.83669994653394,365.19918276972567,2204.0126229386465,1,False,0.012878050727492017,0.03488487647231079,3.0,0.0,9,30.0,80.0,mpc / perfect forecast
0.04827586206896552,247.85480423092275,505.2093024609354,505.2093024609354,126.61549980670046,2212.3787553357433,0,False,0.013612835505734347,0.039742070987466155,3.0,0.0,9,30.0,85.0,mpc / perfect forecast
0.027586206896551724,701.626449011363,1428.022500923145,1428.022500923145,20.400980002935228,2230.175541828443,0,False,0.013115319879515417,0.032530342243476104,3.0,0.0,9,30.0,85.0,mpc / perfect forecast
0.041379310344827586,350.86753887590726,707.0802114840611,707.0802114840611,203.85934333450078,2027.2907298300622,0,False,0.012846786359115986,0.033307124024471606,3.0,0.0,9,30.0,85.0,mpc / perfect forecast
0.027586206896551724,793.5142505028556,1576.3268102050633,1576.3268102050633,132.96175228647473,2229.4321280245376,0,False,0.012346626592851392,0.028246205207092614,3.0,0.0,9,30.0,85.0,mpc / perfect forecast
0.020689655172413793,965.5410311147828,2002.4417651986237,2002.4417651986237,60.30312585937666,2189.054663605468,0,False,0.011946117264256175,0.03011579624409887,3.0,0.0,9,30.0,85.0,mpc / perfect forecast
0.020689655172413793,956.4017652985407,1857.2035359121396,1857.2035359121396,284.7113418156441,2234.3454137067392,0,False,0.012713692413144042,0.02892578505561179,3.0,0.0,9,30.0,85.0,mpc / perfect forecast
0.034482758620689655,375.0179860185879,454.77007498426565,491.57307205314135,464.77363981227165,1875.575395458395,2,False,0.012871751710712146,0.033782345291925545,3.0,0.0,9,30.0,90.0,mpc / perfect forecast
0.020689655172413793,801.2533745222981,1258.3014853530292,1258.3014853530292,163.5036905947079,2202.4817129969583,0,False,0.012873211509529263,0.03251217699035124,3.0,0.0,9,30.0,90.0,mpc / perfect forecast
0.020689655172413793,918.3547204265096,1690.8809199127622,1690.8809199127622,360.7304369895071,2141.523808483154,2,False,0.012520066205891843,0.03846316965065355,3.0,0.0,9,30.0,90.0,mpc / perfect forecast
0.06896551724137931,551.8626969990605,1272.086165893545,1272.086165893545,30.938627761368068,2203.4154593675794,0,False,0.013052382263407918,0.043676033148125834,3.0,0.0,9,30.0,90.0,mpc / perfect forecast
0.020689655172413793,911.8330796498059,1675.5774641652736,1675.5774641652736,387.8288627371036,2141.602027739714,2,False,0.012523414864728832,0.04108357137728973,3.0,0.0,9,30.0,90.0,mpc / perfect forecast
0.027586206896551724,1309.4621857385853,2757.095285638318,2757.095285638318,33.505174931258175,2229.5504585651847,0,False,0.012257616862785266,0.03371834252175296,3.0,0.0,9,30.0,90.0,mpc / perfect forecast
0.013793103448275862,2225.1683435787927,3287.587989813383,3287.587989813383,18.66694629552548,2185.576777555165,0,True,0.011912154954981671,0.03047808304578233,3.0,0.0,10,10.0,70.0,hold
0.006896551724137931,2567.9943428830234,3282.710660035347,3282.710660035347,14.586308377436303,2157.8624678263245,0,True,0.012455201430366778,0.03163464878533263,3.0,0.0,10,10.0,70.0,hold
0.013793103448275862,2472.4938088718345,3283.4326713306323,3283.4326713306323,26.509057029882403,2165.1240495349425,0,True,0.012773252106432027,0.034783376956098976,3.0,0.0,10,10.0,70.0,hold
0.013793103448275862,1845.283731278428,3281.7220019284982,3281.7220019284982,20.283165832234506,2185.0675519311094,0,True,0.011795289639295391,0.033673721364418194,3.0,0.0,10,10.0,70.0,hold
0.013793103448275862,2185.0667530179385,3286.823599092073,3286.823599092073,17.240727019354804,2173.8208261201326,0,True,0.012770988843314398,0.03392191040625467,3.0,0.0,10,10.0,70.0,hold
0.013793103448275862,2249.426706038415,3283.8449907813283,3283.8449907813283,14.171561252772795,2172.951092755451,0,True,0.013801605648124214,0.034858444233218155,3.0,0.0,10,10.0,70.0,hold
0.013793103448275862,2353.735220445699,3826.786028665921,3826.786028665921,28.855548755140333,2167.210446961331,0,True,0.012785148323521896,0.037802702425938514,3.0,0.0,10,10.0,75.0,hold
0.013793103448275862,2675.9292793252557,3832.0870834637535,3832.0870834637535,15.768406469239888,2165.1876420689146,0,True,0.013387495833669641,0.03015803901298773,3.0,0.0,10,10.0,75.0,hold
0.013793103448275862,2624.5065845175773,3842.033721662042,3842.033721662042,18.206137347601953,2175.0578994327284,0,True,0.011851263284242962,0.03205286091928621,3.0,0.0,10,10.0,75.0,hold
0.013793103448275862,2264.9252641806665,3851.807542725008,3851.807542725008,16.50028011945664,2184.1331954274433,0,True,0.01326935575808014,0.03126555862197572,3.0,0.0,10,10.0,75.0,hold
0.013793103448275862,2607.2424129560222,3831.4173054436824,3831.4173054436824,17.305919283736433,2168.270646624141,0,True,0.013656296499843134,0.03395925451443997,3.0,0.0,10,10.0,75.0,hold
0.013793103448275862,2267.280863727597,3830.237092732639,3830.237092732639,12.67053618806454,2184.478878715202,0,True,0.012964566341214243,0.032903594909500476,3.0,0.0,10,10.0,75.0,hold
0.013793103448275862,2693.2635429111956,4375.0356070347725,4375.0356070347725,7.889053867686246,2182.9823370265203,0,True,0.011564208106957284,0.03980975556596457,3.0,0.0,10,10.0,80.0,hold
0.013793103448275862,2975.518796643092,4414.982072941227,4414.982072941227,20.8569041181127,2167.917241242892,0,True,0.012274072752329728,0.03693038902954086,3.0,0.0,10,10.0,80.0,hold
0.013793103448275862,2812.8059435282535,4375.2610052747095,4375.2610052747095,10.195631430050309,2179.537697016235,0,True,0.012463340873360967,0.02924352971137251,3.0,0.0,10,10.0,80.0,hold
0.013793103448275862,3137.252022046488,4388.751913199256,4388.751913199256,27.976973234826875,2155.991504305069,0,True,0.013417463983432413,0.0344243431209743,3.0,0.0,10,10.0,80.0,hold
0.013793103448275862,1941.733386678791,3885.6191671376696,3885.6191671376696,19.64028617926801,2197.112835615244,0,False,0.012914310654560092,0.034969732596808294,3.0,0.0,10,10.0,80.0,hold
0.013793103448275862,3117.7801363533886,4377.749927329737,4377.749927329737,18.643378278731248,2168.288878674233,0,True,0.011999112510742581,0.03309820916159739,3.0,0.0,10,10.0,80.0,hold
0.013793103448275862,3125.557940366811,4924.794029058997,4924.794029058997,16.98437543037725,2159.299539397818,0,True,0.012112493725024735,0.03292834724693464,3.0,0.0,10,10.0,85.0,hold
0.020689655172413793,1968.0175131808746,4167.1221097617345,4167.1221097617345,24.096101147229128,2178.081570499161,0,False,0.012490928120927927,0.03745209197220484,3.0,0.0,10,10.0,85.0,hold
0.013793103448275862,2859.686762683889,4943.593311298128,4943.593311298128,19.97414096055549,2170.322485527456,0,True,0.012266341171470237,0.03055136109472089,3.0,0.0,10,10.0,85.0,hold
0.013793103448275862,3026.5304174239827,4939.902151084755,4939.902151084755,23.543382809210545,2163.6524532465414,0,True,0.012867592034250853,0.0374326516569847,3.0,0.0,10,10.0,85.0,hold
0.013793103448275862,2657.9376654394987,4922.340875013275,4922.340875013275,17.83782264752747,2176.4457071547163,0,True,0.012409578018735545,0.03612899680114719,3.0,0.0,10,10.0,85.0,hold
0.013793103448275862,2154.369445235198,4333.7052894166,4333.7052894166,22.028740352877,2183.905061992701,0,False,0.012583703178466419,0.031449622084332954,3.0,0.0,10,10.0,85.0,hold
0.013793103448275862,3140.256053433002,5472.376184678001,5472.376184678001,17.941824221267954,2172.301395653298,0,True,0.012072143824809823,0.031103603839931087,3.0,0.0,10,10.0,90.0,hold
0.006896551724137931,3862.9959057328756,5487.220686838168,5487.220686838168,6.949714956086803,2152.6534901147375,0,True,0.012348825033925198,0.030930887830917096,3.0,0.0,10,10.0,90.0,hold
0.013793103448275862,1985.9375891166594,3852.518490425137,3852.518490425137,19.770322938547068,2179.529457236041,0,False,0.01184623015973973,0.03141322436924279,3.0,0.0,10,10.0,90.0,hold
0.006896551724137931,3470.6057364845265,5468.938691147033,5468.938691147033,21.61930801345021,2163.86682590424,0,True,0.011589109017946249,0.030481780242595482,3.0,0.0,10,10.0,90.0,hold
0.013793103448275862,2491.449114762498,4812.402023053404,4812.402023053404,21.015653705060537,2183.707076449953,0,False,0.012087856731560617,0.03312905978349396,3.0,0.0,10,10.0,90.0,hold
0.013793103448275862,3093.1047466638897,5500.382695490333,5500.382695490333,18.619616497465433,2172.2000724095114,0,True,0.011874236575557603,0.02976939552879647,3.0,0.0,10,10.0,90.0,hold
0.006896551724137931,2539.057128563967,3221.085305946345,3221.085305946345,17.087373811972473,2165.015786083732,0,True,0.011726567967329527,0.03633468988673714,3.0,0.0,10,15.0,70.0,hold
0.013793103448275862,2271.5938817011447,3212.5255196371663,3212.5255196371663,17.927875114427515,2159.0860428191954,0,True,0.012744495244596882,0.0390685583675269,3.0,0.0,10,15.0,70.0,hold
0.013793103448275862,2074.354320403042,3223.9675440236433,3223.9675440236433,15.29250013016091,2166.468243518428,0,True,0.012906699294706626,0.036463052499266874,3.0,0.0,10,15.0,70.0,hold
0.013793103448275862,1857.5150619793374,3218.3607479289767,3218.3607479289767,20.462714872199278,2177.3311369772537,0,True,0.012454609856857625,0.03167377311722383,3.0,0.0,10,15.0,70.0,hold
0.013793103448275862,2054.2394400216635,3215.287106603454,3215.287106603454,18.236398017204905,2169.1503329663337,0,True,0.01181172333682511,0.03033359743698904,3.0,0.0,10,15.0,70.0,hold
0.013793103448275862,2115.160268382321,3222.756574303349,3222.756574303349,13.289764842704217,2177.7099339397123,0,True,0.012595718343742061,0.032571687063583786,3.0,0.0,10,15.0,70.0,hold
0.027586206896551724,1489.4769945897986,3241.1896158611203,3241.1896158611203,22.49155186629899,2171.03185242363,0,False,0.012261589516125633,0.032419305213852015,3.0,0.0,10,15.0,75.0,hold
0.013793103448275862,2511.6215232250015,3745.2104095052805,3745.2104095052805,16.60289634683148,2156.610395672017,0,True,0.01360384839580934,0.040916655989863986,3.0,0.0,10,15.0,75.0,hold
0.013793103448275862,1786.8842423557435,3491.299598585873,3491.299598585873,22.829891450158893,2177.0046052495936,0,False,0.012670503472274074,0.02925809014543501,3.0,0.0,10,15.0,75.0,hold
0.013793103448275862,2401.4958583834496,3767.105523574038,3767.105523574038,23.465294431097508,2165.8708848787182,0,True,0.012293748648474557,0.02979166239124064,3.0,0.0,10,15.0,75.0,hold
0.013793103448275862,2321.618644144041,3766.3667718084284,3766.3667718084284,14.812526129350461,2169.5581322440803,0,True,0.012249259103023612,0.03697167138051364,3.0,0.0,10,15.0,75.0,hold
0.013793103448275862,2201.508015767843,3752.665296890571,3752.665296890571,17.94923759419313,2172.686945129098,0,True,0.011521454487326072,0.03830323050456001,3.0,0.0,10,15.0,75.0,hold
0.013793103448275862,2049.397441250762,3929.5486560298186,3929.5486560298186,16.322575813375252,2176.0133010622867,0,False,0.01296450627341372,0.03650330009530235,3.0,0.0,10,15.0,80.0,hold
0.020689655172413793,1689.4953269609346,3422.6537917785618,3422.6537917785618,17.801819324149374,2171.761375940495,0,False,0.012152286380992574,0.03614570458896033,3.0,0.0,10,15.0,80.0,hold
0.013793103448275862,2199.7204939814674,4275.6269751314185,4275.6269751314185,19.965694852400794,2154.911750060096,0,True,0.012575471183918519,0.031029695402520013,3.0,0.0,10,15.0,80.0,hold
0.013793103448275862,2281.774723700366,4305.438189805358,4305.438189805358,20.91499488262606,2179.4981088531604,0,True,0.012402795040216767,0.031163462317679965,3.0,0.0,10,15.0,80.0,hold
0.013793103448275862,2307.537447475069,4310.880344404645,4310.880344404645,22.654634200766367,2177.8764640379873,0,True,0.01207246936279779,0.04080299690652686,3.0,0.0,10,15.0,80.0,hold
0.013793103448275862,2733.800208710398,4304.25929853208,4304.25929853208,24.531259838040004,2162.7824571989727,0,True,0.013830255034286828,0.03229038491601269,3.0,0.0,10,15.0,80.0,hold
0.013793103448275862,2069.3835787730554,3991.1214171976735,3991.1214171976735,26.038651259072044,2182.2950219967734,0,False,0.012713011831852155,0.0380664766023874,3.0,0.0,10,15.0,85.0,hold
0.013793103448275862,2752.515950131904,4825.037095112891,4825.037095112891,21.85126581246086,2173.5983144871184,0,True,0.011760650760873287,0.0326555472596344,3.0,0.0,10,15.0,85.0,hold
0.013793103448275862,3128.063248141703,4817.067902393969,4817.067902393969,27.906160622950548,2163.132370471903,0,True,0.012699326412679495,0.03415586695385648,3.0,0.0,10,15.0,85.0,hold
0.020689655172413793,1570.5425135342248,3335.988635747936,3335.988635747936,20.682947399250374,2174.500208540023,0,False,0.012428225233661687,0.03193317517728255,3.0,0.0,10,15.0,85.0,hold
0.013793103448275862,1782.967540908619,3708.5908226190786,3708.5908226190786,13.413945481983852,2185.7615830446393,0,False,0.011684743775635158,0.033671620287324726,3.0,0.0,10,15.0,85.0,hold
0.013793103448275862,2849.0258435573774,4838.687991749075,4838.687991749075,31.717509059237546,2173.512952095312,0,True,0.011866623617734605,0.03290004133828473,3.0,0.0,10,15.0,85.0,hold
0.013793103448275862,2986.65911081836,5344.4669179654065,5344.4669179654065,20.71248040953061,2163.0557877463866,0,True,0.013686909221265416,0.03890986441404903,3.0,0.0,10,15.0,90.0,hold
0.013793103448275862,3304.496137898713,5357.212330744721,5357.212330744721,20.152638376577933,2147.596187468963,0,True,0.01365729559566137,0.03591416565184169,3.0,0.0,10,15.0,90.0,hold
0.013793103448275862,2733.5953998715554,5356.563147740413,5356.563147740413,21.000199456206197,2161.4730172368777,0,True,0.012286536668654681,0.03313035561713382,3.0,0.0,10,15.0,90.0,hold
0.006896551724137931,3331.90596432877,5339.396835355144,5339.396835355144,25.346967931868523,2145.705908073805,0,True,0.01339219555228259,0.03273595816591358,3.0,0.0,10,15.0,90.0,hold
0.013793103448275862,3203.3723550250797,5348.781839314773,5348.781839314773,23.990992509921114,2160.1016309039996,0,True,0.012261645956424545,0.03267493017825171,3.0,0.0,10,15.0,90.0,hold
0.013793103448275862,1950.3599483040289,3997.7071261664328,3997.7071261664328,14.525562544986037,2183.5295610801045,0,False,0.012894685519077579,0.03532208250403852,3.0,0.0,10,15.0,90.0,hold
0.013793103448275862,1964.4107227606085,3130.3619055081317,3130.3619055081317,17.532709961925686,2179.05548608678,0,True,0.011371148102807527,0.026957432069602515,3.0,0.0,10,20.0,70.0,hold
0.020689655172413793,881.3896620143039,1630.770493714959,1630.770493714959,14.342396266670434,2171.896701567338,0,False,0.012244506955355167,0.031212304621018018,3.0,0.0,10,20.0,70.0,hold
0.027586206896551724,908.2941709874829,1733.626646862882,1733.626646862882,9.069119802948975,2172.5228357429455,0,False,0.012737114071923846,0.029090417061303848,3.0,0.0,10,20.0,70.0,hold
0.020689655172413793,1762.2453814939242,3138.858370461733,3138.858370461733,22.974208241383494,2169.203739477588,0,True,0.012421919246344183,0.032514701738832565,3.0,0.0,10,20.0,70.0,hold
0.027586206896551724,1080.7513798888945,2320.3549393758963,2320.3549393758963,20.00925236067974,2166.6140800792377,0,False,0.01284643886397901,0.03477213120296158,3.0,0.0,10,20.0,70.0,hold
0.013793103448275862,2061.744250648928,3138.685132419435,3138.685132419435,19.31638319396532,2144.7567233532855,0,True,0.012595826810576256,0.03749808959265454,3.0,0.0,10,20.0,70.0,hold
0.013793103448275862,1961.2790692519377,3641.9068152006334,3641.9068152006334,17.82170850867694,2180.949377089188,0,True,0.011048105490114351,0.02801437000354555,3.0,0.0,10,20.0,75.0,hold
0.013793103448275862,2426.9197152197785,3639.270060474144,3639.270060474144,20.037229838737552,2168.382335294246,0,True,0.012596032946975476,0.036040714789524024,3.0,0.0,10,20.0,75.0,hold
0.013793103448275862,2182.7798345208334,3654.610137571275,3654.610137571275,29.42675633966334,2176.899705959405,0,True,0.013007059661033474,0.035182183264701405,3.0,0.0,10,20.0,75.0,hold
0.020689655172413793,1367.929210300572,2698.8087886267213,2698.8087886267213,13.23546008563574,2173.6508063788124,0,False,0.012391289060003797,0.03452487640440443,3.0,0.0,10,20.0,75.0,hold
0.013793103448275862,2217.2047147275775,3650.0698902234694,3650.0698902234694,19.05473815671075,2158.635165128843,0,True,0.013520893680076066,0.0315576092461498,3.0,0.0,10,20.0,75.0,hold
0.013793103448275862,2121.340922361255,3642.243398392376,3642.243398392376,17.719968015358,2173.395227585862,0,True,0.012956337203240511,0.031523593536840054,3.0,0.0,10,20.0,75.0,hold
0.013793103448275862,2427.053896063425,4180.67645467519,4180.67645467519,19.221398295973007,2153.2485929236077,0,True,0.012989072512151076,0.03506320619831867,3.0,0.0,10,20.0,80.0,hold
0.013793103448275862,2387.5931795903443,4180.158256795671,4180.158256795671,25.173721308896113,2173.3265710342175,0,True,0.012662146915496802,0.031217670412944862,3.0,0.0,10,20.0,80.0,hold
0.013793103448275862,2363.0950754925398,4177.370583771023,4177.370583771023,21.078569108607553,2159.876874708565,0,True,0.012430712099048355,0.03334859603967158,3.0,0.0,10,20.0,80.0,hold
0.013793103448275862,2448.480700999664,4163.127233698824,4163.127233698824,14.15028974871383,2159.0126436810087,0,True,0.012346138200992295,0.030961781639522144,3.0,0.0,10,20.0,80.0,hold
0.013793103448275862,2587.187594763937,4165.23641684467,4165.23641684467,25.192605037159353,2166.747670937768,0,True,0.01300687748045735,0.031071514866423254,3.0,0.0,10,20.0,80.0,hold
0.013793103448275862,1999.8046039078702,3923.526188032207,3923.526188032207,23.95829253978519,2167.021772291062,0,False,0.012112349150024617,0.034841212305553204,3.0,0.0,10,20.0,80.0,hold
0.013793103448275862,1679.979355801377,3148.4915779665444,3148.4915779665444,20.310519099131852,2189.610557363416,0,False,0.013285100787080917,0.03272899212760463,3.0,0.0,10,20.0,85.0,hold
0.020689655172413793,1228.4539548162775,2436.7421575930166,2436.7421575930166,13.827317421389692,2181.355770649734,0,False,0.01354507508148279,0.03450687316389917,3.0,0.0,10,20.0,85.0,hold
0.013793103448275862,2740.898234468376,4740.8105338118585,4740.8105338118585,18.92798693352485,2171.017841095119,0,True,0.01194946485233919,0.0357856342779992,3.0,0.0,10,20.0,85.0,hold
0.020689655172413793,1257.8563478581925,2265.9646291232525,2265.9646291232525,15.052103102798279,2169.816783357069,0,False,0.012359800511055636,0.03456398344742171,3.0,0.0,10,20.0,85.0,hold
0.06206896551724138,365.0252005614722,667.5951816841994,667.5951816841994,15.96137928550487,2177.064023752709,0,False,0.01238075055103482,0.033833889347468206,3.0,0.0,10,20.0,85.0,hold
0.027586206896551724,1123.9974855599937,2213.846625637678,2213.846625637678,19.364670986460855,2165.9428684654395,0,False,0.013668037752237709,0.036759760917122866,3.0,0.0,10,20.0,85.0,hold
0.013793103448275862,1844.848945685615,3641.3668381685893,3641.3668381685893,19.239313497750906,2171.9122260008107,0,False,0.013448648475219045,0.030929159652616698,3.0,0.0,10,20.0,90.0,hold
0.013793103448275862,2715.980801720624,5198.744048509931,5198.744048509931,23.14394113622449,2169.395332126139,0,True,0.011776466650376146,0.027954445001876046,3.0,0.0,10,20.0,90.0,hold
0.013793103448275862,2652.3697967003013,5026.533706619846,5026.533706619846,17.3833709294863,2156.4483118925014,0,False,0.013142577345244561,0.0345600073931037,3.0,0.0,10,20.0,90.0,hold
0.013793103448275862,2084.2134430562414,4061.4511193463627,4061.4511193463627,23.432730944260552,2173.139210877643,0,False,0.013081134246465455,0.037059050125690794,3.0,0.0,10,20.0,90.0,hold
0.013793103448275862,2839.9554441389523,5227.846790720499,5227.846790720499,24.74802709797,2151.7628918499277,0,True,0.011544090611998143,0.02825121340103296,3.0,0.0,10,20.0,90.0,hold
0.020689655172413793,1485.9365526276126,2924.581029996647,2924.581029996647,12.280946969321915,2179.8020255357515,0,False,0.012634250752673533,0.0355248805586074,3.0,0.0,10,20.0,90.0,hold
0.027586206896551724,704.1816501242347,1236.338288221234,1236.338288221234,7.339604415551543,2179.2715031402436,0,False,0.011576849676721986,0.028865290254229944,3.0,0.0,10,25.0,70.0,hold
0.06896551724137931,210.24515878560655,351.95956380048324,351.95956380048324,11.63766244447981,2175.207863483098,0,False,0.012823048561778624,0.0304826167674708,3.0,0.0,10,25.0,70.0,hold
0.027586206896551724,1255.263359614668,2824.5980066943466,2824.5980066943466,28.469723238868188,2177.4754789343338,0,False,0.013149571330116589,0.030623829714586,3.0,0.0,10,25.0,70.0,hold
0.027586206896551724,1211.6183578402624,2338.4890124976605,2338.4890124976605,13.491695807190471,2181.389932381498,0,False,0.012013870282901823,0.03291988204916619,3.0,0.0,10,25.0,70.0,hold
0.034482758620689655,1093.2180748104774,2506.6064425366726,2506.6064425366726,12.896956047092464,2184.614741284416,0,False,0.013617648837223372,0.03777136003026281,3.0,0.0,10,25.0,70.0,hold
0.034482758620689655,422.6246802436259,494.1873100253869,586.5552777601135,7.372813073947946,2173.5256482024215,0,False,0.012511477744695701,0.033239188668805444,3.0,0.0,10,25.0,70.0,hold
0.06206896551724138,299.27965268599223,552.0211223794266,552.0211223794266,13.148142575426233,2175.429887903635,0,False,0.01332449066072259,0.03290553192845511,3.0,0.0,10,25.0,75.0,hold
0.034482758620689655,568.3434148099318,1010.3243432164096,1010.3243432164096,17.21551459676322,2177.5198358440666,0,False,0.011392454797749954,0.02799191795650437,3.0,0.0,10,25.0,75.0,hold
0.020689655172413793,1384.3656256783142,2552.758103237577,2552.758103237577,17.504906734128387,2180.0653756194665,0,False,0.012274704047695617,0.03321437448879448,3.0,0.0,10,25.0,75.0,hold
0.04827586206896552,781.2602915676111,1628.9555303517548,1628.9555303517548,16.244318817392514,2166.6949881927158,0,False,0.013055419550558353,0.032861109666395855,3.0,0.0,10,25.0,75.0,hold
0.034482758620689655,866.2798503365998,2017.456845864947,2017.456845864947,9.025224380817017,2174.4413396867953,0,False,0.012556306259024251,0.02915371171956239,3.0,0.0,10,25.0,75.0,hold
0.05517241379310345,637.6588816971831,1199.6177001933238,1199.6177001933238,10.43964857689716,2171.7824676705213,0,False,0.012610763222991202,0.034533271412208,3.0,0.0,10,25.0,75.0,hold
0.013793103448275862,1144.5021499655868,1923.5736462702403,1923.5736462702403,19.501609554055708,2180.801505786587,0,False,0.012054454795139169,0.033628368414244686,3.0,0.0,10,25.0,80.0,hold
0.034482758620689655,1107.303321931649,2261.7011688325415,2261.7011688325415,10.689393541553068,2166.23797225361,0,False,0.012739951109386766,0.03181172366229727,3.0,0.0,10,25.0,80.0,hold
0.11724137931034483,300.55590277757153,769.6767651546774,769.6767651546774,9.451215467676693,2179.1438341562366,0,False,0.012456339176667821,0.03148150948519565,3.0,0.0,10,25.0,80.0,hold
0.04827586206896552,211.920652230529,176.53660827139447,306.60690535822994,14.757524475296279,2172.931830400038,0,False,0.013086474506327569,0.03486121514081278,3.0,0.0,10,25.0,80.0,hold
0.013793103448275862,1654.1582192128853,3030.20080512852,3030.20080512852,13.066950925679212,2181.1199952828983,0,False,0.012110662478181424,0.030479810815729008,3.0,0.0,10,25.0,80.0,hold
0.013793103448275862,1785.3582352857416,3523.4688390034116,3523.4688390034116,12.900732511477853,2179.5475977284314,0,False,0.013429565393429158,0.03068664336896468,3.0,0.0,10,25.0,80.0,hold
0.020689655172413793,1231.1021823648102,2593.5610878379853,2593.5610878379853,18.449902318979092,2161.772028199227,0,False,0.01274887283327755,0.0319951756088837,3.0,0.0,10,25.0,85.0,hold
0.04827586206896552,595.3167778385318,978.4020129914447,984.1846364586302,8.85711600718606,2172.662371199986,0,False,0.01320858105673774,0.033964062193978725,3.0,0.0,10,25.0,85.0,hold
0.041379310344827586,818.8195170237026,1827.2421199342448,1827.2421199342448,7.025844702754322,2175.6896257400635,0,False,0.01263367693678992,0.036140567417494725,3.0,0.0,10,25.0,85.0,hold
0.013793103448275862,1249.7200911441655,2056.9730801754713,2056.9730801754713,12.268890455282891,2182.0145835344856,0,False,0.013549776097491702,0.03489149768023826,3.0,0.0,10,25.0,85.0,hold
0.27586206896551724,148.94925271009808,286.9135857088369,292.8081066809544,8.175645870941567,2170.8320198294496,0,False,0.013056174350829137,0.03274195544259569,3.0,0.0,10,25.0,85.0,hold
0.027586206896551724,882.9491607585621,1666.327331546928,1666.327331546928,17.005171928968544,2174.0861139997796,0,False,0.012783689171945556,0.03465209833460137,3.0,0.0,10,25.0,85.0,hold
0.04827586206896552,220.80567437875507,507.20533739042287,507.20533739042287,8.082329937788945,2174.1052224783443,0,False,0.012841234996861675,0.031985391598102896,3.0,0.0,10,25.0,90.0,hold
0.034482758620689655,1012.4289543693193,2066.6344960289825,2066.6344960289825,9.037239855259743,2183.492724315613,0,False,0.012715027957530448,0.04369898130973658,3.0,0.0,10,25.0,90.0,hold
0.06206896551724138,836.4287980321833,2061.981529742524,2061.981529742524,14.595208414786242,2175.464985809205,0,False,0.011983480138115229,0.03334204142638927,3.0,0.0,10,25.0,90.0,hold
0.020689655172413793,1674.8994250862618,3176.745890296333,3176.745890296333,15.385900276068746,2174.4686275836416,0,False,0.011826578469788197,0.031314925183136146,3.0,0.0,10,25.0,90.0,hold
0.027586206896551724,452.61320511307355,694.8242387156,694.8242387156,11.944084424913845,2183.37115989295,0,False,0.013087588337101204,0.037756656990884714,3.0,0.0,10,25.0,90.0,hold
0.06206896551724138,570.5447344631673,949.1524418121941,949.1524418121941,11.356022036936446,2174.678951525834,0,False,0.011678899111980277,0.026986665761472087,3.0,0.0,10,25.0,90.0,hold
0.05517241379310345,97.01018789281996,174.63352168427784,174.63352168427784,23.707465983408383,2182.83577280243,0,False,0.012152830716152233,0.024748293801106606,3.0,0.0,10,30.0,70.0,hold
0.034482758620689655,1234.6389932278498,2468.2998446855954,2468.2998446855954,8.739056116283825,2194.147834137181,0,False,0.011425756166708868,0.031362508650546975,3.0,0.0,10,30.0,70.0,hold
0.041379310344827586,567.8055682161755,1165.992459565563,1165.992459565563,14.857921787225887,2180.6080535054016,0,False,0.011496627548135165,0.0304877555475076,3.0,0.0,10,30.0,70.0,hold
0.06206896551724138,603.2081271668845,1533.2845587545758,1533.2845587545758,8.737378953591271,2175.8967464995217,0,False,0.012805216097934224,0.04438349309569619,3.0,0.0,10,30.0,70.0,hold
0.04827586206896552,598.4073056846839,1396.7871992456762,1396.7871992456762,17.85203219688894,2186.7322470501736,0,False,0.012163097957651754,0.04630598970401691,3.0,0.0,10,30.0,70.0,hold
0.22758620689655173,71.22078538038632,204.913155200151,204.913155200151,10.377966028364812,2167.312515167973,0,False,0.011699335186991962,0.03213158719362855,3.0,0.0,10,30.0,70.0,hold
0.06206896551724138,277.64056543689276,455.3725226371843,455.3725226371843,13.592557378251952,2195.36792251447,0,False,0.012251016623754182,0.028278031469523807,3.0,0.0,10,30.0,75.0,hold
0.06896551724137931,591.6577907590042,1236.0331806193092,1236.0331806193092,4.144714431842965,2163.552958888779,0,False,0.012673592380626979,0.03438819056855134,3.0,0.0,10,30.0,75.0,hold
0.10344827586206896,126.53079325605995,158.2835096415026,178.0279921819164,11.040913414609305,2203.2638686951304,0,False,0.012283891073158979,0.031384794136307965,3.0,0.0,10,30.0,75.0,hold
0.027586206896551724,1186.7590472117529,2766.3868939188237,2766.3868939188237,5.452573229378466,2178.2735096470283,0,False,0.011793777211576251,0.030978014950905786,3.0,0.0,10,30.0,75.0,hold
0.027586206896551724,961.6388895572151,1896.4434432313758,1896.4434432313758,10.090747781977953,2175.9642025133708,0,False,0.01189821380999886,0.030691203123058154,3.0,0.0,10,30.0,75.0,hold
0.3103448275862069,183.67149041109298,631.0765809164284,631.0765809164284,12.124689428235984,2168.612778934961,0,False,0.013630835983644143,0.030336245886830433,3.0,0.0,10,30.0,75.0,hold
0.07586206896551724,610.2686689492937,1620.892179765727,1620.892179765727,9.833126054516343,2189.143116441205,0,False,0.012473067007926589,0.03505659464271066,3.0,0.0,10,30.0,80.0,hold
0.034482758620689655,1159.6918607119685,2846.8576144526446,2846.8576144526446,9.13115169155676,2180.9591084486087,0,False,0.013296447277631315,0.029103664105502774,3.0,0.0,10,30.0,80.0,hold
0.4068965517241379,267.81323580660427,1001.2447341321867,1001.2447341321867,7.39653837803463,2170.2374550608615,0,False,0.01302898959531216,0.027724587040700657,3.0,0.0,10,30.0,80.0,hold
0.027586206896551724,554.4685344206605,960.9735223933119,960.9735223933119,14.725117742436138,2176.872436054289,0,False,0.012580461522820345,0.029498409056144717,3.0,0.0,10,30.0,80.0,hold
0.041379310344827586,924.6145172093401,2219.5452971497025,2219.5452971497025,16.672275774364604,2187.6735286527264,0,False,0.013352460092168632,0.034513339599377094,3.0,0.0,10,30.0,80.0,hold
0.22758620689655173,222.7692153143232,439.27181645305416,439.27181645305416,10.230997390845136,2189.060540843932,0,False,0.012878050717334347,0.034884876003658694,3.0,0.0,10,30.0,80.0,hold
0.027586206896551724,1319.5979707210097,2900.6360837230445,2900.6360837230445,11.09097634364963,2143.1578199230867,0,False,0.013612835513563171,0.03974207033080656,3.0,0.0,10,30.0,85.0,hold
0.3448275862068966,210.26999317300442,854.7156934460368,854.7156934460368,10.640054863039099,2187.6702956261847,0,False,0.013115319897404045,0.03253034211770169,3.0,0.0,10,30.0,85.0,hold
0.034482758620689655,509.71881812517,1118.481777665846,1118.481777665846,11.578891462602046,2180.370998619771,0,False,0.012846786355665612,0.033307124099718435,3.0,0.0,10,30.0,85.0,hold
0.04827586206896552,651.6972466118937,1674.3372533066347,1674.3372533066347,15.793246173574966,2190.5984508008733,0,False,0.012346626580177426,0.028246205080498563,3.0,0.0,10,30.0,85.0,hold
0.25517241379310346,118.00792714360279,397.75334855478957,397.75334855478957,11.957874254389031,2183.3664094147784,0,False,0.011946117273430893,0.030115796107196967,3.0,0.0,10,30.0,85.0,hold
0.15172413793103448,637.0364206457424,1835.825349173065,1835.825349173065,8.387871297302281,2189.5814615013924,0,False,0.012713692466577201,0.028925785544539586,3.0,0.0,10,30.0,85.0,hold
0.020689655172413793,1761.7511601566493,3763.923694229823,3763.923694229823,8.60310553261216,2182.9527932837173,0,True,0.012871751673133567,0.03378234340888654,3.0,0.0,10,30.0,90.0,hold
0.041379310344827586,698.4037038140982,1385.2505449621426,1385.2505449621426,15.91396943956469,2180.3139653359694,0,False,0.012873211515916185,0.03251217701966759,3.0,0.0,10,30.0,90.0,hold
0.027586206896551724,1579.0603617399938,3763.0423165773122,3763.0423165773122,8.451709916357805,2183.5919458159515,0,True,0.012520066221379803,0.03846316973668836,3.0,0.0,10,30.0,90.0,hold
0.020689655172413793,1770.2642054062158,3766.674823335444,3766.674823335444,18.19189535812199,2172.1197296947007,0,True,0.013052382266255774,0.043676033829673146,3.0,0.0,10,30.0,90.0,hold
0.034482758620689655,421.9359655736161,1030.546702538623,1030.546702538623,10.268256917101283,2196.040860627513,0,False,0.012523414898806968,0.04108357136744457,3.0,0.0,10,30.0,90.0,hold
0.027586206896551724,1618.0777174118457,3763.301459658736,3763.301459658736,9.888662443273958,2182.2689809582484,0,True,0.012257616922037154,0.033718342960530154,3.0,0.0,10,30.0,90.0,hold
0.013793103448275862,1758.746760821332,3288.5915305207045,3288.5915305207045,111.17809487265077,2108.8375851940696,0,True,0.01191215495337504,0.03047808338208899,3.0,0.0,10,10.0,70.0,mpc / perfect forecast
0.006896551724137931,1635.0976099164968,3026.9304988850313,3026.9304988850313,316.2273162064646,2190.67801254601,0,False,0.012455201429023953,0.031634649125382434,3.0,0.0,10,10.0,70.0,mpc / perfect forecast
0.013793103448275862,1736.9707183299495,3299.702442498348,3299.702442498348,230.2257904990566,2191.9628640997366,0,True,0.012773252127232342,0.03478337744314791,3.0,0.0,10,10.0,70.0,mpc / perfect forecast
0.020689655172413793,1717.8325194570273,3281.156501557331,3281.156501557331,31.265376012381093,2190.1018234897324,0,True,0.011795289640314148,0.03367372136267607,3.0,0.0,10,10.0,70.0,mpc / perfect forecast
0.013793103448275862,2074.078859180388,3286.501899208211,3286.501899208211,48.69363077475343,2146.864170238653,0,True,0.012770988844190048,0.03392191040580363,3.0,0.0,10,10.0,70.0,mpc / perfect forecast
0.013793103448275862,1491.036830884881,2894.092591781722,2894.092591781722,128.71233356355313,2187.0254917773386,0,False,0.013801605647112034,0.03485844467644012,3.0,0.0,10,10.0,70.0,mpc / perfect forecast
0.013793103448275862,1723.2471820363962,3185.288701943566,3185.288701943566,247.35779122102355,2179.983458197865,0,False,0.012785148322541844,0.037802702425938514,3.0,0.0,10,10.0,75.0,mpc / perfect forecast
0.013793103448275862,2036.0157836799926,3832.074501127202,3832.074501127202,142.43324348689018,2178.1616660729146,0,True,0.013387495827270722,0.030158038610454074,3.0,0.0,10,10.0,75.0,mpc / perfect forecast
0.013793103448275862,2304.947860187938,3829.026724444845,3829.026724444845,134.6569295825403,2187.597603165694,0,True,0.011851263268103894,0.03205286028719322,3.0,0.0,10,10.0,75.0,mpc / perfect forecast
0.013793103448275862,1632.2115899130222,3258.7244067188826,3258.7244067188826,99.59123591036435,2199.1798775012803,0,False,0.013269355753395232,0.03126555821577352,3.0,0.0,10,10.0,75.0,mpc / perfect forecast
0.013793103448275862,2190.3855725099575,3832.490798654122,3832.490798654122,160.3875040392285,2182.1816877456586,0,True,0.01365629650038847,0.033959254795349565,3.0,0.0,10,10.0,75.0,mpc / perfect forecast
0.013793103448275862,1900.1398404422205,3825.458840383577,3825.458840383577,80.03404803411944,2190.4263137864173,0,True,0.01296456634545966,0.03290359494709692,3.0,0.0,10,10.0,75.0,mpc / perfect forecast
0.013793103448275862,2011.6663839257174,3921.3621124438573,3921.3621124438573,103.41268157647308,2191.6054704457642,0,False,0.011564208106050319,0.03980975556387658,3.0,0.0,10,10.0,80.0,mpc / perfect forecast
0.013793103448275862,1884.456169228403,3605.7186881953867,3605.7186881953867,216.06483469769523,2190.1920204537987,0,False,0.012274072749349992,0.036930389003990094,3.0,0.0,10,10.0,80.0,mpc / perfect forecast
0.013793103448275862,2025.7563084049439,3942.2046115156013,3942.2046115156013,129.148795918599,2191.4122550704433,0,False,0.012463340870573603,0.029243529601007696,3.0,0.0,10,10.0,80.0,mpc / perfect forecast
0.013793103448275862,2133.0282082761887,3780.7557748093755,3780.7557748093755,378.2141146603655,1823.8863853226953,0,False,0.013417463979473777,0.034424343122091375,3.0,0.0,10,10.0,80.0,mpc / perfect forecast
0.020689655172413793,1756.9543814025942,3514.949171871882,3514.949171871882,29.008786567433962,2200.725731638308,0,False,0.012914310653974545,0.034969732595396145,3.0,0.0,10,10.0,80.0,mpc / perfect forecast
0.013793103448275862,1723.2269542671306,3484.2978162790696,3484.2978162790696,264.00311737961425,2206.563715431631,0,False,0.011999112524842249,0.033098211297923,3.0,0.0,10,10.0,80.0,mpc / perfect forecast
0.013793103448275862,1937.960399633555,4083.0735004446356,4083.0735004446356,174.73597731243456,2038.8797587067886,0,False,0.012112493731140922,0.032928347170918734,3.0,0.0,10,10.0,85.0,mpc / perfect forecast
0.020689655172413793,1860.841702514532,4005.5234285799693,4005.5234285799693,21.630883805246384,2179.591081903558,0,False,0.012490928121059954,0.03745209198445518,3.0,0.0,10,10.0,85.0,mpc / perfect forecast
0.013793103448275862,2217.916553821826,4131.704024700915,4131.704024700915,211.72468516098203,2181.5549330310746,0,False,0.012266341176094068,0.0305513605809781,3.0,0.0,10,10.0,85.0,mpc / perfect forecast
0.013793103448275862,2229.0692920840884,4258.6052264792,4258.6052264792,287.4182776079083,1916.634755248651,0,False,0.01286759203718027,0.03743265170704194,3.0,0.0,10,10.0,85.0,mpc / perfect forecast
0.013793103448275862,1787.8907770097255,3444.8324367786704,3444.8324367786704,160.70801963041944,2188.726937239317,0,False,0.012409578029278171,0.0361289968497962,3.0,0.0,10,10.0,85.0,mpc / perfect forecast
0.013793103448275862,1584.313494225388,3119.2355027844746,3119.2355027844746,77.09141025140806,2192.0495522999395,0,False,0.01258370317869401,0.03144962207657194,3.0,0.0,10,10.0,85.0,mpc / perfect forecast
0.013793103448275862,2184.252129429121,4529.290176207325,4529.290176207325,200.19882944757714,2026.6217796676044,0,False,0.012072143822573492,0.03110360397757425,3.0,0.0,10,10.0,90.0,mpc / perfect forecast
0.006896551724137931,1947.8981596438466,3514.6162283590534,3514.6162283590534,420.02245215076533,1810.448661611778,0,False,0.012348825057011561,0.03093088784889977,3.0,0.0,10,10.0,90.0,mpc / perfect forecast
0.013793103448275862,1695.31600929014,3222.6093625391118,3222.6093625391118,88.50035496689222,2182.22941911792,0,False,0.011846230161459697,0.03141322434514904,3.0,0.0,10,10.0,90.0,mpc / perfect forecast
0.006896551724137931,2039.9125124414306,3971.2310682295633,3971.2310682295633,270.1483817272768,2198.4582758657725,0,False,0.011589109026310353,0.030481780840665447,3.0,0.0,10,10.0,90.0,mpc / perfect forecast
0.013793103448275862,1957.9371147937952,3642.64080382948,3642.64080382948,105.31522326734598,2192.9693421318025,0,False,0.012087856738465026,0.03312905983438027,3.0,0.0,10,10.0,90.0,mpc / perfect forecast
0.013793103448275862,1718.5895803689739,3498.832394017432,3498.832394017432,183.70118033663476,2189.413837177992,0,False,0.011874236571464268,0.029769395374039147,3.0,0.0,10,10.0,90.0,mpc / perfect forecast
0.006896551724137931,2164.3319645291117,3245.415126930355,3245.415126930355,371.92730588993857,2190.8067602067313,0,True,0.011726567968848406,0.036334689885494285,3.0,0.0,10,15.0,70.0,mpc / perfect forecast
0.013793103448275862,1493.2503978967939,2757.9493046898688,2757.9493046898688,370.1555296793018,2178.81616651225,0,False,0.012744495251669112,0.0390685583675269,3.0,0.0,10,15.0,70.0,mpc / perfect forecast
0.013793103448275862,1765.073809458901,3242.752388558338,3242.752388558338,177.7190631567425,2177.2675764337537,0,True,0.012906699306285716,0.036463053168695594,3.0,0.0,10,15.0,70.0,mpc / perfect forecast
0.013793103448275862,1638.774794346847,3217.604580708822,3217.604580708822,56.41260720163856,2182.8094021756647,0,True,0.012454609856502976,0.03167377309000984,3.0,0.0,10,15.0,70.0,mpc / perfect forecast
0.013793103448275862,1691.1046013087528,3211.8917654087677,3211.8917654087677,148.47612984917197,2180.981162589392,0,True,0.011811723333194314,0.03033359742838171,3.0,0.0,10,15.0,70.0,mpc / perfect forecast
0.013793103448275862,2072.6568883494933,3231.1550056612177,3231.1550056612177,92.03582973986508,2180.9143616374677,0,True,0.012595718338303757,0.03257168688642166,3.0,0.0,10,15.0,70.0,mpc / perfect forecast
0.027586206896551724,1448.2034949250392,3169.1016453229336,3169.1016453229336,22.82983415182265,2172.3761890426917,0,False,0.012261589516567434,0.032419305209819886,3.0,0.0,10,15.0,75.0,mpc / perfect forecast
0.013793103448275862,1405.8212782850642,2561.1881021836493,2561.1881021836493,403.3684384395983,2184.698449869442,0,False,0.013603848388492124,0.04091665504890916,3.0,0.0,10,15.0,75.0,mpc / perfect forecast
0.013793103448275862,1755.5480881146768,3422.2368906665906,3422.2368906665906,24.198079556375095,2178.505777607363,0,False,0.012670503472330973,0.029258090137226703,3.0,0.0,10,15.0,75.0,mpc / perfect forecast
0.013793103448275862,1858.5615343355983,3510.2876983407855,3510.2876983407855,236.95307602756856,2182.5701886819957,0,False,0.01229374862680579,0.0297916618431375,3.0,0.0,10,15.0,75.0,mpc / perfect forecast
0.013793103448275862,1799.4644410536084,3386.7104437224157,3386.7104437224157,198.4959588262895,1997.571709970115,0,False,0.012249259122856177,0.03697167158835136,3.0,0.0,10,15.0,75.0,mpc / perfect forecast
0.013793103448275862,1547.8051059043578,3237.0022078811326,3237.0022078811326,120.43523946754438,2080.1028935061286,0,False,0.01152145448565413,0.03830323050454879,3.0,0.0,10,15.0,75.0,mpc / perfect forecast
0.013793103448275862,1829.3806910118153,3510.9668893403923,3510.9668893403923,77.49183763353747,2127.2954650000424,0,False,0.012964506275412338,0.036503300016087745,3.0,0.0,10,15.0,80.0,mpc / perfect forecast
0.020689655172413793,1588.435431585857,3245.4386088256792,3245.4386088256792,30.559284922516298,2165.417073412975,0,False,0.012152286383480114,0.03614570457600572,3.0,0.0,10,15.0,80.0,mpc / perfect forecast
0.013793103448275862,1109.7183528033966,1937.4357603808303,1937.4357603808303,365.96222117302244,1832.2748840126737,0,False,0.012575471184673432,0.03102969539060874,3.0,0.0,10,15.0,80.0,mpc / perfect forecast
0.013793103448275862,2170.6641386825877,4163.669458895662,4163.669458895662,70.10933876395748,2137.5615511520054,0,False,0.012402795042887283,0.0311634623101193,3.0,0.0,10,15.0,80.0,mpc / perfect forecast
0.013793103448275862,2185.513160257083,4124.366736958723,4124.366736958723,76.09534134663622,2182.7506587234793,0,False,0.012072469365081613,0.04080299675472631,3.0,0.0,10,15.0,80.0,mpc / perfect forecast
0.013793103448275862,1773.5755888254678,3480.3711851377548,3480.3711851377548,292.3855604567998,1917.105607051254,0,False,0.013830255028952512,0.03229038485223103,3.0,0.0,10,15.0,80.0,mpc / perfect forecast
0.013793103448275862,2028.2696937195356,3881.8733538014153,3881.8733538014153,32.84827324787658,2184.3049591840577,0,False,0.012713011831886011,0.03806647662043936,3.0,0.0,10,15.0,85.0,mpc / perfect forecast
0.013793103448275862,1893.6300930752066,3764.3786732796407,3764.3786732796407,173.33473999756134,2039.826809105318,0,False,0.011760650756257485,0.03265554690271805,3.0,0.0,10,15.0,85.0,mpc / perfect forecast
0.013793103448275862,1937.3616546185415,3754.243521675785,3754.243521675785,359.891404483827,2191.7116909104852,0,False,0.012699326408535024,0.034155867428395964,3.0,0.0,10,15.0,85.0,mpc / perfect forecast
0.020689655172413793,1187.3832144536193,2551.559399157244,2551.559399157244,73.7315021594243,2181.0189410030966,0,False,0.012428225245484087,0.031933175257363465,3.0,0.0,10,15.0,85.0,mpc / perfect forecast
0.013793103448275862,1773.4013040726447,3692.826055954441,3692.826055954441,9.885145994178398,2186.772596066608,0,False,0.011684743775704479,0.03367162029058564,3.0,0.0,10,15.0,85.0,mpc / perfect forecast
0.013793103448275862,2373.3851822154948,4533.915541180121,4533.915541180121,213.64469471170017,2185.5745549847866,0,False,0.011866623618612081,0.03290004146604747,3.0,0.0,10,15.0,85.0,mpc / perfect forecast
0.013793103448275862,1995.5097771241642,3827.4942432598123,3827.4942432598123,317.62678984446256,2183.426319739025,0,False,0.013686909198540927,0.038909864703231,3.0,0.0,10,15.0,90.0,mpc / perfect forecast
0.013793103448275862,1927.944780951442,3600.0258439283602,3600.0258439283602,369.5899803941064,2178.761655388011,0,False,0.013657295594025303,0.035914165619934754,3.0,0.0,10,15.0,90.0,mpc / perfect forecast
0.013793103448275862,1656.2370132854912,3296.6055066663607,3296.6055066663607,197.45000805668266,2032.6820333254757,0,False,0.012286536670542499,0.03313035552027851,3.0,0.0,10,15.0,90.0,mpc / perfect forecast
0.006896551724137931,1939.095275462365,3661.1804584945985,3661.1804584945985,402.40526021106507,1838.5035469046895,0,False,0.013392195551374086,0.03273595699759079,3.0,0.0,10,15.0,90.0,mpc / perfect forecast
0.013793103448275862,2107.9351685341207,4187.345446069555,4187.345446069555,300.96334900295864,2194.064703224835,0,False,0.012261645966532023,0.032674930188296675,3.0,0.0,10,15.0,90.0,mpc / perfect forecast
0.013793103448275862,1772.9050143506272,3645.4067747377835,3645.4067747377835,38.471486821194716,2187.731483667018,0,False,0.012894685517549048,0.035322082336070385,3.0,0.0,10,15.0,90.0,mpc / perfect forecast
0.013793103448275862,1833.3462559151203,3130.566856249885,3130.566856249885,77.7976540395108,2185.8317065061656,0,True,0.011371148103302572,0.02695743211328583,3.0,0.0,10,20.0,70.0,mpc / perfect forecast
0.020689655172413793,703.6857670096159,1217.9275902585675,1217.9275902585675,741.8555236051234,1968.494806147521,6,False,0.012244506963340543,0.031212304703620585,3.0,0.0,10,20.0,70.0,mpc / perfect forecast
0.027586206896551724,670.3524816484796,1161.399485777941,1161.399485777941,617.3658019186041,1968.2574986610027,6,False,0.01273711405517509,0.029090416467011052,3.0,0.0,10,20.0,70.0,mpc / perfect forecast
0.020689655172413793,1565.3608592469013,3161.536933785397,3161.536933785397,280.59428798438364,2090.8096255466226,2,True,0.01242191925772664,0.03251470200235786,3.0,0.0,10,20.0,70.0,mpc / perfect forecast
0.034482758620689655,662.7504029330786,1363.1721636471216,1363.1721636471216,146.30260150407796,2173.4058448257824,1,False,0.012846438861907486,0.03477213120026044,3.0,0.0,10,20.0,70.0,mpc / perfect forecast
0.013793103448275862,1266.6521828807654,2253.0555704189287,2253.0555704189287,418.6434015463186,2172.344096273182,0,False,0.012595826804945384,0.03749808976275354,3.0,0.0,10,20.0,70.0,mpc / perfect forecast
0.013793103448275862,1615.3150535754157,3179.0816944325356,3179.0816944325356,121.78489284380389,2190.010552288262,0,False,0.011048105491449968,0.028014370035655368,3.0,0.0,10,20.0,75.0,mpc / perfect forecast
0.013793103448275862,1770.885549952314,3371.504535524518,3371.504535524518,358.2002114048145,2186.8844782000333,0,False,0.012596032942502713,0.03604071471457294,3.0,0.0,10,20.0,75.0,mpc / perfect forecast
0.013793103448275862,1587.790696350422,3413.165864989941,3413.165864989941,213.10687212207816,1993.7653588356718,0,False,0.01300705967022954,0.03518218330684209,3.0,0.0,10,20.0,75.0,mpc / perfect forecast
0.020689655172413793,1169.8770235861402,2301.949932779053,2301.949932779053,49.80604673893436,2175.6441918562577,0,False,0.01239128906010014,0.03452487639844649,3.0,0.0,10,20.0,75.0,mpc / perfect forecast
0.013793103448275862,1357.7550241206125,2543.7219906720916,2543.7219906720916,308.547665378461,2175.514247567959,0,False,0.013520893682918148,0.03155760961570445,3.0,0.0,10,20.0,75.0,mpc / perfect forecast
0.013793103448275862,1762.7015875161333,3469.6678854926035,3469.6678854926035,183.699007690631,2006.1431434729416,0,False,0.012956337188344552,0.03152359309844529,3.0,0.0,10,20.0,75.0,mpc / perfect forecast
0.013793103448275862,1224.682567733079,2390.1674433797657,2390.1674433797657,250.97449735586713,2173.6340712337865,0,False,0.01298907251366079,0.035063206474623215,3.0,0.0,10,20.0,80.0,mpc / perfect forecast
0.013793103448275862,1887.878942275643,3594.5240997167884,3594.5240997167884,184.8056126395299,2011.6988769677066,0,False,0.012662146913881605,0.031217670565261108,3.0,0.0,10,20.0,80.0,mpc / perfect forecast
0.013793103448275862,1303.400394843012,2483.0518443289,2483.0518443289,259.88937546062937,2175.6811544875122,0,False,0.012430712093308998,0.03334859591152125,3.0,0.0,10,20.0,80.0,mpc / perfect forecast
0.013793103448275862,1170.9921741467406,2177.3171647923027,2177.3171647923027,297.51087145477646,2180.2107620515703,0,False,0.01234613819420244,0.030961782347949576,3.0,0.0,10,20.0,80.0,mpc / perfect forecast
0.013793103448275862,1904.4750142329506,3610.7423654656104,3610.7423654656104,408.0992282881453,2142.8990044940338,0,False,0.013006877479612886,0.03107151492660744,3.0,0.0,10,20.0,80.0,mpc / perfect forecast
0.013793103448275862,1330.0924184174262,2615.4698734855046,2615.4698734855046,246.01394659269766,2177.947351520853,0,False,0.01211234915952932,0.034841212648528,3.0,0.0,10,20.0,80.0,mpc / perfect forecast
0.013793103448275862,1646.5953988572292,3078.071748535737,3078.071748535737,21.198276963114854,2191.7214446541393,0,False,0.013285100787696808,0.03272899217834404,3.0,0.0,10,20.0,85.0,mpc / perfect forecast
0.020689655172413793,1157.2457300413405,2280.1261583163123,2280.1261583163123,29.251302661924868,2182.127429458614,0,False,0.013545075080817535,0.034506873163298646,3.0,0.0,10,20.0,85.0,mpc / perfect forecast
0.013793103448275862,1709.7716634179774,3237.256104207362,3237.256104207362,613.2491733863873,1795.0600378557742,2,False,0.01194946483789863,0.035785635438500496,3.0,0.0,10,20.0,85.0,mpc / perfect forecast
0.020689655172413793,999.1892330454723,1558.0755919782434,1558.0755919782434,237.05581625953545,1969.2078264391535,1,False,0.01235980050683434,0.034563983569839134,3.0,0.0,10,20.0,85.0,mpc / perfect forecast
0.07586206896551724,298.49909493381733,559.3046122902209,559.3046122902209,36.9111769879643,2179.0171404917137,0,False,0.012380750550210434,0.03383388939709069,3.0,0.0,10,20.0,85.0,mpc / perfect forecast
0.027586206896551724,715.9403187727175,1577.4441804809178,1577.4441804809178,281.23381156004405,2175.4376066965433,0,False,0.013668037746782293,0.03675976053325092,3.0,0.0,10,20.0,85.0,mpc / perfect forecast
0.013793103448275862,1615.619632815906,3139.317265800343,3139.317265800343,627.1821222369755,1775.5179832034594,5,False,0.013448648472924587,0.030929159637317134,3.0,0.0,10,20.0,90.0,mpc / perfect forecast
0.013793103448275862,1749.5627862383492,3175.482528064179,3175.482528064179,339.1255937337933,2187.4128809293165,0,False,0.011776466631618738,0.02795444523003285,3.0,0.0,10,20.0,90.0,mpc / perfect forecast
0.013793103448275862,1248.7360099653222,2284.515436893592,2284.515436893592,353.69496485888305,2180.5316909421367,0,False,0.013142577348880783,0.034560007377664674,3.0,0.0,10,20.0,90.0,mpc / perfect forecast
0.013793103448275862,1626.7976751747103,3204.3626415174213,3204.3626415174213,162.5111254350091,2189.403912826114,0,False,0.013081134245147303,0.03705905012713117,3.0,0.0,10,20.0,90.0,mpc / perfect forecast
0.013793103448275862,1316.1954890124573,2267.78254980769,2267.78254980769,410.01136474515175,2178.238070704182,0,False,0.011544090619684217,0.028251214098470635,3.0,0.0,10,20.0,90.0,mpc / perfect forecast
0.020689655172413793,1328.8296010179963,2538.872495743984,2538.872495743984,117.19699140890938,2081.031089657524,1,False,0.01263425075287258,0.03552488086408692,3.0,0.0,10,20.0,90.0,mpc / perfect forecast
0.034482758620689655,278.0335703764363,423.57164938957686,423.57164938957686,202.5652698666735,2185.473948453063,0,False,0.011576849670419798,0.028865290113541366,3.0,0.0,10,25.0,70.0,mpc / perfect forecast
0.06896551724137931,177.1248252148834,275.014058731723,284.78409526269854,19.623455289072545,2176.9058922443783,1,False,0.012823048561317926,0.030482616741199953,3.0,0.0,10,25.0,70.0,mpc / perfect forecast
0.027586206896551724,1225.423035022259,2772.624354611708,2772.624354611708,22.50602903922497,2184.5559920207866,0,False,0.013149571328206563,0.030623829716191275,3.0,0.0,10,25.0,70.0,mpc / perfect forecast
0.027586206896551724,1023.6348626794976,1967.149614497321,1967.149614497321,328.94519066251513,2185.859678737623,2,False,0.01201387028496182,0.03291988204891696,3.0,0.0,10,25.0,70.0,mpc / perfect forecast
0.034482758620689655,1030.642252090797,2437.1399928542373,2437.1399928542373,39.071502071936166,2188.9802779461734,0,False,0.013617648832034817,0.03777135996346997,3.0,0.0,10,25.0,70.0,mpc / perfect forecast
0.034482758620689655,144.18630641008252,58.555251377493036,201.35678834572417,388.45199233905356,2077.1972225723966,2,False,0.012511477743533858,0.03323918878607977,3.0,0.0,10,25.0,70.0,mpc / perfect forecast
0.06896551724137931,142.08619019038508,186.323223015141,245.03803611939344,537.4234463668489,2072.0938629666307,7,False,0.013324490693152127,0.03290553218975626,3.0,0.0,10,25.0,75.0,mpc / perfect forecast
0.034482758620689655,324.4285995491398,606.3812304399363,606.3812304399363,183.9246409210414,2181.565214896323,0,False,0.011392454801362327,0.027991918464363153,3.0,0.0,10,25.0,75.0,mpc / perfect forecast
0.020689655172413793,970.4059326196007,1967.8208437463368,1967.8208437463368,282.0347332649852,1914.466056812624,0,False,0.012274704051651509,0.033214374755366226,3.0,0.0,10,25.0,75.0,mpc / perfect forecast
0.041379310344827586,184.45589878068353,150.2483676751588,269.04086392433294,382.9628321474279,2163.249814188731,1,False,0.013055419558780526,0.03286110959097231,3.0,0.0,10,25.0,75.0,mpc / perfect forecast
0.11724137931034483,85.12551382444286,30.238688915003543,130.42554917495556,289.00306482738176,2169.278542705888,0,False,0.012556306258690164,0.02915371370180714,3.0,0.0,10,25.0,75.0,mpc / perfect forecast
0.06206896551724138,167.175678282022,159.91850828541223,229.38489421568798,363.63167557039935,1982.7620466918838,4,False,0.012610763229887032,0.03453327211252405,3.0,0.0,10,25.0,75.0,mpc / perfect forecast
0.013793103448275862,698.312047550091,1119.6600071413368,1119.6600071413368,400.8094635718472,2193.215478359274,0,False,0.012054454798577564,0.03362836901380968,3.0,0.0,10,25.0,80.0,mpc / perfect forecast
0.05517241379310345,199.27643245670566,284.1816859841642,284.1816859841642,603.7729506686986,2177.0115395773164,2,False,0.012739951069179037,0.031811723073150104,3.0,0.0,10,25.0,80.0,mpc / perfect forecast
0.2620689655172414,68.86006878359272,69.15023046587046,112.84244339145116,411.8906485491712,1972.783621350755,3,False,0.0124563391860841,0.03148150994888345,3.0,0.0,10,25.0,80.0,mpc / perfect forecast
0.04827586206896552,176.18154486690543,133.40324709101947,280.14423032039076,434.04993658856415,1960.3932193858384,7,False,0.013086474508453613,0.03486121519523789,3.0,0.0,10,25.0,80.0,mpc / perfect forecast
0.013793103448275862,837.433397428868,1396.9381757602337,1396.9381757602337,381.2405243305807,1819.9925662576322,0,False,0.012110662476567263,0.030479810827977318,3.0,0.0,10,25.0,80.0,mpc / perfect forecast
0.013793103448275862,1044.2795609449586,2323.130463293968,2323.130463293968,312.19837080299067,2189.980009139058,0,False,0.013429565389005369,0.030686643370834002,3.0,0.0,10,25.0,80.0,mpc / perfect forecast
0.027586206896551724,87.3405564755141,52.29730965920927,110.38095315494787,658.2408684325745,1845.9674292441225,2,False,0.01274887285444424,0.03199517670325886,3.0,0.0,10,25.0,85.0,mpc / perfect forecast
0.04827586206896552,176.20775466048437,213.02103770715468,262.00476323034593,711.6363528054392,1776.0267154559922,3,False,0.013208581046553806,0.03396406236346266,3.0,0.0,10,25.0,85.0,mpc / perfect forecast
0.06206896551724138,289.8742139835636,468.58358965888584,481.26372550772095,685.379210174,2070.0575370926877,5,False,0.012633676940230426,0.0361405679328388,3.0,0.0,10,25.0,85.0,mpc / perfect forecast
0.013793103448275862,843.7987047715528,1151.9584827644312,1206.4150910919527,230.03410239006038,2190.6231911456002,0,False,0.013549776100962752,0.034891497538657786,3.0,0.0,10,25.0,85.0,mpc / perfect forecast
0.3793103448275862,53.26976895723161,17.760245955025255,91.86525018876915,512.4999442935933,2166.4181777215963,4,False,0.013056174350414082,0.03274195444215648,3.0,0.0,10,25.0,85.0,mpc / perfect forecast
0.034482758620689655,228.87764888867568,303.81608891672903,318.569257337361,764.7557587188991,1858.9936634627506,7,False,0.012783689167797228,0.03465209855978502,3.0,0.0,10,25.0,85.0,mpc / perfect forecast
0.041379310344827586,146.00057382165977,333.38688925271447,333.38688925271447,540.2955295225775,1983.5925603447736,6,False,0.012841234997253525,0.03198539193134229,3.0,0.0,10,25.0,90.0,mpc / perfect forecast
0.04827586206896552,817.9008797642928,1822.253193142543,1822.253193142543,217.74989223725763,2112.935059310502,2,False,0.012715027957270955,0.04369898154905767,3.0,0.0,10,25.0,90.0,mpc / perfect forecast
0.06206896551724138,407.2954270661994,758.4172993395478,758.4172993395478,222.70754090578905,2089.7552891710047,4,False,0.01198348017302254,0.03334204142638927,3.0,0.0,10,25.0,90.0,mpc / perfect forecast
0.013793103448275862,1014.9294079325559,1492.8532593696877,1492.8532593696877,394.53565971706547,2158.4721010548933,0,False,0.011826578443382774,0.03131492378201558,3.0,0.0,10,25.0,90.0,mpc / perfect forecast
0.034482758620689655,333.87452562350796,430.1032993138267,473.92941701468203,299.43285213983495,2139.927780383969,3,False,0.013087588341247154,0.03775665710774944,3.0,0.0,10,25.0,90.0,mpc / perfect forecast
0.07586206896551724,345.1006583908155,553.061126932041,559.5243574894848,159.3473116509482,2178.197067789955,0,False,0.011678899111759625,0.026986665757395042,3.0,0.0,10,25.0,90.0,mpc / perfect forecast
0.43448275862068964,86.72276668866445,214.68978850016757,214.68978850016757,510.6142521231257,1891.451602320887,6,False,0.012152830708349745,0.024748293553286498,3.0,0.0,10,30.0,70.0,mpc / perfect forecast
0.08275862068965517,220.85169828367262,439.3549865624612,439.3549865624612,384.6405893653291,2175.8116996643757,0,False,0.011425756162373329,0.03136250834164997,3.0,0.0,10,30.0,70.0,mpc / perfect forecast
0.45517241379310347,130.4797703787424,373.64037843112067,373.64037843112067,300.37372953472124,1977.9225216480459,2,False,0.011496627542251194,0.030487755381413663,3.0,0.0,10,30.0,70.0,mpc / perfect forecast
0.2413793103448276,299.0162468881276,948.9095629371963,948.9095629371963,490.99472690468633,2094.8214578996267,3,False,0.012805216100778227,0.04438349342863093,3.0,0.0,10,30.0,70.0,mpc / perfect forecast
0.593103448275862,66.74915088129097,210.0838569443277,210.0838569443277,353.70273415821,2073.7215110735583,3,False,0.012163097955898918,0.04630599016365384,3.0,0.0,10,30.0,70.0,mpc / perfect forecast
0.9172413793103448,24.416754817610983,97.2470487364286,97.2470487364286,278.7729220565742,2167.9313575538868,2,False,0.011699335187102604,0.03213158720422459,3.0,0.0,10,30.0,70.0,mpc / perfect forecast
0.36551724137931035,67.75991554219529,62.851935322627696,114.01750459557257,120.84964417032057,2201.1744932391844,0,False,0.012251016624896615,0.0282780314498703,3.0,0.0,10,30.0,75.0,mpc / perfect forecast
0.07586206896551724,305.27358045705245,440.89955054192995,508.88657029280233,91.90463973791248,2160.561850601904,0,False,0.012673592393232225,0.03438819078114839,3.0,0.0,10,30.0,75.0,mpc / perfect forecast
0.21379310344827587,99.0147596660912,39.14246261643406,172.1133821821468,546.9679048963151,1803.6439229474345,7,False,0.012283891072757397,0.031384794138181855,3.0,0.0,10,30.0,75.0,mpc / perfect forecast
0.027586206896551724,1074.1205967824149,2269.8139463737166,2269.8139463737166,236.96570520463277,2014.3159335979374,1,False,0.011793777221898913,0.030978015689979557,3.0,0.0,10,30.0,75.0,mpc / perfect forecast
0.027586206896551724,867.0030656932785,1641.5960160281004,1641.5960160281004,204.92633203197477,2173.7127650092093,2,False,0.011898213807332006,0.030691202607008347,3.0,0.0,10,30.0,75.0,mpc / perfect forecast
0.5172413793103449,72.47729956087173,320.9729207617979,320.9729207617979,479.42246046532665,2064.610139993938,5,False,0.013630835987764033,0.030336246332183493,3.0,0.0,10,30.0,75.0,mpc / perfect forecast
0.0896551724137931,310.2158041436969,729.9735614624801,729.9735614624801,788.0398085549826,1993.799607943381,6,False,0.012473066987164431,0.03505659458932307,3.0,0.0,10,30.0,80.0,mpc / perfect forecast
0.041379310344827586,993.9160943564646,2473.790681557791,2473.790681557791,141.30127182415276,2065.6641847417905,1,False,0.013296447279215426,0.02910366415610108,3.0,0.0,10,30.0,80.0,mpc / perfect forecast
0.5172413793103449,207.7693745132483,862.6001054525651,862.6001054525651,112.62846017906571,2065.29894435457,1,False,0.01302898958720763,0.027724587501272824,3.0,0.0,10,30.0,80.0,mpc / perfect forecast
0.041379310344827586,420.77224531931904,760.6161708970673,760.6161708970673,435.57130358387406,1970.4543200856733,3,False,0.012580461519499944,0.02949840901106936,3.0,0.0,10,30.0,80.0,mpc / perfect forecast
0.041379310344827586,405.58292028813855,816.9513439898047,816.9513439898047,597.1262217430573,1791.6356234424509,5,False,0.013352460083712827,0.03451333784633139,3.0,0.0,10,30.0,80.0,mpc / perfect forecast
0.8275862068965517,33.97077369639532,50.91414845342894,73.65436915938763,301.1294479934859,2091.8904543924195,7,False,0.012878050714213055,0.03488487549405485,3.0,0.0,10,30.0,80.0,mpc / perfect forecast
0.041379310344827586,455.2593828284703,950.1834770840888,950.1834770840888,147.89593755996822,2161.1035108418887,1,False,0.013612835522952843,0.039742068008545545,3.0,0.0,10,30.0,85.0,mpc / perfect forecast
0.5724137931034483,134.2575849793436,563.1191068315968,563.1191068315968,711.2028824918447,1944.2292991463266,9,False,0.01311531988793152,0.03253034219979965,3.0,0.0,10,30.0,85.0,mpc / perfect forecast
0.034482758620689655,518.1167188577216,1104.33524660265,1104.33524660265,222.12804111794995,2010.9692974137872,2,False,0.012846786354244345,0.0333071240661807,3.0,0.0,10,30.0,85.0,mpc / perfect forecast
0.08275862068965517,415.21123489643236,1158.4524656727558,1158.4524656727558,309.9983781012896,2059.0788640527326,3,False,0.012346626587706843,0.02824620505128732,3.0,0.0,10,30.0,85.0,mpc / perfect forecast
0.7379310344827587,72.87080589774834,347.97868065933574,347.97868065933574,314.63110514824314,2180.613264840227,4,False,0.011946117269858694,0.03011579616804147,3.0,0.0,10,30.0,85.0,mpc / perfect forecast
0.15172413793103448,502.9797658621754,1191.4129555588804,1191.4129555588804,397.371972696644,2017.2297813736777,6,False,0.012713692427622422,0.028925785269885842,3.0,0.0,10,30.0,85.0,mpc / perfect forecast
0.020689655172413793,1694.8467842302114,3771.85109547957,3771.85109547957,255.80845268541876,1994.653734842937,3,True,0.012871751692852972,0.03378234433187551,3.0,0.0,10,30.0,90.0,mpc / perfect forecast
0.04827586206896552,496.72485150971977,1127.5573244881934,1127.5573244881934,423.64797624366315,1977.959688520743,3,False,0.012873211517740311,0.03251217697391436,3.0,0.0,10,30.0,90.0,mpc / perfect forecast
0.034482758620689655,1257.6372534585523,3305.7774963184315,3305.7774963184315,194.27587777078185,2042.1440000790415,2,False,0.012520066216101605,0.038463169657007655,3.0,0.0,10,30.0,90.0,mpc / perfect forecast
0.020689655172413793,1510.336716707795,3202.9957863081045,3202.9957863081045,585.9704896612418,1843.33837307455,9,False,0.013052382281294357,0.043676034208826355,3.0,0.0,10,30.0,90.0,mpc / perfect forecast
0.041379310344827586,293.6955155897842,614.3909911413728,614.3909911413728,545.1578153911739,2004.1275051680093,9,False,0.012523414891173201,0.04108357136908139,3.0,0.0,10,30.0,90.0,mpc / perfect forecast
0.04827586206896552,913.8777032118485,2628.0891839407923,2628.0891839407923,282.99118832639385,2173.6761272203375,0,False,0.012257616899913398,0.033718342861952286,3.0,0.0,10,30.0,90.0,mpc / perfect forecast
0.013793103448275862,2080.869189186832,3284.415366397343,3284.415366397343,13.963073296589059,2165.3131342089973,0,True,0.011912154957484582,0.03047808280306808,3.0,0.0,11,10.0,70.0,hold
0.013793103448275862,2169.7807539308933,3282.6752282725706,3282.6752282725706,9.339428763233697,2171.894284329062,0,True,0.012455201429662568,0.031634648679714404,3.0,0.0,11,10.0,70.0,hold
0.013793103448275862,2121.402110037392,3283.1935099452035,3283.1935099452035,21.311593735790037,2152.316596818153,0,True,0.012773252106892568,0.034783377002990626,3.0,0.0,11,10.0,70.0,hold
0.013793103448275862,1856.1003964384315,3306.868661139252,3306.868661139252,18.698414416297314,2178.16618438271,0,True,0.011795289642219944,0.03367372140167395,3.0,0.0,11,10.0,70.0,hold
0.006896551724137931,2563.783801354363,3287.2262036658212,3287.2262036658212,13.764066554155264,2149.3111968404282,0,True,0.012770988842547567,0.03392191041511856,3.0,0.0,11,10.0,70.0,hold
0.013793103448275862,2215.8197592071356,3283.792683884176,3283.792683884176,15.367976319486754,2160.8910505416625,0,True,0.013801605648423594,0.03485844442647148,3.0,0.0,11,10.0,70.0,hold
0.013793103448275862,2221.5631142335174,3833.8979618836797,3833.8979618836797,17.056458769200194,2161.5917446289573,0,True,0.012785148322562272,0.037802702425938514,3.0,0.0,11,10.0,75.0,hold
0.006896551724137931,2944.47088549905,3845.050647884687,3845.050647884687,19.29416108345094,2144.7043173435945,0,True,0.013387495861080241,0.030158039714777513,3.0,0.0,11,10.0,75.0,hold
0.013793103448275862,2138.940725207053,3826.320501100195,3826.320501100195,17.31208832565691,2155.9758970532257,0,True,0.01185126325767418,0.032052859777027654,3.0,0.0,11,10.0,75.0,hold
0.013793103448275862,2537.333601197023,3824.6391390735275,3824.6391390735275,19.023520234496708,2146.977421267863,0,True,0.013269355780740455,0.031265559713084576,3.0,0.0,11,10.0,75.0,hold
0.013793103448275862,2515.0568607279415,3829.1061825729134,3829.1061825729134,10.948319227483319,2161.5853697462267,0,True,0.013656296500110882,0.03395925417474958,3.0,0.0,11,10.0,75.0,hold
0.020689655172413793,1938.8888445022428,3828.5236411057826,3828.5236411057826,10.917521602510337,2168.9846996443102,0,True,0.012964566336911374,0.032903594847632625,3.0,0.0,11,10.0,75.0,hold
0.006896551724137931,3056.469838504596,4374.743572025593,4374.743572025593,30.130691615166228,2144.5655841732446,0,True,0.011564208104242942,0.03980975556359297,3.0,0.0,11,10.0,80.0,hold
0.020689655172413793,1612.64084422406,3575.668931863136,3575.668931863136,23.475417791078815,2174.070164543246,0,False,0.012274072751324252,0.036930388997442234,3.0,0.0,11,10.0,80.0,hold
0.013793103448275862,2777.178511314189,4386.304300320386,4386.304300320386,11.94340475723856,2158.1531823379355,0,True,0.01246334088291036,0.02924353029396484,3.0,0.0,11,10.0,80.0,hold
0.013793103448275862,2203.7637550990135,4382.38805870193,4382.38805870193,17.115324712690573,2167.17166838589,0,True,0.013417463984346904,0.03442434311729738,3.0,0.0,11,10.0,80.0,hold
0.013793103448275862,2424.343986343519,4377.549777442384,4377.549777442384,13.361986891488426,2166.652220403327,0,True,0.0129143106537279,0.03496973257708288,3.0,0.0,11,10.0,80.0,hold
0.006896551724137931,3041.299947347983,4383.86217741532,4383.86217741532,17.979010552881764,2147.549812920271,0,True,0.011999112515375106,0.033098209591192085,3.0,0.0,11,10.0,80.0,hold
0.013793103448275862,2422.1790600975855,4756.844024825082,4756.844024825082,16.408206648853003,2160.907450482941,0,False,0.012112493732150138,0.032928347712052886,3.0,0.0,11,10.0,85.0,hold
0.006896551724137931,3502.0894036584937,4940.329339345871,4940.329339345871,14.374425310492114,2145.0252266929238,0,True,0.01249092809901464,0.0374520917298738,3.0,0.0,11,10.0,85.0,hold
0.013793103448275862,2652.8744431012706,4913.555574088459,4913.555574088459,22.86606330864382,2157.113167671506,0,True,0.012266341177026838,0.030551359519732996,3.0,0.0,11,10.0,85.0,hold
0.013793103448275862,2931.276555449765,4950.353769051043,4950.353769051043,0.0,2163.2185682583604,0,True,0.012867592034308718,0.03743265149711216,3.0,0.0,11,10.0,85.0,hold
0.013793103448275862,2963.691038116143,4924.057783417212,4924.057783417212,20.695884030958776,2157.649951149522,0,True,0.012409578021009319,0.03612899684986664,3.0,0.0,11,10.0,85.0,hold
0.013793103448275862,2692.0826694104685,4931.408028687862,4931.408028687862,16.51575460837039,2168.240032740422,0,True,0.012583703137443277,0.031449622182593825,3.0,0.0,11,10.0,85.0,hold
0.013793103448275862,2728.2203530691277,5470.960994318122,5470.960994318122,15.292760355234293,2158.5012956088913,0,False,0.012072143829239622,0.031103604222679798,3.0,0.0,11,10.0,90.0,hold
0.013793103448275862,3393.6910681699137,5476.100375458175,5476.100375458175,26.72826665831032,2147.407257351475,0,True,0.012348825038609105,0.03093088780432593,3.0,0.0,11,10.0,90.0,hold
0.013793103448275862,2140.8865779239104,4425.679663594347,4425.679663594347,19.37502306401523,2155.871551136346,0,False,0.01184623015593634,0.03141322433591843,3.0,0.0,11,10.0,90.0,hold
0.013793103448275862,2891.6624133635096,5463.344513119933,5463.344513119933,19.0433393201717,2149.1575021089816,0,True,0.011589109011930523,0.030481779945556373,3.0,0.0,11,10.0,90.0,hold
0.013793103448275862,2444.3523775895424,4753.713588730495,4753.713588730495,17.938274420442163,2159.129776037235,0,False,0.012087856731046058,0.033129059932043264,3.0,0.0,11,10.0,90.0,hold
0.013793103448275862,2322.9855888109787,5302.137319100541,5302.137319100541,4.241550497459238,2154.302198370253,0,False,0.0118742365761569,0.02976939531167355,3.0,0.0,11,10.0,90.0,hold
0.013793103448275862,1963.2326729201673,3237.2608991872935,3237.2608991872935,22.18653588774304,2156.5487707385737,0,True,0.011726567968787932,0.0363346898851508,3.0,0.0,11,15.0,70.0,hold
0.013793103448275862,2229.8736671501933,3228.0714182361403,3228.0714182361403,16.22474569572347,2148.1303479571457,0,True,0.012744495254608943,0.0390685583675269,3.0,0.0,11,15.0,70.0,hold
0.013793103448275862,2217.6795442893995,3238.334659832357,3238.334659832357,24.117392953677648,2152.2898820954574,0,True,0.012906699304904522,0.03646305297524405,3.0,0.0,11,15.0,70.0,hold
0.013793103448275862,2025.686650558755,3214.4723510043054,3214.4723510043054,12.83370814815603,2146.1454685135827,0,True,0.012454609856510916,0.03167377288295222,3.0,0.0,11,15.0,70.0,hold
0.020689655172413793,1475.9327333162462,2932.2746904474793,2932.2746904474793,13.608697699478268,2162.3270328109547,0,False,0.011811723346508544,0.030333597502364237,3.0,0.0,11,15.0,70.0,hold
0.013793103448275862,1830.5851586107688,3231.306889842868,3231.306889842868,14.56775787328872,2156.9421520005635,0,True,0.012595718340419162,0.032571686912872974,3.0,0.0,11,15.0,70.0,hold
0.020689655172413793,2245.0703553410917,3787.6459234234317,3787.6459234234317,16.660713301674622,2143.2095063265533,0,True,0.01226158950433837,0.032419305484078925,3.0,0.0,11,15.0,75.0,hold
0.013793103448275862,1856.1534894208949,3762.4900515063955,3762.4900515063955,25.057198250705273,2150.582799633364,0,True,0.013603848402472774,0.040916654762911606,3.0,0.0,11,15.0,75.0,hold
0.013793103448275862,1967.8122184395959,3788.303029788395,3788.303029788395,15.887856207630053,2156.211778310096,0,True,0.012670503464447152,0.029258091032346226,3.0,0.0,11,15.0,75.0,hold
0.020689655172413793,937.3976586785902,1804.8802532906755,1804.8802532906755,8.11311192964542,2159.7833378766813,0,False,0.012293748623836977,0.02979166199489783,3.0,0.0,11,15.0,75.0,hold
0.013793103448275862,2323.7625258753046,3743.64765705769,3743.64765705769,26.123272265592085,2148.4335372710775,0,True,0.012249259141138247,0.036971671696476416,3.0,0.0,11,15.0,75.0,hold
0.020689655172413793,1700.5287184270524,3713.4630266844893,3713.4630266844893,13.189757003912266,2156.784645874682,0,False,0.011521454490730155,0.03830323049742991,3.0,0.0,11,15.0,75.0,hold
0.027586206896551724,978.1408856135031,1939.6453291427806,1939.6453291427806,12.465783151102219,2158.038310678914,0,False,0.012964506277481117,0.03650329995091419,3.0,0.0,11,15.0,80.0,hold
0.013793103448275862,2448.4030638364816,4327.239736572346,4327.239736572346,18.89715738951102,2153.264298904991,0,True,0.012152286370320606,0.036145704930201236,3.0,0.0,11,15.0,80.0,hold
0.041379310344827586,1050.371254381023,2137.066806826416,2137.066806826416,9.730850920106148,2162.8983200863736,0,False,0.012575471195408158,0.03102969538277164,3.0,0.0,11,15.0,80.0,hold
0.027586206896551724,1678.2203557315133,3430.190593486384,3430.190593486384,13.79331787898952,2160.8498839958297,0,False,0.012402795050952762,0.03116346239846345,3.0,0.0,11,15.0,80.0,hold
0.020689655172413793,2371.001503659137,4304.788504446981,4304.788504446981,16.054944322079596,2138.0231868559176,0,True,0.012072469364663633,0.0408029966172831,3.0,0.0,11,15.0,80.0,hold
0.020689655172413793,1725.695477996495,3607.8832138431185,3607.8832138431185,15.055659881362123,2162.0536415161505,0,False,0.013830255023357435,0.032290384841001475,3.0,0.0,11,15.0,80.0,hold
0.013793103448275862,2065.5798583289993,3911.198323117857,3911.198323117857,18.068148889864045,2156.439652119321,0,False,0.012713011832750113,0.038066476695781754,3.0,0.0,11,15.0,85.0,hold
0.013793103448275862,2448.3612493518963,4752.53478393636,4752.53478393636,12.718386360989932,2155.541325440387,0,False,0.011760650775583522,0.03265554768604835,3.0,0.0,11,15.0,85.0,hold
0.020689655172413793,2355.2844459351754,4809.454394795153,4809.454394795153,14.628428959268476,2151.8798928456176,0,False,0.01269932644117909,0.03415586436346568,3.0,0.0,11,15.0,85.0,hold
0.013793103448275862,1567.3332622947964,3273.5536270484736,3273.5536270484736,17.559990847900455,2156.219874822857,0,False,0.012428225212529174,0.03193317514655655,3.0,0.0,11,15.0,85.0,hold
0.013793103448275862,2442.779409969859,4826.881700750784,4826.881700750784,16.91621034216435,2153.348152183366,0,True,0.011684743779465719,0.03367162041108034,3.0,0.0,11,15.0,85.0,hold
0.020689655172413793,1246.807872709223,2398.690632377701,2398.690632377701,17.207580970742058,2163.90993760571,0,False,0.01186662361321715,0.0329000411400228,3.0,0.0,11,15.0,85.0,hold
0.020689655172413793,1623.7618067327364,3354.974156480194,3354.974156480194,19.669193470760394,2159.889500209257,0,False,0.01368690920720571,0.03890986452799544,3.0,0.0,11,15.0,90.0,hold
0.013793103448275862,1579.195387738595,3184.896613068843,3184.896613068843,16.307523579122908,2156.560487447057,0,False,0.013657295596309784,0.03591416530541089,3.0,0.0,11,15.0,90.0,hold
0.013793103448275862,2370.886259942132,4776.255213040686,4776.255213040686,16.86359234049398,2159.952845695814,0,False,0.012286536670497143,0.03313035558012118,3.0,0.0,11,15.0,90.0,hold
0.013793103448275862,1718.7160498453723,3260.2356635730152,3260.2356635730152,13.772222895051662,2169.4442673508966,0,False,0.01339219555381401,0.03273595724679317,3.0,0.0,11,15.0,90.0,hold
0.027586206896551724,901.3922641379144,1526.8558921309636,1526.8558921309636,15.658989882343057,2165.3624624142763,0,False,0.012261645954495448,0.03267493017006831,3.0,0.0,11,15.0,90.0,hold
0.027586206896551724,942.2760202127405,1593.4471061262072,1593.4471061262072,20.9320665370499,2154.9620431511494,0,False,0.01289468551374327,0.035322081290087626,3.0,0.0,11,15.0,90.0,hold
0.020689655172413793,1435.5206143379978,2953.9315939814837,2953.9315939814837,12.922380892813905,2150.7331244899074,0,False,0.01137114810511514,0.026957432717558315,3.0,0.0,11,20.0,70.0,hold
0.027586206896551724,1299.5454096628864,2777.6707784792698,2777.6707784792698,9.961872359972261,2152.41830377185,0,False,0.012244506939340916,0.03121230448887391,3.0,0.0,11,20.0,70.0,hold
0.027586206896551724,673.6038249291137,1354.8218646060525,1354.8218646060525,10.784693251582668,2154.1416796890067,0,False,0.012737114035571432,0.02909041553567818,3.0,0.0,11,20.0,70.0,hold
0.020689655172413793,1893.578734582021,3142.3199161684456,3142.3199161684456,17.259955767028888,2145.3450244043065,0,True,0.01242191924971164,0.03251470163400935,3.0,0.0,11,20.0,70.0,hold
0.013793103448275862,1930.2147581855324,3136.09563694726,3136.09563694726,16.797021091361007,2138.8558945510126,0,True,0.012846438872618058,0.03477213120698542,3.0,0.0,11,20.0,70.0,hold
0.020689655172413793,1364.2806813914715,2896.523374796257,2896.523374796257,9.857260260565353,2156.287357984378,0,False,0.012595826815671915,0.037498089665681626,3.0,0.0,11,20.0,70.0,hold
0.020689655172413793,1548.738986451575,2923.6473736924167,2923.6473736924167,10.396190802037598,2139.1207230970667,0,False,0.011048105505734868,0.028014370549288032,3.0,0.0,11,20.0,75.0,hold
0.034482758620689655,605.5744511352113,968.4694083321998,971.8638058405664,16.104276775182985,2144.4430403276156,0,False,0.012596032937228949,0.036040714858750586,3.0,0.0,11,20.0,75.0,hold
0.027586206896551724,673.6308362706844,1169.6991302251117,1169.6991302251117,11.270443254668521,2166.334162573228,0,False,0.013007059673647476,0.03518218335397823,3.0,0.0,11,20.0,75.0,hold
0.020689655172413793,1769.8380145087083,3514.5244918026124,3514.5244918026124,24.040402553383586,2143.38309033399,0,False,0.0123912890593872,0.03452487637377457,3.0,0.0,11,20.0,75.0,hold
0.027586206896551724,1186.4715027356906,2220.792118560984,2220.792118560984,20.95377656505279,2156.507585745156,0,False,0.013520893680097103,0.03155761023131158,3.0,0.0,11,20.0,75.0,hold
0.013793103448275862,2155.2282619983353,3725.756774140819,3725.756774140819,17.32058830417933,2136.5127082482936,0,True,0.012956337128280135,0.03152359229414976,3.0,0.0,11,20.0,75.0,hold
0.020689655172413793,1182.101602226047,2045.0294581159226,2045.0294581159226,13.97267503973332,2156.261700855776,0,False,0.012989072528235317,0.035063208065488904,3.0,0.0,11,20.0,80.0,hold
0.027586206896551724,1081.8657877571227,2026.5427604264357,2026.5427604264357,24.7558429416052,2155.0508720806743,0,False,0.012662146916517378,0.0312176703419437,3.0,0.0,11,20.0,80.0,hold
0.020689655172413793,1088.3019330310824,1922.907968891632,1922.907968891632,16.810165412811052,2156.3640306090774,0,False,0.012430712109265716,0.033348595731708064,3.0,0.0,11,20.0,80.0,hold
0.034482758620689655,962.8299444011533,2224.6509605355427,2224.6509605355427,13.914483062783335,2151.430000147734,0,False,0.012346138207429781,0.03096178017811948,3.0,0.0,11,20.0,80.0,hold
0.041379310344827586,298.0799405679342,464.2314377336011,469.08655715863046,7.689671753869842,2152.253387329858,0,False,0.013006877477219084,0.031071514885967814,3.0,0.0,11,20.0,80.0,hold
0.034482758620689655,712.6065211202388,1200.2343858883462,1200.2343858883462,17.81065450408529,2145.4035444354954,0,False,0.012112349167564922,0.034841212905405664,3.0,0.0,11,20.0,80.0,hold
0.027586206896551724,1163.5089634269702,2428.5329322388934,2428.5329322388934,15.75901545342246,2153.0600006190216,0,False,0.01328510077635733,0.032728991422552534,3.0,0.0,11,20.0,85.0,hold
0.020689655172413793,1598.3894489156214,3097.362947626982,3097.362947626982,18.86135770069581,2151.5924987249373,0,False,0.01354507508142406,0.03450687313441498,3.0,0.0,11,20.0,85.0,hold
0.16551724137931034,88.48020223093695,94.36549703086128,147.53833324266296,8.191099515769281,2151.4715350814545,0,False,0.01194946484419191,0.035785635084690424,3.0,0.0,11,20.0,85.0,hold
0.027586206896551724,1168.296175146592,2361.7900812834723,2361.7900812834723,16.245723254538667,2153.5188259692463,0,False,0.012359800490253536,0.03456398203845544,3.0,0.0,11,20.0,85.0,hold
0.020689655172413793,1455.5503389540802,2735.3107497314822,2735.3107497314822,5.933816957409185,2143.7728345709274,0,False,0.012380750550300204,0.03383388964640275,3.0,0.0,11,20.0,85.0,hold
0.027586206896551724,911.3319152395719,1850.4471245126147,1850.4471245126147,9.244402461940272,2153.948819810045,0,False,0.013668037726452332,0.03675975968032135,3.0,0.0,11,20.0,85.0,hold
0.041379310344827586,344.9483159148451,480.6113687453549,506.6920170495717,14.88282538087652,2159.7079990193765,0,False,0.013448648479692387,0.03092915961225222,3.0,0.0,11,20.0,90.0,hold
0.3448275862068966,427.4936864537267,1721.3274787504972,1721.3274787504972,0.0,2160.980994036424,0,False,0.011776466605525929,0.027954445292614906,3.0,0.0,11,20.0,90.0,hold
0.027586206896551724,1082.1235474783311,2147.563481035981,2147.563481035981,13.72636747826917,2155.674879970947,0,False,0.013142577337382859,0.03456000742467372,3.0,0.0,11,20.0,90.0,hold
0.05517241379310345,1442.6409814305011,4210.579302566307,4210.579302566307,14.476344966642921,2117.506990382238,0,False,0.013081134192097343,0.037059050129027625,3.0,0.0,11,20.0,90.0,hold
0.04827586206896552,427.0014691500878,606.6977924059315,653.1050177362442,16.43704568121582,2166.3796569922265,0,False,0.011544090609410479,0.028251213135575947,3.0,0.0,11,20.0,90.0,hold
0.041379310344827586,719.3570889652212,1324.9562316942315,1324.9562316942315,13.134114152973321,2159.516509763361,0,False,0.012634250738822982,0.03552487766509889,3.0,0.0,11,20.0,90.0,hold
0.041379310344827586,640.0253607785713,1311.9325388427437,1311.9325388427437,25.623795034300283,2162.4904958865764,0,False,0.011576849679784795,0.02886529069485744,3.0,0.0,11,25.0,70.0,hold
0.020689655172413793,1742.6011647488212,3072.0454474990347,3072.0454474990347,12.9655317705933,2120.6923924263697,0,True,0.012823048592177437,0.03048261786502386,3.0,0.0,11,25.0,70.0,hold
0.11724137931034483,283.8922154690587,761.8581330542668,761.8581330542668,11.000962126132674,2154.0509020663044,0,False,0.01314957136370134,0.030623829851494866,3.0,0.0,11,25.0,70.0,hold
0.10344827586206896,358.7160792943072,614.5553123076252,636.7067106232826,12.608386201505581,2148.717435635854,0,False,0.01201387028525301,0.032919882049800675,3.0,0.0,11,25.0,70.0,hold
0.020689655172413793,1238.438551750569,2696.5712270057156,2696.5712270057156,13.758991492983206,2137.5440870708444,0,False,0.013617648788063695,0.037771357503093655,3.0,0.0,11,25.0,70.0,hold
0.1103448275862069,697.3108336307719,1983.4769082723071,1983.4769082723071,14.346246674932905,2132.7142745245487,0,False,0.012511477750520063,0.0332391887822947,3.0,0.0,11,25.0,70.0,hold
0.15172413793103448,288.3069152102453,639.885839160971,639.885839160971,14.346138655208872,2157.138511619491,0,False,0.013324490719035137,0.03290553160910853,3.0,0.0,11,25.0,75.0,hold
0.08275862068965517,736.1469409801443,1627.7206032990828,1627.7206032990828,14.469676197605532,2148.101510302112,0,False,0.0113924548043532,0.027991919771979814,3.0,0.0,11,25.0,75.0,hold
0.020689655172413793,1430.4591876166944,2907.280891613466,2907.280891613466,14.300413522163925,2126.237780310803,0,False,0.012274704095314542,0.03321437630822463,3.0,0.0,11,25.0,75.0,hold
0.06206896551724138,982.47457601031,2382.460856207009,2382.460856207009,16.19652377281945,2130.99934120375,0,False,0.013055419575350415,0.03286110935838719,3.0,0.0,11,25.0,75.0,hold
0.09655172413793103,217.32346060806017,248.41404430142117,343.4787601018045,12.804964552250842,2148.8023552724862,0,False,0.012556306249593486,0.029153713783353907,3.0,0.0,11,25.0,75.0,hold
0.020689655172413793,1455.4302706545243,2999.1043323524905,2999.1043323524905,9.984430619239813,2129.781914476301,0,False,0.012610763197880306,0.03453326914479721,3.0,0.0,11,25.0,75.0,hold
0.06206896551724138,867.3544263156105,2388.193148704529,2388.193148704529,23.582469548242344,2130.466471340092,0,False,0.012054454807261451,0.0336283658479245,3.0,0.0,11,25.0,80.0,hold
0.027586206896551724,848.4822716145796,1653.7944948972884,1653.7944948972884,10.371231092411808,2141.6038595007008,0,False,0.012739951157788058,0.031811725289418204,3.0,0.0,11,25.0,80.0,hold
0.020689655172413793,1554.7558305927907,3580.084309367161,3580.084309367161,18.493981530433565,2130.937123745494,0,False,0.01245633925516479,0.03148151259443733,3.0,0.0,11,25.0,80.0,hold
0.19310344827586207,190.2788715987043,506.8720044180036,506.8720044180036,18.679102767334733,2159.7295154759795,0,False,0.013086474508051425,0.0348612153194659,3.0,0.0,11,25.0,80.0,hold
0.05517241379310345,441.3062408897366,1046.2079412716394,1046.2079412716394,15.452652657506789,2152.362716510878,0,False,0.012110662480858665,0.03047981101582539,3.0,0.0,11,25.0,80.0,hold
0.034482758620689655,708.235275398716,1258.6145857579618,1258.6145857579618,18.23213582228051,2127.1101476195477,0,False,0.013429565371580889,0.030686643390928935,3.0,0.0,11,25.0,80.0,hold
0.034482758620689655,464.5762830356618,626.7622645578977,626.7622645578977,8.563710892021565,2154.0264645698744,0,False,0.01274887284742634,0.031995176470880016,3.0,0.0,11,25.0,85.0,hold
0.04827586206896552,245.9196864944595,611.1735711416736,611.1735711416736,17.47463446766035,2162.0726480342,0,False,0.013208581046199498,0.03396406230381787,3.0,0.0,11,25.0,85.0,hold
0.04827586206896552,1287.6977383697329,3513.2181932698213,3513.2181932698213,11.395640817299338,2100.4017245177974,0,False,0.012633676938775464,0.03614056692768523,3.0,0.0,11,25.0,85.0,hold
0.06896551724137931,180.4866326721848,351.2209690255227,351.2209690255227,5.305200386534588,2153.6380771360377,0,False,0.013549776012161903,0.034891493770041644,3.0,0.0,11,25.0,85.0,hold
0.08275862068965517,235.9851626764207,368.9333251934743,374.47694505711905,8.855673042877516,2147.7963551278367,0,False,0.013056174369570125,0.032741952910428175,3.0,0.0,11,25.0,85.0,hold
0.07586206896551724,254.51203188234996,497.73736900480077,497.73736900480077,10.164881789361276,2145.8241557881533,0,False,0.012783689173104915,0.03465209752608389,3.0,0.0,11,25.0,85.0,hold
0.10344827586206896,194.12596810872355,284.2038777412839,309.31175475743197,12.48720801259855,2158.253363822742,0,False,0.012841234995143372,0.03198539305893161,3.0,0.0,11,25.0,90.0,hold
0.013793103448275862,2490.448371597485,3316.0014818659815,3316.0014818659815,13.704654370452062,1403.4103125785168,0,True,0.012715027953511534,0.043698971686280855,3.0,0.0,11,25.0,90.0,hold
0.04827586206896552,738.7616622721519,1920.0259970823095,1920.0259970823095,12.280961712836408,2135.3795322206865,0,False,0.011983480150957519,0.03334204142638927,3.0,0.0,11,25.0,90.0,hold
0.013793103448275862,2762.325422806123,4019.3673507695166,4019.3673507695166,16.868447639861316,1677.3006802779882,0,True,0.011826578366404281,0.03131491772784652,3.0,0.0,11,25.0,90.0,hold
0.013793103448275862,2572.181004360895,3246.132080197744,3246.132080197744,8.051119097010137,1379.964420246573,0,True,0.013087588251242243,0.037756655769133576,3.0,0.0,11,25.0,90.0,hold
0.027586206896551724,2025.0346155586556,3971.916211020376,3971.916211020376,16.279528477801566,1904.6296898832306,0,True,0.011678899137037875,0.026986665708423212,3.0,0.0,11,25.0,90.0,hold
0.020689655172413793,2073.959752615824,4139.723642042248,4139.723642042248,19.390533171150288,1645.056694069735,0,False,0.012152830636728238,0.0247482900390841,3.0,0.0,11,30.0,70.0,hold
0.020689655172413793,826.8739901709263,1273.3089609563551,1273.3089609563551,21.63372664002287,2138.929114760946,0,False,0.011425756165702718,0.03136251357838168,3.0,0.0,11,30.0,70.0,hold
0.020689655172413793,1202.7318859438324,2669.921845807273,2669.921845807273,15.239040053903262,2124.4175360202576,0,False,0.01149662755002603,0.030487757375803753,3.0,0.0,11,30.0,70.0,hold
0.020689655172413793,1188.9150913797284,2436.926314540342,2436.926314540342,8.691586501189459,2072.4965607902927,0,False,0.012805216082956499,0.044383489755705,3.0,0.0,11,30.0,70.0,hold
0.013793103448275862,949.2835732778258,1832.9520952392727,1832.9520952392727,18.65399836403686,2138.1093154860887,0,False,0.012163097903952811,0.04630599550361498,3.0,0.0,11,30.0,70.0,hold
0.013793103448275862,1341.6430445310427,2695.9815815685606,2695.9815815685606,11.263950483965584,2114.9643946175242,0,False,0.011699335185077356,0.032131585600096615,3.0,0.0,11,30.0,70.0,hold
0.027586206896551724,958.85954834556,2323.8385656627033,2323.8385656627033,16.344423370358484,2142.4756967409194,0,False,0.012251016617620984,0.028278030965884264,3.0,0.0,11,30.0,75.0,hold
0.020689655172413793,1349.5108039842942,2715.440944072854,2715.440944072854,10.575355843744948,2036.3887682981433,0,False,0.012673592351268914,0.03438819013495489,3.0,0.0,11,30.0,75.0,hold
0.020689655172413793,1909.0583483985383,3933.4999679292873,3933.4999679292873,19.321967691516516,1789.6831500225694,0,False,0.012283891057365675,0.031384794123035985,3.0,0.0,11,30.0,75.0,hold
0.020689655172413793,1657.7741830438993,3241.572082505906,3241.572082505906,10.925315654698032,1846.4428203802406,0,False,0.011793777168775875,0.030978011841122668,3.0,0.0,11,30.0,75.0,hold
0.020689655172413793,869.0667969788338,1449.4086618410208,1449.4086618410208,12.83090948482584,2110.356219919794,0,False,0.011898213801546587,0.030691200857521625,3.0,0.0,11,30.0,75.0,hold
0.020689655172413793,2147.6669552276585,3757.608836565772,3757.608836565772,25.907851543514735,1758.1425517375258,0,False,0.013630835989514286,0.030336245696010913,3.0,0.0,11,30.0,75.0,hold
0.020689655172413793,1429.9073511148952,2448.8749787856214,2448.8749787856214,13.856336835790833,1866.9029568483472,0,False,0.012473066970317793,0.035056595086637034,3.0,0.0,11,30.0,80.0,hold
0.027586206896551724,968.2193973016327,2045.3248072294502,2045.3248072294502,4.879854117145716,2002.8664468288111,0,False,0.013296447285996235,0.029103665252058916,3.0,0.0,11,30.0,80.0,hold
0.027586206896551724,1473.3997940074144,3313.2772889340495,3313.2772889340495,19.588638430206313,1784.109918971023,0,False,0.013028989650054593,0.027724584036243696,3.0,0.0,11,30.0,80.0,hold
0.013793103448275862,1245.6118739000985,1699.518930626454,1699.518930626454,18.945602021048327,2150.8166679492056,0,False,0.012580461512355274,0.02949841389219605,3.0,0.0,11,30.0,80.0,hold
0.020689655172413793,1641.7018983266719,3517.2234789220233,3517.2234789220233,13.548101494622399,1769.0458611306601,0,False,0.013352460109363399,0.03451334198449253,3.0,0.0,11,30.0,80.0,hold
0.013793103448275862,2181.343472279582,4110.160392802017,4110.160392802017,13.996784968146345,1690.4867420996031,0,True,0.012878050726534977,0.034884873500752964,3.0,0.0,11,30.0,80.0,hold
0.013793103448275862,1802.268059246063,3337.2124312867395,3337.2124312867395,12.064841063878978,2129.92188681006,0,False,0.013612835503540222,0.03974207115926277,3.0,0.0,11,30.0,85.0,hold
0.027586206896551724,1640.351018957462,2876.671414208429,2876.671414208429,7.448350101943206,1669.7606935018805,0,True,0.013115319901625058,0.03253034171895444,3.0,0.0,11,30.0,85.0,hold
0.013793103448275862,1687.0662376456203,3099.5846100332933,3099.5846100332933,16.59009016446497,2155.423710164868,0,False,0.012846786370407537,0.03330712293645956,3.0,0.0,11,30.0,85.0,hold
0.013793103448275862,875.9814741118407,1374.0230823483168,1374.0230823483168,11.679167875391705,2141.341908567177,0,False,0.012346626618060566,0.028246206294338886,3.0,0.0,11,30.0,85.0,hold
0.013793103448275862,1966.076689565065,3548.753575106214,3548.753575106214,16.47771980050278,2108.4403101502453,0,False,0.011946117269353882,0.030115796323591473,3.0,0.0,11,30.0,85.0,hold
0.006896551724137931,2743.340999512238,4205.696529196377,4205.696529196377,17.669926233471518,1775.9104579558996,0,True,0.012713692504065127,0.028925786084786926,3.0,0.0,11,30.0,85.0,hold
0.020689655172413793,1505.5654763219432,3327.503157710222,3327.503157710222,19.72491386510248,2040.198582755518,0,False,0.01287175171598673,0.03378234556452619,3.0,0.0,11,30.0,90.0,hold
0.006896551724137931,2251.13070433908,2556.515333609104,2556.515333609104,17.41920453423418,1327.283373651614,0,True,0.012873211639151349,0.03251217602766875,3.0,0.0,11,30.0,90.0,hold
0.041379310344827586,1109.624768061796,2433.5119520173357,2433.5119520173357,13.16037555669896,1894.9912102149171,0,False,0.012520066224024896,0.038463169820719414,3.0,0.0,11,30.0,90.0,hold
0.041379310344827586,1339.020068360025,2546.014887638775,2546.014887638775,8.03026117169617,1441.7400310783257,0,True,0.013052382192202944,0.04367603076611691,3.0,0.0,11,30.0,90.0,hold
0.020689655172413793,1939.5702415261253,3772.344848424864,3772.344848424864,11.538705081629619,1649.0921352111154,0,True,0.012523414880357232,0.04108357140652364,3.0,0.0,11,30.0,90.0,hold
0.041379310344827586,597.3732284060795,1000.97476567674,1003.0815665155302,7.994294340026604,2058.339463643534,0,False,0.012257616874556987,0.033718342757241115,3.0,0.0,11,30.0,90.0,hold
0.013793103448275862,1715.3452967980734,3281.176711544392,3281.176711544392,98.19589665709532,2173.459556384518,0,True,0.011912154959524203,0.03047808283966634,3.0,0.0,11,10.0,70.0,mpc / perfect forecast
0.013793103448275862,1251.316779439641,2844.6657155826856,2844.6657155826856,158.48438340958026,2048.344422496195,0,False,0.012455201431843527,0.03163464981956806,3.0,0.0,11,10.0,70.0,mpc / perfect forecast
0.013793103448275862,1565.981367100792,3099.0536991353197,3099.0536991353197,397.7830761501227,2123.692854852121,0,False,0.012773252105485505,0.03478337702264504,3.0,0.0,11,10.0,70.0,mpc / perfect forecast
0.013793103448275862,1498.321249959302,3039.7821092137688,3039.7821092137688,67.57226604514308,2191.8323631600006,0,False,0.011795289643436664,0.03367372141043728,3.0,0.0,11,10.0,70.0,mpc / perfect forecast
0.006896551724137931,1595.50575020478,2691.897721614682,2691.897721614682,368.823852934011,2187.939761871248,0,False,0.012770988847507131,0.0339219103633718,3.0,0.0,11,10.0,70.0,mpc / perfect forecast
0.013793103448275862,1798.1941149214076,3286.4161674035568,3286.4161674035568,191.51065339481147,2174.6342345774347,0,True,0.013801605648096323,0.03485844347289934,3.0,0.0,11,10.0,70.0,mpc / perfect forecast
0.013793103448275862,1732.2497695611955,3317.479743861298,3317.479743861298,115.45882934709248,2166.9738195756895,0,False,0.012785148319430582,0.037802702425938514,3.0,0.0,11,10.0,75.0,mpc / perfect forecast
0.006896551724137931,2354.9819182426563,3833.0658718168947,3833.0658718168947,328.97692979886637,2168.2947471646635,0,True,0.013387495832444635,0.03015803872367152,3.0,0.0,11,10.0,75.0,mpc / perfect forecast
0.013793103448275862,1617.223071345216,3220.3662427464533,3220.3662427464533,176.43907301568746,2170.8738732475763,0,False,0.011851263274117741,0.032052860482894525,3.0,0.0,11,10.0,75.0,mpc / perfect forecast
0.013793103448275862,1736.5966779634382,3420.2199405242836,3420.2199405242836,236.1726828219199,1949.0201320109338,0,False,0.013269355769302013,0.0312655591600502,3.0,0.0,11,10.0,75.0,mpc / perfect forecast
0.013793103448275862,1845.8915796924182,3705.533794625833,3705.533794625833,161.1559978365831,2024.163057837734,0,False,0.013656296504947815,0.03395925424994421,3.0,0.0,11,10.0,75.0,mpc / perfect forecast
0.020689655172413793,1629.547292346151,3518.880996670477,3518.880996670477,85.00749504665269,2172.380960798003,0,False,0.012964566331687782,0.032903594906122935,3.0,0.0,11,10.0,75.0,mpc / perfect forecast
0.006896551724137931,2236.760920700334,4126.6569992222685,4126.6569992222685,234.2799597060648,2170.8289177368,0,False,0.011564208105184437,0.03980975557231014,3.0,0.0,11,10.0,80.0,mpc / perfect forecast
0.020689655172413793,1581.3170388840638,3520.4034914811427,3520.4034914811427,19.721760093491056,2175.2804436651604,0,False,0.012274072751360915,0.03693038899523744,3.0,0.0,11,10.0,80.0,mpc / perfect forecast
0.013793103448275862,1742.1890362884112,3450.855789821486,3450.855789821486,358.4738528896414,2171.996812119482,0,False,0.01246334088013641,0.029243530098534025,3.0,0.0,11,10.0,80.0,mpc / perfect forecast
0.013793103448275862,1654.677933097194,3355.957686905993,3355.957686905993,108.19335002751855,2174.3425865112135,0,False,0.013417463982788673,0.0344243431220415,3.0,0.0,11,10.0,80.0,mpc / perfect forecast
0.013793103448275862,1793.2106527338185,3527.9810375217794,3527.9810375217794,141.9812021579154,2171.943336498721,0,False,0.012914310654671511,0.03496973264074539,3.0,0.0,11,10.0,80.0,mpc / perfect forecast
0.006896551724137931,2165.143924619759,3991.731024244389,3991.731024244389,382.53465868361815,2170.216636455944,0,False,0.011999112508217162,0.03309820894269963,3.0,0.0,11,10.0,80.0,mpc / perfect forecast
0.013793103448275862,1672.655714979228,3095.3933697128987,3095.3933697128987,258.1708920327651,2173.52063231108,0,False,0.012112493733869746,0.032928347462526944,3.0,0.0,11,10.0,85.0,mpc / perfect forecast
0.006896551724137931,2459.9020423023867,4768.3959945341785,4768.3959945341785,330.3499093291077,2169.5687110849285,0,False,0.012490928108490914,0.03745209169396064,3.0,0.0,11,10.0,85.0,mpc / perfect forecast
0.013793103448275862,1589.2742041490706,3385.436248815855,3385.436248815855,253.73531113865963,2168.734953863567,0,False,0.012266341173829031,0.030551360750459076,3.0,0.0,11,10.0,85.0,mpc / perfect forecast
0.013793103448275862,1808.4467983174895,3390.46849598344,3390.46849598344,416.9359656192697,2162.8740263634772,0,False,0.012867592041230365,0.037432651993273953,3.0,0.0,11,10.0,85.0,mpc / perfect forecast
0.013793103448275862,1410.1139299617976,2980.410648362976,2980.410648362976,253.80899912749732,2182.998809063556,0,False,0.012409578007200385,0.03612899686966656,3.0,0.0,11,10.0,85.0,mpc / perfect forecast
0.013793103448275862,1577.2138967866535,2801.941355362678,2801.941355362678,192.3197266814927,2026.9551539650927,0,False,0.012583703120386838,0.03144962222618937,3.0,0.0,11,10.0,85.0,mpc / perfect forecast
0.013793103448275862,1678.6983850611432,3273.2992585778416,3273.2992585778416,185.66073908104397,2169.5644686343894,0,False,0.01207214382267265,0.031103603834069415,3.0,0.0,11,10.0,90.0,mpc / perfect forecast
0.013793103448275862,1964.4825373396318,3757.8039572498205,3757.8039572498205,412.7639630024014,2179.7309451500546,0,False,0.012348825038025153,0.030930887827861887,3.0,0.0,11,10.0,90.0,mpc / perfect forecast
0.013793103448275862,1658.5787811423575,3353.505440158771,3353.505440158771,314.20137595427656,1916.9703080707577,0,False,0.011846230158430462,0.03141322433034543,3.0,0.0,11,10.0,90.0,mpc / perfect forecast
0.013793103448275862,1812.2145357045245,3471.131978924197,3471.131978924197,273.882237834666,2169.187571177636,0,False,0.011589109016891311,0.030481780574124945,3.0,0.0,11,10.0,90.0,mpc / perfect forecast
0.013793103448275862,1767.980143871434,3451.2500106716493,3451.2500106716493,139.15921624555656,2170.395691477536,0,False,0.012087856734734965,0.03312906036097995,3.0,0.0,11,10.0,90.0,mpc / perfect forecast
0.013793103448275862,1900.357859396588,3668.311382528422,3668.311382528422,421.34931876309423,1809.7574077260495,0,False,0.011874236572853893,0.029769395587411252,3.0,0.0,11,10.0,90.0,mpc / perfect forecast
0.013793103448275862,1527.8877416250257,2965.684714688311,2965.684714688311,614.0101209933007,1980.7792271465569,3,False,0.011726567964919821,0.03633468988450674,3.0,0.0,11,15.0,70.0,mpc / perfect forecast
0.013793103448275862,1949.3719643597426,3229.3960178043744,3229.3960178043744,164.14777956936314,2160.867178331703,0,True,0.012744495259493433,0.0390685583675269,3.0,0.0,11,15.0,70.0,mpc / perfect forecast
0.013793103448275862,1734.2619426784595,3225.6935053734655,3225.6935053734655,573.1294846973867,2160.3145666221044,2,True,0.01290669929645896,0.03646305234825869,3.0,0.0,11,15.0,70.0,mpc / perfect forecast
0.013793103448275862,1620.0307567378015,3232.118457539644,3232.118457539644,346.2179965169143,2161.131154178564,0,True,0.01245460984668129,0.03167377317063976,3.0,0.0,11,15.0,70.0,mpc / perfect forecast
0.020689655172413793,1230.350641257547,2448.7139587551665,2448.7139587551665,69.21687527799124,2165.791757739567,0,False,0.01181172334226372,0.030333597493896795,3.0,0.0,11,15.0,70.0,mpc / perfect forecast
0.013793103448275862,1556.151057898491,3220.1215778403443,3220.1215778403443,412.6709999922927,1769.8478492980553,3,True,0.012595718345786997,0.03257168706640215,3.0,0.0,11,15.0,70.0,mpc / perfect forecast
0.020689655172413793,1124.7590664890627,2701.9116843152688,2701.9116843152688,258.8564323149824,2163.8380912417756,0,False,0.012261589503059367,0.03241930546059905,3.0,0.0,11,15.0,75.0,mpc / perfect forecast
0.013793103448275862,1326.5218985346535,2900.4229165667753,2900.4229165667753,413.01371253214154,1756.74025980145,1,False,0.013603848403089869,0.0409166559114689,3.0,0.0,11,15.0,75.0,mpc / perfect forecast
0.013793103448275862,1501.9847109446914,2855.9462657011036,2855.9462657011036,411.8731095906334,1970.2156252212146,4,False,0.012670503470475995,0.02925809080085001,3.0,0.0,11,15.0,75.0,mpc / perfect forecast
0.020689655172413793,868.0283751564676,1652.5143155269275,1652.5143155269275,437.76886171313106,1760.7133226720007,2,False,0.012293748622143668,0.029791661994027697,3.0,0.0,11,15.0,75.0,mpc / perfect forecast
0.013793103448275862,1422.7954311858614,3023.299040471692,3023.299040471692,271.0013928205605,2161.124442207187,0,False,0.012249259133079855,0.03697167166712466,3.0,0.0,11,15.0,75.0,mpc / perfect forecast
0.020689655172413793,1100.4599442490326,2153.954907200745,2153.954907200745,347.39904812573087,2163.377290706559,0,False,0.011521454488739143,0.03830323050126399,3.0,0.0,11,15.0,75.0,mpc / perfect forecast
0.034482758620689655,859.9280111231642,1655.7610125481199,1655.7610125481199,603.715879443887,1927.9834300614252,5,False,0.012964506274963976,0.036503299972992787,3.0,0.0,11,15.0,80.0,mpc / perfect forecast
0.013793103448275862,1550.7687700557362,3040.1059354438175,3040.1059354438175,277.8839484023311,2163.110799112488,1,False,0.012152286396182793,0.0361457046361614,3.0,0.0,11,15.0,80.0,mpc / perfect forecast
0.041379310344827586,1050.123965934575,2136.6455938488502,2136.6455938488502,9.908416580250055,2162.9020620951724,0,False,0.01257547119548095,0.031029695382642167,3.0,0.0,11,15.0,80.0,mpc / perfect forecast
0.020689655172413793,1484.3507384290513,3129.765330531219,3129.765330531219,414.5728445920851,2057.3850449070283,3,False,0.012402795038908242,0.03116346231162649,3.0,0.0,11,15.0,80.0,mpc / perfect forecast
0.027586206896551724,1369.584376007692,3180.7228144758574,3180.7228144758574,229.28114413006483,1963.1089568633085,0,False,0.012072469366114745,0.040802996287144365,3.0,0.0,11,15.0,80.0,mpc / perfect forecast
0.020689655172413793,1448.1827764723223,2987.4973403658614,2987.4973403658614,95.81265094085461,2166.970393108922,0,False,0.013830255026448121,0.032290385066681554,3.0,0.0,11,15.0,80.0,mpc / perfect forecast
0.013793103448275862,1365.1288261805755,2816.4375505442545,2816.4375505442545,315.1555077216008,2165.488059470575,1,False,0.01271301183332629,0.03806647652352511,3.0,0.0,11,15.0,85.0,mpc / perfect forecast
0.013793103448275862,1997.2010850503277,3783.185490169795,3783.185490169795,96.6290684722771,2102.3572486141666,0,False,0.011760650775425742,0.03265554742268157,3.0,0.0,11,15.0,85.0,mpc / perfect forecast
0.020689655172413793,1756.7078969936879,3549.082972061747,3549.082972061747,773.8369743605994,1768.9743800860983,2,False,0.012699326439493735,0.03415586534568222,3.0,0.0,11,15.0,85.0,mpc / perfect forecast
0.013793103448275862,1426.7263496974294,2972.8085731163587,2972.8085731163587,767.1836055639137,2164.28050111471,2,False,0.01242822526235536,0.03193317524151182,3.0,0.0,11,15.0,85.0,mpc / perfect forecast
0.013793103448275862,1675.040472071961,3115.9011545306766,3115.9011545306766,253.89043041642987,2166.2823908722476,0,False,0.011684743778775484,0.033671620541432926,3.0,0.0,11,15.0,85.0,mpc / perfect forecast
0.020689655172413793,1094.3006235702935,2144.235998403683,2144.235998403683,67.73163400214291,2139.4739014630027,0,False,0.011866623614348952,0.032900041114422095,3.0,0.0,11,15.0,85.0,mpc / perfect forecast
0.020689655172413793,1319.2277703344616,2692.2312616336244,2692.2312616336244,87.28360439909781,2144.266969277643,0,False,0.013686909206934635,0.03890986449503755,3.0,0.0,11,15.0,90.0,mpc / perfect forecast
0.013793103448275862,1327.3105220535153,2806.70083222677,2806.70083222677,378.4524874556571,2162.73232190142,0,False,0.013657295591874962,0.03591416617545248,3.0,0.0,11,15.0,90.0,mpc / perfect forecast
0.013793103448275862,1037.5790723210546,1757.604922166746,1757.604922166746,225.64432251230437,2005.6343109741974,0,False,0.01228653666894245,0.033130355727031595,3.0,0.0,11,15.0,90.0,mpc / perfect forecast
0.020689655172413793,969.0514261698868,1706.6985070493474,1706.6985070493474,142.94698593260654,2180.9851063868573,0,False,0.01339219554869283,0.03273595696366596,3.0,0.0,11,15.0,90.0,mpc / perfect forecast
0.034482758620689655,820.3478209539327,1342.2445344524779,1342.2445344524779,50.00392797739238,2166.589115372989,0,False,0.012261645955678937,0.03267493016563993,3.0,0.0,11,15.0,90.0,mpc / perfect forecast
0.027586206896551724,645.4956387061698,1287.4718213111012,1287.4718213111012,258.01092800121694,2159.875010744711,0,False,0.0128946855215398,0.03532208223390612,3.0,0.0,11,15.0,90.0,mpc / perfect forecast
0.020689655172413793,728.8486681138247,1198.695905220312,1198.695905220312,198.83542710463436,2162.4103337086,0,False,0.011371148106796998,0.026957431738712782,3.0,0.0,11,20.0,70.0,mpc / perfect forecast
0.027586206896551724,1071.5512697744782,2171.6111011886746,2171.6111011886746,462.4161966091253,2021.8187463627687,3,False,0.012244506946644985,0.031212304590656242,3.0,0.0,11,20.0,70.0,mpc / perfect forecast
0.041379310344827586,271.767609960559,326.4955113862515,388.19628598097046,122.11462403225477,2158.239850324753,0,False,0.012737114028166886,0.0290904151802588,3.0,0.0,11,20.0,70.0,mpc / perfect forecast
0.020689655172413793,233.19757852239755,454.3264613220568,454.3264613220568,607.7280265265834,1766.2660615837156,5,False,0.012421919229846772,0.03251470272313203,3.0,0.0,11,20.0,70.0,mpc / perfect forecast
0.013793103448275862,926.541723289495,1774.1502433286296,1774.1502433286296,295.71570283761866,2154.767827778733,0,False,0.012846438865285205,0.034772131205884585,3.0,0.0,11,20.0,70.0,mpc / perfect forecast
0.020689655172413793,228.61678192938967,380.9223850668159,380.9223850668159,398.8185483288066,2157.1570239091943,2,False,0.012595826798884843,0.03749808985603138,3.0,0.0,11,20.0,70.0,mpc / perfect forecast
0.020689655172413793,1257.9147673886298,2492.3290581908504,2492.3290581908504,412.4001191880823,1827.6159042621755,3,False,0.011048105513428743,0.02801437082097869,3.0,0.0,11,20.0,75.0,mpc / perfect forecast
0.05517241379310345,241.83796858479076,162.78991911737268,386.5235814527517,290.4966761390247,1967.510068181402,4,False,0.012596032938216371,0.03604071476186567,3.0,0.0,11,20.0,75.0,mpc / perfect forecast
0.034482758620689655,256.0736675932565,366.3107198700327,368.6904327617412,127.62771244455644,2170.666623325558,1,False,0.013007059674625421,0.035182183415884825,3.0,0.0,11,20.0,75.0,mpc / perfect forecast
0.020689655172413793,687.4261343497797,1376.9956580756882,1376.9956580756882,351.5351987794446,1833.3664670791834,0,False,0.012391289060843686,0.03452487638572824,3.0,0.0,11,20.0,75.0,mpc / perfect forecast
0.027586206896551724,977.6016052578592,1869.6807874669996,1869.6807874669996,373.175689921146,1791.5024578242194,3,False,0.013520893679797018,0.031557609940897555,3.0,0.0,11,20.0,75.0,mpc / perfect forecast
0.020689655172413793,1344.2156335341688,2643.568345323716,2643.568345323716,412.05136756131805,1817.6149743066778,3,False,0.012956337142009345,0.0315235924586764,3.0,0.0,11,20.0,75.0,mpc / perfect forecast
0.027586206896551724,272.29557458615756,481.3930931718498,500.93200966315055,357.1422508598326,2176.0734318756927,0,False,0.012989072509149834,0.03506320644464443,3.0,0.0,11,20.0,80.0,mpc / perfect forecast
0.034482758620689655,845.6686620810353,1590.367809467758,1590.367809467758,459.3232968402385,1821.2146291124864,5,False,0.012662146915843539,0.031217670384712445,3.0,0.0,11,20.0,80.0,mpc / perfect forecast
0.020689655172413793,310.6890257579919,366.9048496373684,464.25158479561105,281.41770423147085,2176.7426910519457,1,False,0.012430712100095494,0.0333485958893169,3.0,0.0,11,20.0,80.0,mpc / perfect forecast
0.034482758620689655,912.4539480308177,1938.2222223123645,1938.2222223123645,14.619958421988807,2157.8720200527696,4,False,0.012346138207341413,0.03096178041942794,3.0,0.0,11,20.0,80.0,mpc / perfect forecast
0.3793103448275862,70.28358053268242,16.531421204288762,141.16027215686967,404.13216033511287,1960.6295326975412,5,False,0.013006877477255752,0.03107151489524389,3.0,0.0,11,20.0,80.0,mpc / perfect forecast
0.034482758620689655,667.0574279655257,1029.0465278695383,1073.8647114151413,94.59466679464765,2057.091022935044,2,False,0.012112349167561544,0.034841212879413774,3.0,0.0,11,20.0,80.0,mpc / perfect forecast
0.034482758620689655,854.0110742664713,1848.6099963853114,1848.6099963853114,128.92454655106377,2159.870102275681,3,False,0.013285100779194368,0.032728991522594536,3.0,0.0,11,20.0,85.0,mpc / perfect forecast
0.027586206896551724,305.58863917146067,744.4785596845322,744.4785596845322,419.98851328772525,1889.7094044872217,5,False,0.013545075085218905,0.03450687281809672,3.0,0.0,11,20.0,85.0,mpc / perfect forecast
0.2896551724137931,67.29906360613828,78.20776357333482,119.65549148154827,519.0809121768035,1946.5389682822351,5,False,0.01194946484563377,0.03578563504007286,3.0,0.0,11,20.0,85.0,mpc / perfect forecast
0.027586206896551724,903.908079386323,1763.7711972048742,1763.7711972048742,277.11552371496924,2159.774700176385,3,False,0.012359800495727458,0.03456398230278736,3.0,0.0,11,20.0,85.0,mpc / perfect forecast
0.020689655172413793,780.1767319481427,1511.6877725727077,1511.6877725727077,395.08374784451286,1970.6972860952026,5,False,0.012380750544731417,0.0338338895758247,3.0,0.0,11,20.0,85.0,mpc / perfect forecast
0.034482758620689655,732.2422260361129,1414.4172322899449,1414.4172322899449,393.13867871711375,1970.4931458391457,5,False,0.01366803772973211,0.03675975993643618,3.0,0.0,11,20.0,85.0,mpc / perfect forecast
0.06896551724137931,127.12239146709246,156.0849039883549,186.85768512115484,415.98977767058005,1927.565085105955,2,False,0.013448648477818244,0.030929159612642247,3.0,0.0,11,20.0,90.0,mpc / perfect forecast
0.3931034482758621,100.3119164070402,150.4632027918572,186.42610474127906,412.87792768687916,1855.3466050928248,4,False,0.011776466638157988,0.0279544452400196,3.0,0.0,11,20.0,90.0,mpc / perfect forecast
0.027586206896551724,767.13396324508,1494.1022333041162,1494.1022333041162,755.4594804034447,1755.0710435170754,3,False,0.01314257733659749,0.03456000741523496,3.0,0.0,11,20.0,90.0,mpc / perfect forecast
0.06896551724137931,663.9044497454645,2151.484144469985,2151.484144469985,309.4321068999123,2152.6953513303324,0,False,0.013081134226054296,0.03705905012752987,3.0,0.0,11,20.0,90.0,mpc / perfect forecast
0.04827586206896552,383.4373381004398,382.8931796973696,578.7363344740413,135.5916742612923,2121.4989804266493,3,False,0.01154409061312907,0.028251213182767004,3.0,0.0,11,20.0,90.0,mpc / perfect forecast
0.041379310344827586,618.7680873378451,1056.4346939331024,1056.4346939331024,390.1266568993615,1970.6971316522981,6,False,0.012634250743485134,0.035524878448118094,3.0,0.0,11,20.0,90.0,mpc / perfect forecast
0.4827586206896552,54.56874117378722,30.926600725950625,116.34732555960957,211.87391838008566,2037.2309195114278,4,False,0.011576849664572121,0.028865290002305075,3.0,0.0,11,25.0,70.0,mpc / perfect forecast
0.020689655172413793,1559.389625259907,3010.5423127461277,3010.5423127461277,536.9327238247854,1720.7654936195167,3,False,0.012823048586489996,0.030482617696064467,3.0,0.0,11,25.0,70.0,mpc / perfect forecast
0.7103448275862069,39.053611760462694,75.2854642827017,75.2854642827017,209.04056770387552,2059.151123232196,4,False,0.013149571353505545,0.03062382987171368,3.0,0.0,11,25.0,70.0,mpc / perfect forecast
0.5655172413793104,47.01271343705507,47.883510453328114,83.21280278785044,317.4475082912751,1945.2826836465606,3,False,0.012013870283433738,0.032919882049709664,3.0,0.0,11,25.0,70.0,mpc / perfect forecast
0.027586206896551724,1121.2257478101412,2579.751516866524,2579.751516866524,538.8813859948518,1928.500704665095,4,False,0.013617648799165749,0.0377713582030838,3.0,0.0,11,25.0,70.0,mpc / perfect forecast
0.1793103448275862,499.7072453264615,1561.0674145465755,1561.0674145465755,573.0258112700145,1838.4345438189441,4,False,0.0125114777504143,0.03323918882079497,3.0,0.0,11,25.0,70.0,mpc / perfect forecast
0.4,68.30491173942757,107.46994342452642,137.23203634511503,309.8150653881052,1950.7136134281593,6,False,0.013324490716103466,0.03290553162400389,3.0,0.0,11,25.0,75.0,mpc / perfect forecast
0.08275862068965517,318.57542928604755,782.4360329234275,782.4360329234275,260.4209609833528,1909.4943624781138,4,False,0.011392454803480032,0.02799191933922534,3.0,0.0,11,25.0,75.0,mpc / perfect forecast
0.027586206896551724,808.0533238208328,1517.690084073078,1517.690084073078,414.1607182514705,1730.1363826078655,1,False,0.01227470409416123,0.03321437613850097,3.0,0.0,11,25.0,75.0,mpc / perfect forecast
0.06896551724137931,430.57973581157296,747.6275617686662,747.6275617686662,395.1159930368626,1857.913845382181,9,False,0.01305541957024664,0.03286110941688333,3.0,0.0,11,25.0,75.0,mpc / perfect forecast
0.5655172413793104,41.8802983536661,61.25431417937438,74.07831133549482,317.89840562865277,1945.4785531269597,7,False,0.01255630625099395,0.02915371360354787,3.0,0.0,11,25.0,75.0,mpc / perfect forecast
0.027586206896551724,956.7947780062913,1818.7413045301619,1818.7413045301619,411.584018540147,1726.9560030452528,1,False,0.012610763197885892,0.03453326989272429,3.0,0.0,11,25.0,75.0,mpc / perfect forecast
0.15172413793103448,422.5122939839382,970.8758625510504,970.8758625510504,298.0778542147409,1981.4895911407757,7,False,0.01205445480027163,0.03362836777219333,3.0,0.0,11,25.0,80.0,mpc / perfect forecast
0.034482758620689655,478.83210399982124,647.371240137668,709.8222824734352,0.0,2145.605803492437,0,False,0.012739951145051602,0.03181172520406323,3.0,0.0,11,25.0,80.0,mpc / perfect forecast
0.020689655172413793,1250.9625764371333,2847.205058792657,2847.205058792657,630.6562882336307,2141.7279924831623,5,False,0.012456339240890594,0.03148151186406343,3.0,0.0,11,25.0,80.0,mpc / perfect forecast
0.5862068965517241,47.60508938978063,79.77986181563863,100.36753331550086,309.26136541498306,2059.6049218613816,6,False,0.01308647450820129,0.0348612153070091,3.0,0.0,11,25.0,80.0,mpc / perfect forecast
0.18620689655172415,170.83345207998278,369.7434813124775,369.7434813124775,408.56601045793286,1859.369604269519,3,False,0.01211066247572693,0.030479810776845254,3.0,0.0,11,25.0,80.0,mpc / perfect forecast
0.04827586206896552,194.171167457206,272.1354226555327,275.48873506101046,620.0206976993015,1569.945254007232,11,False,0.013429565376388158,0.030686643386979823,3.0,0.0,11,25.0,80.0,mpc / perfect forecast
0.25517241379310346,101.8536035781531,181.044524749292,181.044524749292,685.5828657438308,1670.0932605915525,7,False,0.012748872855710304,0.031995176779620424,3.0,0.0,11,25.0,85.0,mpc / perfect forecast
0.5172413793103449,56.44601606846678,183.93582564582985,183.93582564582985,402.80105477525177,1871.5981156110106,5,False,0.013208581053395693,0.033964062195354805,3.0,0.0,11,25.0,85.0,mpc / perfect forecast
0.06206896551724138,270.12920444503595,404.29739056495225,418.0048582701945,428.24477802742643,2050.382326147354,5,False,0.012633676932610475,0.036140568435100884,3.0,0.0,11,25.0,85.0,mpc / perfect forecast
0.3931034482758621,75.89002914556058,209.19873814183063,209.19873814183063,620.1864817385265,1861.440293221623,7,False,0.013549776040819838,0.03489149519221691,3.0,0.0,11,25.0,85.0,mpc / perfect forecast
1.0,22.873224685002427,45.404874516799794,45.404874516799794,506.8998064903596,1935.4815744270632,6,False,0.013056174349366623,0.032741954974467934,3.0,0.0,11,25.0,85.0,mpc / perfect forecast
0.5172413793103449,96.33948599318494,273.12309455292757,284.7199196437439,341.53792938042443,2053.1858109475647,4,False,0.012783689182437096,0.03465209707261993,3.0,0.0,11,25.0,85.0,mpc / perfect forecast
0.4482758620689655,70.08917663132709,112.09633389975306,166.47127916353827,225.2811973936711,2042.022425151584,4,False,0.01284123499362958,0.03198539341102944,3.0,0.0,11,25.0,90.0,mpc / perfect forecast
0.013793103448275862,2038.1049486687245,3555.14764376239,3555.14764376239,338.4637100923453,1791.151790081955,2,True,0.01271502798192207,0.04369898025368971,3.0,0.0,11,25.0,90.0,mpc / perfect forecast
0.12413793103448276,424.09936941635254,1067.3029675106895,1067.3029675106895,807.4225090655744,1571.4580926001854,6,False,0.011983480182873426,0.03334204142638927,3.0,0.0,11,25.0,90.0,mpc / perfect forecast
0.013793103448275862,1901.9765385148714,4052.257290365872,4052.257290365872,258.451513397075,1747.8175742097258,1,True,0.01182657835746783,0.031314921950601676,3.0,0.0,11,25.0,90.0,mpc / perfect forecast
0.013793103448275862,2100.6539861700403,3599.978306651738,3599.978306651738,347.26070130277566,1800.62562540833,1,True,0.01308758841414968,0.037756655772929415,3.0,0.0,11,25.0,90.0,mpc / perfect forecast
0.034482758620689655,1195.8223332964321,3044.844229296981,3044.844229296981,106.00959861641243,2072.371073845589,0,False,0.01167889912171636,0.02698666574489095,3.0,0.0,11,25.0,90.0,mpc / perfect forecast
0.020689655172413793,1711.1815550368449,2984.8708212560687,2984.8708212560687,778.3442103409216,1402.1982407757896,3,False,0.012152830669824316,0.024748292111010785,3.0,0.0,11,30.0,70.0,mpc / perfect forecast
0.020689655172413793,682.78228151406,1437.8522928429709,1437.8522928429709,226.88863525120635,2133.7059551474445,1,False,0.011425756178368676,0.03136251294375691,3.0,0.0,11,30.0,70.0,mpc / perfect forecast
0.020689655172413793,889.5062718485003,1931.560366577462,1931.560366577462,250.0936432038076,1933.9537708841256,2,False,0.011496627553073258,0.030487757259875178,3.0,0.0,11,30.0,70.0,mpc / perfect forecast
0.020689655172413793,859.6497047228237,1621.2015903756142,1621.2015903756142,282.14563837227587,1914.295054529477,0,False,0.012805216066061248,0.0443834899728638,3.0,0.0,11,30.0,70.0,mpc / perfect forecast
0.020689655172413793,708.2054390264791,1530.0966581893167,1530.0966581893167,361.6694642565311,2132.6400806361603,2,False,0.012163097914487067,0.04630599361866848,3.0,0.0,11,30.0,70.0,mpc / perfect forecast
0.020689655172413793,1186.7067628420355,2431.66640903216,2431.66640903216,726.0917378550403,1928.9623048670387,5,False,0.01169933518393925,0.03213158575565469,3.0,0.0,11,30.0,70.0,mpc / perfect forecast
0.027586206896551724,556.885376233956,939.7845280731609,939.7845280731609,581.4094288790815,1774.639322643807,8,False,0.012251016612602557,0.028278030957506837,3.0,0.0,11,30.0,75.0,mpc / perfect forecast
0.020689655172413793,1117.9372791995172,2067.2154140088637,2067.2154140088637,412.0233707285252,1640.704563311449,3,False,0.012673592393240125,0.03438819070000926,3.0,0.0,11,30.0,75.0,mpc / perfect forecast
0.020689655172413793,1293.1733770036285,2178.2332576097992,2178.2332576097992,798.8230619331678,1142.1044544317085,5,False,0.01228389107526549,0.031384794136448686,3.0,0.0,11,30.0,75.0,mpc / perfect forecast
0.013793103448275862,1293.7769499753108,2363.8985726286905,2363.8985726286905,892.1984461018947,1061.994703271678,6,False,0.011793777195353237,0.030978013739533176,3.0,0.0,11,30.0,75.0,mpc / perfect forecast
0.020689655172413793,665.5524597930207,1020.2262889079567,1022.6933592676694,520.8275978437093,1662.2668058734848,3,False,0.011898213801867317,0.03069119991604972,3.0,0.0,11,30.0,75.0,mpc / perfect forecast
0.020689655172413793,1454.3931823604917,2511.3204690418997,2511.3204690418997,21.868938564026514,1848.1671869083423,0,False,0.013630835982152378,0.03033624510187652,3.0,0.0,11,30.0,75.0,mpc / perfect forecast
0.020689655172413793,1130.1051947442018,1937.5228124915084,1937.5228124915084,114.0430656560567,1805.5522903210763,2,False,0.012473066984256875,0.035056594890504236,3.0,0.0,11,30.0,80.0,mpc / perfect forecast
0.027586206896551724,563.5455468029716,983.72857615055,983.72857615055,146.28739956892065,1981.3622682133007,0,False,0.013296447280997844,0.029103665424907412,3.0,0.0,11,30.0,80.0,mpc / perfect forecast
0.027586206896551724,825.8120245749384,1661.8726158002644,1661.8726158002644,102.44676311057962,1949.3421107162826,4,False,0.013028989599540474,0.027724587110497568,3.0,0.0,11,30.0,80.0,mpc / perfect forecast
0.013793103448275862,1178.3488025220877,1447.6700494514375,1448.911344290773,13.72159712771421,2156.268836060761,3,False,0.012580461514858312,0.029498413342616485,3.0,0.0,11,30.0,80.0,mpc / perfect forecast
0.020689655172413793,1068.540848220261,2253.776463640076,2253.776463640076,2.3937802536769297,1873.2513882503806,0,False,0.013352460099503648,0.03451334120795918,3.0,0.0,11,30.0,80.0,mpc / perfect forecast
0.013793103448275862,982.6367813832622,1846.7027200238142,1846.7027200238142,364.0280044730689,2146.4904197460482,0,False,0.012878050695607643,0.03488487136196504,3.0,0.0,11,30.0,80.0,mpc / perfect forecast
0.020689655172413793,622.5509933896045,1239.5382489435067,1239.5382489435067,322.45606062485155,2141.76717575051,0,False,0.013612835507734254,0.039742069753713534,3.0,0.0,11,30.0,85.0,mpc / perfect forecast
0.027586206896551724,778.9408883614831,1876.5842510054615,1876.5842510054615,0.0,1898.3666370759345,0,False,0.013115319889424808,0.032530342074898695,3.0,0.0,11,30.0,85.0,mpc / perfect forecast
0.013793103448275862,598.031344765409,1259.744677386163,1259.744677386163,327.56569366631953,1886.895321921334,0,False,0.012846786348430485,0.03330712395645471,3.0,0.0,11,30.0,85.0,mpc / perfect forecast
0.013793103448275862,652.1654570932263,798.1189985081081,855.5303632822058,563.659348783133,1610.2723064992463,4,False,0.012346626618528781,0.028246206067911638,3.0,0.0,11,30.0,85.0,mpc / perfect forecast
0.013793103448275862,621.0833635150631,1034.301394946266,1034.301394946266,400.467249457034,1821.0431246436424,0,False,0.011946117274306242,0.03011579592761359,3.0,0.0,11,30.0,85.0,mpc / perfect forecast
0.006896551724137931,2098.016199662368,3790.365242118345,3790.365242118345,69.91501979749418,2143.631533199186,1,False,0.012713692371992293,0.0289257847414553,3.0,0.0,11,30.0,85.0,mpc / perfect forecast
0.020689655172413793,1064.2744972806454,2141.339043279759,2141.339043279759,0.0,2010.3862219187727,0,False,0.012871751699744345,0.03378234470443812,3.0,0.0,11,30.0,90.0,mpc / perfect forecast
0.006896551724137931,2475.543589588542,3083.779875169608,3083.779875169608,386.9261270618665,1204.3756249154146,1,True,0.012873211655737208,0.03251217602501351,3.0,0.0,11,30.0,90.0,mpc / perfect forecast
0.041379310344827586,1042.7868397130414,2197.264695259767,2197.264695259767,413.00629635182605,1517.3985889228286,4,False,0.012520066222358163,0.03846316985608573,3.0,0.0,11,30.0,90.0,mpc / perfect forecast
0.041379310344827586,1049.9667464565334,2260.1896887550183,2260.1896887550183,0.0,1646.468128235517,0,False,0.01305238222499172,0.04367603153205654,3.0,0.0,11,30.0,90.0,mpc / perfect forecast
0.020689655172413793,1164.4851590690919,2595.6816531725026,2595.6816531725026,167.10277089263184,1901.1900667963735,1,False,0.012523414852911327,0.04108357141100637,3.0,0.0,11,30.0,90.0,mpc / perfect forecast
0.041379310344827586,454.9736882186826,775.2520271931367,783.2410739686617,10.057097850557453,2075.670485509377,0,False,0.012257616868663031,0.03371834269720855,3.0,0.0,11,30.0,90.0,mpc / perfect forecast
0.013793103448275862,2197.5976794923367,3288.35047289183,3288.35047289183,9.997021501443411,2158.7968160219434,0,True,0.011912154955547778,0.030478082895522285,3.0,0.0,12,10.0,70.0,hold
0.013793103448275862,2282.580917289249,3282.158168333221,3282.158168333221,15.646669467832023,2149.189289044254,0,True,0.01245520143302354,0.031634649598300695,3.0,0.0,12,10.0,70.0,hold
0.013793103448275862,2190.996612591094,3280.483741970265,3280.483741970265,14.287284810627902,2149.819347843156,0,True,0.012773252100772556,0.03478337688064892,3.0,0.0,12,10.0,70.0,hold
0.020689655172413793,1707.3401310497827,3283.735305928845,3283.735305928845,11.920105236150537,2163.491598859379,0,True,0.011795289635167693,0.03367372137261116,3.0,0.0,12,10.0,70.0,hold
0.013793103448275862,1722.086049381658,3294.189782766889,3294.189782766889,20.205663323257465,2164.6838928535535,0,True,0.0127709888417465,0.033921910397458004,3.0,0.0,12,10.0,70.0,hold
0.013793103448275862,2002.6484367522303,3280.960408427231,3280.960408427231,10.877447178837238,2160.8047838031757,0,True,0.0138016056469707,0.03485844443890697,3.0,0.0,12,10.0,70.0,hold
0.013793103448275862,2669.6176255446735,3834.730606870223,3834.730606870223,15.473025178808474,2148.5900206233455,0,True,0.012785148324000873,0.037802702425938514,3.0,0.0,12,10.0,75.0,hold
0.013793103448275862,2657.9048305404285,3841.5442573357323,3841.5442573357323,19.79920595992585,2147.385234623687,0,True,0.013387495851670914,0.030158039543924223,3.0,0.0,12,10.0,75.0,hold
0.013793103448275862,2565.785610191839,3839.247008121754,3839.247008121754,23.29989756466187,2152.684807098124,0,True,0.011851263277684657,0.032052860672019824,3.0,0.0,12,10.0,75.0,hold
0.013793103448275862,2038.5834726515454,3826.0507605318808,3826.0507605318808,19.122702016180533,2159.1057227156725,0,True,0.013269355783249902,0.03126555997188806,3.0,0.0,12,10.0,75.0,hold
0.013793103448275862,1760.4258019498002,3225.4087533647867,3225.4087533647867,18.41461477188077,2163.118884232125,0,False,0.013656296497780534,0.033959253688807714,3.0,0.0,12,10.0,75.0,hold
0.013793103448275862,2241.3422950375125,3824.474757389733,3824.474757389733,19.367245334375028,2150.765159051679,0,True,0.012964566343005402,0.03290359449564189,3.0,0.0,12,10.0,75.0,hold
0.013793103448275862,2749.261829785917,4375.390538072609,4375.390538072609,21.255595197114797,2146.7849797121507,0,True,0.01156420811477272,0.03980975557012349,3.0,0.0,12,10.0,80.0,hold
0.013793103448275862,2525.0865086638278,4374.547630735642,4374.547630735642,12.636543218352417,2150.517439784768,0,True,0.012274072746907424,0.03693038895156158,3.0,0.0,12,10.0,80.0,hold
0.013793103448275862,2757.053225940079,4372.537147090405,4372.537147090405,17.13378606401737,2145.8165204138745,0,True,0.01246334086966241,0.029243529549588757,3.0,0.0,12,10.0,80.0,hold
0.013793103448275862,1935.198075787613,3818.284985969264,3818.284985969264,13.800532163064318,2166.5769684446136,0,False,0.013417463979365754,0.034424343131331,3.0,0.0,12,10.0,80.0,hold
0.013793103448275862,2415.3215714051403,4369.6216508864745,4369.6216508864745,17.2480219814361,2155.5338791784843,0,True,0.012914310659919513,0.03496973224573972,3.0,0.0,12,10.0,80.0,hold
0.020689655172413793,1571.0005153959698,2973.271593270517,2973.271593270517,8.656108922572983,2165.6357404261403,0,False,0.011999112498179244,0.033098208207370694,3.0,0.0,12,10.0,80.0,hold
0.034482758620689655,946.6266916942895,2345.2751991211417,2345.2751991211417,10.882894855385489,2172.9409187685683,0,False,0.012112493723152951,0.03292834710366957,3.0,0.0,12,10.0,85.0,hold
0.020689655172413793,1588.15097871082,3380.788991806446,3380.788991806446,19.626488599413406,2166.142066578677,0,False,0.012490928100597057,0.037452091968119446,3.0,0.0,12,10.0,85.0,hold
0.013793103448275862,2891.6479486109947,4957.374668197254,4957.374668197254,16.635870135900863,2153.6317965549088,0,True,0.012266341166310228,0.030551361156768753,3.0,0.0,12,10.0,85.0,hold
0.013793103448275862,1935.3248187512345,3842.467826914992,3842.467826914992,23.068385406157564,2158.5456991454566,0,False,0.012867592034999013,0.03743265181763518,3.0,0.0,12,10.0,85.0,hold
0.020689655172413793,1830.897352588889,3715.710972982902,3715.710972982902,15.506103124591005,2167.4798793207997,0,False,0.012409578017285048,0.03612899684280301,3.0,0.0,12,10.0,85.0,hold
0.020689655172413793,1794.841154697662,3780.827343397336,3780.827343397336,13.189548347342036,2168.40619829178,0,False,0.012583703112106341,0.03144962213877845,3.0,0.0,12,10.0,85.0,hold
0.013793103448275862,2994.1983766516496,5463.361392509668,5463.361392509668,23.00120477286164,2142.3447464521328,0,True,0.012072143823657054,0.03110360396769273,3.0,0.0,12,10.0,90.0,hold
0.013793103448275862,2827.7333707127777,5488.287171257768,5488.287171257768,14.289351035062552,2158.0938895190366,0,True,0.012348825029510015,0.03093088782731761,3.0,0.0,12,10.0,90.0,hold
0.013793103448275862,1943.7192206359637,3892.227825372842,3892.227825372842,17.420683515968843,2171.2205317526295,0,False,0.011846230153462872,0.03141322421516136,3.0,0.0,12,10.0,90.0,hold
0.013793103448275862,2062.163732700546,3737.9891775740903,3737.9891775740903,19.299947784529518,2157.688007829936,0,False,0.011589109013178726,0.030481780427345753,3.0,0.0,12,10.0,90.0,hold
0.013793103448275862,2945.018481505465,5477.638973216894,5477.638973216894,23.840492125643305,2144.8806488188097,0,True,0.01208785673454279,0.03312905976121279,3.0,0.0,12,10.0,90.0,hold
0.013793103448275862,2783.896681626055,5476.5744670760805,5476.5744670760805,22.612975006554695,2144.524584698759,0,True,0.011874236576869696,0.029769395313049448,3.0,0.0,12,10.0,90.0,hold
0.034482758620689655,740.4622322757795,1384.7701253609514,1384.7701253609514,24.965710470309247,2153.1332203090906,0,False,0.011726567962005677,0.03633468988691891,3.0,0.0,12,15.0,70.0,hold
0.020689655172413793,1565.260826281659,3243.0362348589374,3243.0362348589374,14.07296715916795,2144.617999563636,0,True,0.012744495265701582,0.0390685583675269,3.0,0.0,12,15.0,70.0,hold
0.020689655172413793,1444.3444171488486,2776.8691411187606,2776.8691411187606,14.098692083534809,2143.740680592054,0,False,0.012906699273051887,0.03646305112044845,3.0,0.0,12,15.0,70.0,hold
0.05517241379310345,939.0019281626271,1946.8866896778695,1946.8866896778695,14.413291228118176,2162.428652815296,0,False,0.01245460983333762,0.031673773696152915,3.0,0.0,12,15.0,70.0,hold
0.027586206896551724,893.1852803604685,1308.1635686663687,1322.7923145751602,9.826639042093236,2155.9901150734295,0,False,0.011811723335629765,0.03033359746521455,3.0,0.0,12,15.0,70.0,hold
0.013793103448275862,1489.5811910129598,2561.773542631561,2561.773542631561,24.468577621839458,2148.285647423542,0,False,0.012595718350949435,0.03257168746409084,3.0,0.0,12,15.0,70.0,hold
0.020689655172413793,1508.2697184733431,3155.263551908026,3155.263551908026,20.008326482937836,2144.894675770392,0,False,0.012261589511720713,0.032419305330813934,3.0,0.0,12,15.0,75.0,hold
0.013793103448275862,2374.78459270513,3762.91932553843,3762.91932553843,17.74567016417588,2137.8622756468367,0,True,0.013603848404859816,0.040916654744548295,3.0,0.0,12,15.0,75.0,hold
0.020689655172413793,1333.0306029004157,2478.093496576117,2478.093496576117,11.10879815903832,2151.472240869686,0,False,0.012670503477894897,0.029258090569392277,3.0,0.0,12,15.0,75.0,hold
0.027586206896551724,966.0408962117086,1956.646119455941,1956.646119455941,17.427904506336116,2153.618156185007,0,False,0.012293748633586035,0.029791662086466594,3.0,0.0,12,15.0,75.0,hold
0.013793103448275862,1400.4286659332904,2451.1261350555883,2451.1261350555883,19.917230576161142,2145.379013850822,0,False,0.012249259141340667,0.0369716717660467,3.0,0.0,12,15.0,75.0,hold
0.013793103448275862,2145.9823093594364,3753.7475481647807,3753.7475481647807,14.273212758100286,2140.9558548713403,0,True,0.011521454487947988,0.03830323050467881,3.0,0.0,12,15.0,75.0,hold
0.020689655172413793,1420.4265799324717,2744.1893224919113,2744.1893224919113,14.433918892141705,2151.580873438419,0,False,0.012964506274379553,0.03650330005706775,3.0,0.0,12,15.0,80.0,hold
0.041379310344827586,708.712188277799,1674.8697040158838,1674.8697040158838,19.379116647806708,2158.3556554437723,0,False,0.012152286390872034,0.03614570458325793,3.0,0.0,12,15.0,80.0,hold
0.027586206896551724,1043.9537889839503,2288.699495043241,2288.699495043241,12.33050200265876,2157.2915228689744,0,False,0.012575471200269679,0.031029695405881626,3.0,0.0,12,15.0,80.0,hold
0.013793103448275862,2175.6070268259837,4318.143125689546,4318.143125689546,25.566505546422146,2137.183046351595,0,True,0.012402795039880711,0.031163462254144268,3.0,0.0,12,15.0,80.0,hold
0.027586206896551724,1093.1319564136143,2281.6948292307166,2281.6948292307166,12.645894617273823,2149.3180731481925,0,False,0.01207246935752611,0.040802997337857444,3.0,0.0,12,15.0,80.0,hold
0.020689655172413793,1418.541207491319,2880.018095079723,2880.018095079723,12.480673566651936,2146.231178888176,0,False,0.013830255016505708,0.03229038465351641,3.0,0.0,12,15.0,80.0,hold
0.013793103448275862,1584.9604805424824,3002.7029945756412,3002.7029945756412,20.66682438992268,2147.230985396364,0,False,0.01271301182590289,0.03806647593569521,3.0,0.0,12,15.0,85.0,hold
0.020689655172413793,1429.5649929301235,2681.7213937550196,2681.7213937550196,8.124663467366469,2155.2838025690467,0,False,0.011760650772096105,0.03265554827897864,3.0,0.0,12,15.0,85.0,hold
0.027586206896551724,1143.3040462417755,2253.876184659786,2253.876184659786,16.80012511950405,2153.2883353773364,0,False,0.012699326417351171,0.03415586697239329,3.0,0.0,12,15.0,85.0,hold
0.020689655172413793,1293.6169706781425,2444.2211013923675,2444.2211013923675,8.524252492190103,2148.9154712350514,0,False,0.012428225233444043,0.03193317527360939,3.0,0.0,12,15.0,85.0,hold
0.027586206896551724,1549.6612835435349,3503.1669528867146,3503.1669528867146,27.375640928028346,2146.199015714135,0,False,0.011684743787065695,0.033671621199749244,3.0,0.0,12,15.0,85.0,hold
0.013793103448275862,1980.0612233048987,3931.155366388723,3931.155366388723,15.62164986726856,2142.659969968726,0,False,0.011866623613021338,0.03290004123088084,3.0,0.0,12,15.0,85.0,hold
0.013793103448275862,1973.4968704650375,4181.010491678788,4181.010491678788,25.182405279909776,2144.3319992870684,0,False,0.013686909192587965,0.03890986442119275,3.0,0.0,12,15.0,90.0,hold
0.013793103448275862,2360.677090948975,4946.901168318935,4946.901168318935,23.431099245000286,2136.1843034215703,0,False,0.013657295592615486,0.03591416611641624,3.0,0.0,12,15.0,90.0,hold
0.013793103448275862,1973.6560872395326,4109.9708483247005,4109.9708483247005,21.133379376658304,2138.83568882003,0,False,0.012286536670540197,0.033130355635994244,3.0,0.0,12,15.0,90.0,hold
0.020689655172413793,1467.8338618700955,3140.1028680643235,3140.1028680643235,14.551964834824128,2148.094721110091,0,False,0.013392195562803492,0.03273595733519627,3.0,0.0,12,15.0,90.0,hold
0.013793103448275862,1637.557386581428,2923.3837723393876,2923.3837723393876,21.938009173470252,2143.4752461536814,0,False,0.012261645949633278,0.03267493018051121,3.0,0.0,12,15.0,90.0,hold
0.020689655172413793,1992.3042991273048,4127.304706900163,4127.304706900163,18.51077186236596,2139.49921532582,0,False,0.012894685525131752,0.03532208316050908,3.0,0.0,12,15.0,90.0,hold
0.027586206896551724,367.2158189862985,448.37939366650374,474.95871953433095,18.179144612578593,2144.3831204041658,0,False,0.011371148111076913,0.02695743122459486,3.0,0.0,12,20.0,70.0,hold
0.06896551724137931,389.099689374313,558.5127259133121,628.4289776309012,12.398197598478516,2143.019268134431,0,False,0.01224450698229938,0.03121230491366728,3.0,0.0,12,20.0,70.0,hold
0.020689655172413793,1300.5314640565005,2024.8020524463352,2024.8020524463352,12.242006386648148,2126.252743654411,0,False,0.012737114037574007,0.0290904159632289,3.0,0.0,12,20.0,70.0,hold
0.041379310344827586,791.4553940730738,1457.0358098345876,1457.0358098345876,17.101870227305582,2137.802280980375,0,False,0.012421919249121179,0.03251470197037487,3.0,0.0,12,20.0,70.0,hold
0.027586206896551724,838.5096967635329,1490.5587984954661,1490.5587984954661,18.291017497021755,2138.301425155908,0,False,0.012846438881068456,0.03477213121195872,3.0,0.0,12,20.0,70.0,hold
0.027586206896551724,1658.0690968236238,2989.746756399764,2989.746756399764,17.6401580051422,2129.368610859391,0,False,0.01259582679292983,0.03749808882133263,3.0,0.0,12,20.0,70.0,hold
0.020689655172413793,1466.4269724524527,2418.872209541246,2418.872209541246,15.264895202005535,2127.3196916536317,0,False,0.011048105488168447,0.028014370077802088,3.0,0.0,12,20.0,75.0,hold
0.034482758620689655,699.0012308752946,1203.1274841981883,1203.1274841981883,19.947005640142606,2134.49839653496,0,False,0.01259603293371024,0.036040714744851585,3.0,0.0,12,20.0,75.0,hold
0.0896551724137931,878.1597804506273,2065.688810029414,2065.688810029414,19.218087384896524,2140.413763354628,0,False,0.013007059646885718,0.035182183112225686,3.0,0.0,12,20.0,75.0,hold
0.020689655172413793,1023.613265898377,1666.5832825143864,1666.5832825143864,20.401038668038467,2136.970867579052,0,False,0.012391289057880164,0.034524876392259256,3.0,0.0,12,20.0,75.0,hold
0.06206896551724138,250.5083903328051,359.4267870803944,365.53937461033865,11.110263530791647,2142.495287873224,0,False,0.013520893683890872,0.03155760827856572,3.0,0.0,12,20.0,75.0,hold
0.020689655172413793,635.4554290003972,908.3571139603748,929.7732442715849,11.988420319748235,2068.880728393764,0,False,0.01295633728205443,0.0315235951823119,3.0,0.0,12,20.0,75.0,hold
0.041379310344827586,1159.0147367692762,2614.279549527683,2614.279549527683,15.69902480799808,2141.3797095630853,0,False,0.012989072503027265,0.03506320466968557,3.0,0.0,12,20.0,80.0,hold
0.04827586206896552,420.1314042734232,834.7006384120499,834.7006384120499,16.895861309729906,2145.5011307521454,0,False,0.012662146916139674,0.031217670315848958,3.0,0.0,12,20.0,80.0,hold
0.034482758620689655,1042.3609305636085,2387.689339528363,2387.689339528363,23.211353283671322,2134.0007954534462,0,False,0.012430712088440148,0.033348596169741125,3.0,0.0,12,20.0,80.0,hold
0.08275862068965517,640.2523850971754,1694.4916632315822,1694.4916632315822,10.803673551792544,2153.600973760925,0,False,0.012346138175672497,0.030961785408720452,3.0,0.0,12,20.0,80.0,hold
0.027586206896551724,1174.1291947764716,2461.680834734234,2461.680834734234,10.257540674359127,2130.6077234486697,0,False,0.013006877477774442,0.03107151490753254,3.0,0.0,12,20.0,80.0,hold
0.06896551724137931,199.86156306187456,400.0258850664782,400.0258850664782,18.67877391348924,2149.56477269634,0,False,0.01211234915748561,0.0348412128108187,3.0,0.0,12,20.0,80.0,hold
0.020689655172413793,1562.7723024954912,3508.702624438884,3508.702624438884,21.6179690938317,2126.5458428995917,0,False,0.013285100774509676,0.03272899095782535,3.0,0.0,12,20.0,85.0,hold
0.041379310344827586,299.0167008213233,461.84506035478904,461.84506035478904,19.7631522971432,2145.383923180475,0,False,0.01354507507449799,0.03450687328879983,3.0,0.0,12,20.0,85.0,hold
0.020689655172413793,914.1305543232837,1535.095000528069,1535.095000528069,24.001942946943807,2133.3476875237075,0,False,0.011949464834166493,0.035785635698173925,3.0,0.0,12,20.0,85.0,hold
0.034482758620689655,1228.1908467980102,2621.221221787088,2621.221221787088,10.82048935938435,2108.843037866888,0,False,0.012359800529497122,0.034563985590799685,3.0,0.0,12,20.0,85.0,hold
0.1793103448275862,174.80809737538004,581.212972309922,581.212972309922,8.323299790772316,2150.527520616583,0,False,0.012380750545963784,0.03383388923913246,3.0,0.0,12,20.0,85.0,hold
0.4896551724137931,69.52202495157422,182.5961577797029,182.5961577797029,12.998643614011035,2150.197959809033,0,False,0.013668037758127024,0.03675976124713215,3.0,0.0,12,20.0,85.0,hold
0.06206896551724138,336.5211582029993,890.2135501243472,890.2135501243472,10.999811693470823,2145.426366032912,0,False,0.013448648471431271,0.030929159725970688,3.0,0.0,12,20.0,90.0,hold
0.034482758620689655,321.61128425007587,282.9122479329712,467.68398798389643,12.242384582368167,2148.9413651106574,0,False,0.011776466648100904,0.027954445099653273,3.0,0.0,12,20.0,90.0,hold
0.25517241379310346,351.34693819468004,986.2871014678803,986.2871014678803,11.70399884150574,2152.701136941814,0,False,0.013142577346263602,0.034560007409779304,3.0,0.0,12,20.0,90.0,hold
0.08275862068965517,645.8339650707467,1665.6520404322312,1665.6520404322312,7.678258221790236,2151.1610799209807,0,False,0.013081134234867203,0.03705905012637571,3.0,0.0,12,20.0,90.0,hold
0.034482758620689655,527.0847215944545,606.7385216917922,690.246418716042,11.100386344563692,2144.594646907882,0,False,0.011544090616716607,0.028251214076325654,3.0,0.0,12,20.0,90.0,hold
0.19310344827586207,148.6786479512483,482.6534796559104,482.6534796559104,10.868703820114947,2151.0627022885456,0,False,0.012634250755491924,0.03552488090135797,3.0,0.0,12,20.0,90.0,hold
0.027586206896551724,846.6959366280093,1529.6700028459634,1529.6700028459634,4.3391007217892055,1935.8369006100368,0,False,0.011576849659191566,0.028865289464633535,3.0,0.0,12,25.0,70.0,hold
0.1793103448275862,273.11432965359916,521.223291341474,521.223291341474,16.015455760039234,2005.6092850195937,0,False,0.012823048572531193,0.030482617083664204,3.0,0.0,12,25.0,70.0,hold
0.041379310344827586,1017.4498957943264,2162.5807853524907,2162.5807853524907,9.067291945177239,2111.308027274381,0,False,0.013149571309824052,0.030623829995429497,3.0,0.0,12,25.0,70.0,hold
0.027586206896551724,860.1008074554688,1076.7744119469687,1211.1583410301307,15.150641941318783,2023.3686985752836,0,False,0.012013870293558578,0.032919882048509944,3.0,0.0,12,25.0,70.0,hold
0.21379310344827587,463.16545345354393,1322.152257658464,1322.152257658464,18.491084991117717,1869.7868872940014,0,False,0.013617648857303561,0.03777136074622641,3.0,0.0,12,25.0,70.0,hold
0.027586206896551724,1009.687195200405,2191.37173473945,2191.37173473945,13.307320492744932,2059.5350615235097,0,False,0.012511477763688944,0.03323918897619755,3.0,0.0,12,25.0,70.0,hold
0.15172413793103448,491.38714132086386,1300.9539937460654,1300.9539937460654,13.8646414227918,2020.5083682085824,0,False,0.013324490729516102,0.032905532101403775,3.0,0.0,12,25.0,75.0,hold
0.034482758620689655,489.86897296834627,625.8136754341579,693.911607631245,11.735985813031999,2057.0478052419185,0,False,0.011392454815609626,0.02799191980409761,3.0,0.0,12,25.0,75.0,hold
0.06896551724137931,355.2654829145624,546.91857254271,546.91857254271,9.191242700449129,2119.568410213858,0,False,0.0122747040809551,0.03321437585128428,3.0,0.0,12,25.0,75.0,hold
0.05517241379310345,221.21186643961755,427.840450228141,427.840450228141,9.640019156732858,2031.064400234922,0,False,0.013055419556026402,0.03286110969447141,3.0,0.0,12,25.0,75.0,hold
0.23448275862068965,147.08274223346058,471.99033186735676,471.99033186735676,6.958301089702587,2011.355859983208,0,False,0.012556306251137286,0.029153714155291038,3.0,0.0,12,25.0,75.0,hold
0.04827586206896552,463.24067097878634,702.9741286977726,745.814654618056,6.710054020766147,2117.9376126914017,0,False,0.012610763202967272,0.03453327097929912,3.0,0.0,12,25.0,75.0,hold
0.020689655172413793,1807.395312012251,3336.106199729188,3336.106199729188,9.88649214279832,1979.940242375439,0,False,0.012054454798745595,0.033628368066213526,3.0,0.0,12,25.0,80.0,hold
0.041379310344827586,599.1969416578448,1262.309627935387,1262.309627935387,15.082146672488927,2129.817511379224,0,False,0.012739951148336634,0.031811724946503146,3.0,0.0,12,25.0,80.0,hold
0.020689655172413793,2109.519040793369,3637.2333293058464,3637.2333293058464,14.826008532122803,1860.1462447800516,0,False,0.012456339153957283,0.03148150866968654,3.0,0.0,12,25.0,80.0,hold
0.020689655172413793,1509.4478963418712,3001.2316770604407,3001.2316770604407,10.208134551477594,1855.3319008776562,0,False,0.013086474513512098,0.03486121567061128,3.0,0.0,12,25.0,80.0,hold
0.041379310344827586,897.7049900218168,1829.0148199977946,1829.0148199977946,15.59796675106594,2116.1173959238536,0,False,0.01211066248754471,0.030479811060140673,3.0,0.0,12,25.0,80.0,hold
0.027586206896551724,907.6113207918297,1911.2980800593314,1911.2980800593314,16.572955615238406,2011.1095663504937,0,False,0.01342956537954696,0.030686643381408623,3.0,0.0,12,25.0,80.0,hold
0.041379310344827586,1823.209814891753,3146.9372376277533,3146.9372376277533,0.0,1505.710421809995,0,True,0.012748872968114012,0.03199518309847528,3.0,0.0,12,25.0,85.0,hold
0.05517241379310345,572.0508373332347,1212.7800175365437,1212.7800175365437,8.509355808088177,2070.039138500817,0,False,0.013208581064774615,0.03396406214500633,3.0,0.0,12,25.0,85.0,hold
0.06896551724137931,581.9516537555105,805.793778143891,880.4045197697506,9.259516559679305,2065.2313254596606,0,False,0.01263367693850562,0.03614056785748916,3.0,0.0,12,25.0,85.0,hold
0.020689655172413793,1123.8049584731978,1975.202669191483,1975.202669191483,18.744665326807066,2120.2315787693938,0,False,0.013549775960004735,0.034891491527294365,3.0,0.0,12,25.0,85.0,hold
0.027586206896551724,474.16691469873706,742.9685446293163,742.9685446293163,14.33590993552862,2142.991091088873,0,False,0.013056174309461842,0.03274195826790892,3.0,0.0,12,25.0,85.0,hold
0.08275862068965517,681.272241519993,1275.9899096396955,1275.9899096396955,16.64631751241191,2132.5712345355837,0,False,0.01278368918407509,0.03465209416658928,3.0,0.0,12,25.0,85.0,hold
0.09655172413793103,541.5270437580242,1164.575427508498,1164.575427508498,12.607136569898213,1980.0289134524435,0,False,0.012841234995482528,0.03198539131644633,3.0,0.0,12,25.0,90.0,hold
0.034482758620689655,1133.5515306308357,1840.4626447995395,1840.4626447995395,11.696383901935922,1753.030307607538,0,False,0.012715027949098331,0.043698978649813855,3.0,0.0,12,25.0,90.0,hold
0.04827586206896552,794.1932441132469,1723.5362427347739,1723.5362427347739,11.93645673678626,2102.7939673983165,0,False,0.011983480197569922,0.03334204142638927,3.0,0.0,12,25.0,90.0,hold
0.027586206896551724,520.6078389126682,1206.5909756831388,1206.5909756831388,10.539706869027897,2121.8042862711995,0,False,0.011826578482034444,0.03131492682508165,3.0,0.0,12,25.0,90.0,hold
0.041379310344827586,694.9628347150851,1031.3735040897507,1045.4498222825603,12.819767767723505,2083.186423903673,0,False,0.013087588333220558,0.037756657761527104,3.0,0.0,12,25.0,90.0,hold
0.034482758620689655,955.3392195625953,2226.036782345436,2226.036782345436,5.882812185415692,1846.638316463436,0,False,0.011678899121328544,0.0269866657484892,3.0,0.0,12,25.0,90.0,hold
0.013793103448275862,2094.2282831125094,4060.671971104865,4060.671971104865,24.502126200412565,1496.171463884311,0,False,0.012152830682101764,0.024748292339395888,3.0,0.0,12,30.0,70.0,hold
0.013793103448275862,1562.479687975681,2515.6348880731252,2515.6348880731252,23.964453013638554,1967.553821552047,0,False,0.01142575616975289,0.03136251045947172,3.0,0.0,12,30.0,70.0,hold
0.013793103448275862,2762.3335880261043,5163.0712739953915,5163.0712739953915,14.951164060174222,1422.6948842685313,0,False,0.011496627506994738,0.030487754047103723,3.0,0.0,12,30.0,70.0,hold
0.034482758620689655,344.7801694602174,260.17600047393717,501.4334486551714,10.160231181740446,1889.9559100868732,0,False,0.012805216080036005,0.0443834913589514,3.0,0.0,12,30.0,70.0,hold
0.020689655172413793,1139.796272015573,2025.6489637613754,2025.6489637613754,16.14143109979199,1779.6186463227723,0,False,0.012163097956673162,0.046305988440106825,3.0,0.0,12,30.0,70.0,hold
0.013793103448275862,1970.3955292122735,3881.1586612414044,3881.1586612414044,19.356993193485515,1724.7788559819153,0,False,0.011699335183904045,0.03213158768396948,3.0,0.0,12,30.0,70.0,hold
0.013793103448275862,2021.0413139321954,3737.556141718959,3737.556141718959,15.338839360927434,1781.3183528958473,0,False,0.012251016639098552,0.02827803171883862,3.0,0.0,12,30.0,75.0,hold
0.013793103448275862,1100.5490379983912,1633.3641120885209,1640.7163241414682,18.497171221903145,2068.1543410441777,0,False,0.012673592443555426,0.034388191644047286,3.0,0.0,12,30.0,75.0,hold
0.013793103448275862,2113.2556559180516,4536.781807086136,4536.781807086136,10.187484802752968,1809.9060015559346,0,False,0.012283891077763483,0.03138479413872782,3.0,0.0,12,30.0,75.0,hold
0.034482758620689655,339.1658822198127,373.02751483758937,455.4911885238799,11.145373477186418,1739.9599328516308,0,False,0.01179377723791556,0.03097801689292205,3.0,0.0,12,30.0,75.0,hold
0.04827586206896552,745.4466547115611,1298.2791061835708,1298.2791061835708,18.212882706317735,1678.3799341822496,0,False,0.011898213803375503,0.03069120161089632,3.0,0.0,12,30.0,75.0,hold
0.013793103448275862,2145.7867213636805,3998.2794177427045,3998.2794177427045,15.690531921479861,1465.8866485637354,0,False,0.01363083595677602,0.030336243439539973,3.0,0.0,12,30.0,75.0,hold
0.013793103448275862,1961.7528779344095,3723.922083858169,3723.922083858169,17.699309828595407,1464.9054152854176,0,False,0.012473067031757618,0.03505659467293049,3.0,0.0,12,30.0,80.0,hold
0.013793103448275862,2537.1728339713404,4637.415035931352,4637.415035931352,28.11739822190558,1409.6366349657403,0,True,0.013296447285774279,0.029103663064586276,3.0,0.0,12,30.0,80.0,hold
0.013793103448275862,1289.8950984625337,2551.2307993327795,2551.2307993327795,17.418473889393724,1961.0627018503578,0,False,0.013028989554552207,0.027724589052729735,3.0,0.0,12,30.0,80.0,hold
0.04827586206896552,643.1603175145262,1063.8277251971342,1063.8277251971342,13.461534053506023,1925.0997352355191,0,False,0.012580461522273281,0.029498411357961978,3.0,0.0,12,30.0,80.0,hold
0.013793103448275862,2220.8078892275753,3999.2244991281736,3999.2244991281736,7.587676996947621,1458.7028407652851,0,True,0.013352460125319448,0.03451334317468906,3.0,0.0,12,30.0,80.0,hold
0.013793103448275862,1351.0124330907365,2702.670119404808,2702.670119404808,19.445727288741747,1799.9630232222516,0,False,0.012878050711606151,0.034884873580396866,3.0,0.0,12,30.0,80.0,hold
0.04827586206896552,1179.4292748688138,2615.444315533991,2615.444315533991,9.474017517429212,1620.3029129654074,0,False,0.013612835507299005,0.03974207139293898,3.0,0.0,12,30.0,85.0,hold
0.020689655172413793,1482.7722087152656,3157.1609174930973,3157.1609174930973,9.09745042773827,1947.9404346974104,0,False,0.013115319916270483,0.032530342155945,3.0,0.0,12,30.0,85.0,hold
0.027586206896551724,712.7779149209058,1264.3591548350523,1264.3591548350523,14.710698670590421,1896.835586014229,0,False,0.012846786314541347,0.03330712722403541,3.0,0.0,12,30.0,85.0,hold
0.020689655172413793,748.5028000410806,1055.6724972712855,1055.6724972712855,16.480967436770978,2096.699102980094,0,False,0.01234662662478593,0.02824620617202795,3.0,0.0,12,30.0,85.0,hold
0.020689655172413793,1711.975182722629,3775.6227460134746,3775.6227460134746,15.986187497306846,1566.9910734195005,0,False,0.01194611728122919,0.030115796239250175,3.0,0.0,12,30.0,85.0,hold
0.041379310344827586,982.7500017784889,2202.2815936601482,2202.2815936601482,11.40538361606247,1577.5544485931712,0,False,0.01271369243825307,0.02892578530467062,3.0,0.0,12,30.0,85.0,hold
0.027586206896551724,693.676256438572,1297.505555957919,1297.505555957919,10.20161078751742,2029.8090114296579,0,False,0.012871751752295066,0.03378234789889688,3.0,0.0,12,30.0,90.0,hold
0.034482758620689655,272.6248292641723,575.768520527303,575.768520527303,9.834416759819247,1812.7744710096858,0,False,0.012873211483929621,0.032512177156254415,3.0,0.0,12,30.0,90.0,hold
0.013793103448275862,2082.1023858766953,3768.1646041408444,3768.1646041408444,16.22319421619284,1745.3170057750456,0,True,0.012520066218978956,0.03846316991670689,3.0,0.0,12,30.0,90.0,hold
0.020689655172413793,1360.1855734931564,2650.411814318581,2650.411814318581,11.206207970716928,1535.3169769726721,0,False,0.013052382266054981,0.04367603342176119,3.0,0.0,12,30.0,90.0,hold
0.020689655172413793,1709.2783505387222,3416.113117409924,3416.113117409924,7.542308184934039,1485.1149028757602,0,False,0.01252341488380544,0.04108357138934794,3.0,0.0,12,30.0,90.0,hold
0.013793103448275862,2630.2254166256944,3761.5825578092013,3761.5825578092013,18.2737095012564,1313.6592270596807,0,True,0.01225761692916602,0.03371834357102721,3.0,0.0,12,30.0,90.0,hold
0.013793103448275862,1562.4746715510498,3061.376820520162,3061.376820520162,155.42177502382222,2164.156822824169,0,False,0.011912154963615999,0.030478083132005486,3.0,0.0,12,10.0,70.0,mpc / perfect forecast
0.013793103448275862,1374.7644892091193,2497.342868267222,2497.342868267222,288.6428745197791,2173.0716239570843,0,False,0.012455201430181025,0.031634649134574526,3.0,0.0,12,10.0,70.0,mpc / perfect forecast
0.013793103448275862,1389.224288745741,2751.86743385244,2751.86743385244,334.49149148625514,2181.0756293369045,0,False,0.012773252137234079,0.034783377864099733,3.0,0.0,12,10.0,70.0,mpc / perfect forecast
0.020689655172413793,1462.050502179729,3089.0928461971343,3089.0928461971343,77.74606786368504,2112.1609543683585,0,False,0.011795289640382447,0.033673721379503856,3.0,0.0,12,10.0,70.0,mpc / perfect forecast
0.020689655172413793,1573.3407300421943,3303.4050425041487,3303.4050425041487,53.230755980726244,2169.8949403040783,0,True,0.012770988841007292,0.033921910387176936,3.0,0.0,12,10.0,70.0,mpc / perfect forecast
0.013793103448275862,1294.1731310001805,2590.112367642778,2590.112367642778,115.33773554709005,2169.2707048159596,0,False,0.01380160564818705,0.03485844485650556,3.0,0.0,12,10.0,70.0,mpc / perfect forecast
0.013793103448275862,2053.712551167236,3811.1255432248204,3811.1255432248204,391.54038238593716,2167.49402968134,0,False,0.01278514832449825,0.037802702425938514,3.0,0.0,12,10.0,75.0,mpc / perfect forecast
0.013793103448275862,1837.3085169320432,3547.225038114669,3547.225038114669,265.9389273652491,2167.4698605298063,0,False,0.013387495811253314,0.030158038317262867,3.0,0.0,12,10.0,75.0,mpc / perfect forecast
0.013793103448275862,1909.0247075203113,3834.4802672692563,3834.4802672692563,397.9198798073207,2169.7491487920292,0,True,0.011851263284393591,0.03205286121338984,3.0,0.0,12,10.0,75.0,mpc / perfect forecast
0.013793103448275862,1723.1629808543998,3084.1767119879637,3084.1767119879637,147.74169259317364,2166.9603001025316,0,False,0.013269355773069357,0.03126555960242505,3.0,0.0,12,10.0,75.0,mpc / perfect forecast
0.013793103448275862,1623.1284552902716,2880.3840486591585,2880.3840486591585,62.26311581819071,2165.146950432104,0,False,0.013656296498063242,0.03395925382568387,3.0,0.0,12,10.0,75.0,mpc / perfect forecast
0.013793103448275862,1108.7477286529008,2449.003744411427,2449.003744411427,172.2502407694693,2171.8497207151718,0,False,0.012964566325542439,0.03290359452225077,3.0,0.0,12,10.0,75.0,mpc / perfect forecast
0.013793103448275862,1802.8859842691659,3141.1014442157434,3141.1014442157434,215.64059016848285,2162.5158617797615,0,False,0.01156420810997477,0.03980975555910886,3.0,0.0,12,10.0,80.0,mpc / perfect forecast
0.013793103448275862,1176.7186337466007,1972.85417604226,1972.85417604226,327.20772746539444,1872.308743786596,0,False,0.012274072748457755,0.03693038909010795,3.0,0.0,12,10.0,80.0,mpc / perfect forecast
0.013793103448275862,1723.220202790796,3466.09144325217,3466.09144325217,243.0782730252274,2170.5360288987076,0,False,0.012463340881845072,0.02924353042147531,3.0,0.0,12,10.0,80.0,mpc / perfect forecast
0.013793103448275862,1702.9012233078515,3298.327129590736,3298.327129590736,56.45037276627083,2170.850189480512,0,False,0.013417463977050226,0.034424343136615874,3.0,0.0,12,10.0,80.0,mpc / perfect forecast
0.013793103448275862,1253.074962821805,2732.426821752515,2732.426821752515,326.63860361035984,2175.9226748089527,0,False,0.012914310651847265,0.034969732235625536,3.0,0.0,12,10.0,80.0,mpc / perfect forecast
0.027586206896551724,1150.478698108688,2015.420103903178,2015.420103903178,66.82741251411561,2169.945809421804,0,False,0.01199911249584692,0.033098207803028516,3.0,0.0,12,10.0,80.0,mpc / perfect forecast
0.041379310344827586,882.5921170583982,2231.5794174116336,2231.5794174116336,16.70024384148724,2173.377253629821,0,False,0.012112493722625788,0.032928347105750995,3.0,0.0,12,10.0,85.0,mpc / perfect forecast
0.027586206896551724,1063.4555985843556,2485.175048078357,2485.175048078357,67.49786743739298,2176.332675802483,0,False,0.012490928100016604,0.03745209195701666,3.0,0.0,12,10.0,85.0,mpc / perfect forecast
0.013793103448275862,1907.9228269568605,3660.697133658361,3660.697133658361,362.3312514502459,2166.232320400659,0,False,0.012266341173935925,0.03055135985319907,3.0,0.0,12,10.0,85.0,mpc / perfect forecast
0.013793103448275862,1785.6802921210167,3593.396613430918,3593.396613430918,44.67309081800173,2163.4426785947594,0,False,0.012867592033212994,0.037432651767495655,3.0,0.0,12,10.0,85.0,mpc / perfect forecast
0.020689655172413793,1727.8925289245587,3502.7145637371173,3502.7145637371173,35.12485863015999,2168.755198802184,0,False,0.012409578017184396,0.036128996843484015,3.0,0.0,12,10.0,85.0,mpc / perfect forecast
0.020689655172413793,1620.3883607938117,3447.7187575912853,3447.7187575912853,55.76403464968019,2169.072255130452,0,False,0.012583703099796667,0.03144962212749412,3.0,0.0,12,10.0,85.0,mpc / perfect forecast
0.013793103448275862,1926.1671407293256,3745.907239521732,3745.907239521732,348.8869121238834,2169.23497908708,0,False,0.012072143835738075,0.031103604731611556,3.0,0.0,12,10.0,90.0,mpc / perfect forecast
0.013793103448275862,1756.7422455014462,3624.0713352869543,3624.0713352869543,333.14556497266585,2168.3784310942124,0,False,0.012348825037413606,0.03093088782198026,3.0,0.0,12,10.0,90.0,mpc / perfect forecast
0.020689655172413793,1765.853494961015,3559.5390241987407,3559.5390241987407,50.81513603260166,2173.5449350556005,0,False,0.01184623015321125,0.03141322420808712,3.0,0.0,12,10.0,90.0,mpc / perfect forecast
0.013793103448275862,1503.088764235547,2598.035720903455,2598.035720903455,122.05006723976065,2161.3101341840284,0,False,0.011589109006373747,0.03048177986499885,3.0,0.0,12,10.0,90.0,mpc / perfect forecast
0.013793103448275862,1812.1415537071277,3567.6228039601956,3567.6228039601956,402.429344461794,2166.5124417187344,0,False,0.012087856726699904,0.03312905997504402,3.0,0.0,12,10.0,90.0,mpc / perfect forecast
0.013793103448275862,1754.0814127001574,3688.9871303749896,3688.9871303749896,249.35414056631666,1982.7230825617987,0,False,0.01187423657527737,0.02976939556359068,3.0,0.0,12,10.0,90.0,mpc / perfect forecast
0.034482758620689655,645.5389415934994,1166.5989788383486,1166.5989788383486,0.6533497590842492,2163.029649333323,0,False,0.011726567962472192,0.03633468988691017,3.0,0.0,12,15.0,70.0,mpc / perfect forecast
0.027586206896551724,818.7984735542607,1724.277384604122,1724.277384604122,180.831746384428,1989.7347940698935,0,False,0.012744495254677841,0.0390685583675269,3.0,0.0,12,15.0,70.0,mpc / perfect forecast
0.020689655172413793,579.7753505616872,1085.319306263735,1085.319306263735,229.94012587208488,2161.1386301003145,0,False,0.012906699275512301,0.03646305111702808,3.0,0.0,12,15.0,70.0,mpc / perfect forecast
0.07586206896551724,839.2283598720975,1656.8452348727203,1656.8452348727203,41.618246119433145,2165.164581237795,0,False,0.012454609833282917,0.03167377382724625,3.0,0.0,12,15.0,70.0,mpc / perfect forecast
0.027586206896551724,820.116278138551,1186.7246273182159,1205.8819217630225,30.21283742951673,2137.0305906041967,0,False,0.01181172333457297,0.03033359745460376,3.0,0.0,12,15.0,70.0,mpc / perfect forecast
0.020689655172413793,389.33391571826303,692.796595245149,692.796595245149,635.2035398553938,2160.354260515858,4,False,0.012595718355764628,0.03257168742659713,3.0,0.0,12,15.0,70.0,mpc / perfect forecast
0.020689655172413793,866.157510571016,1639.1268141060016,1639.1268141060016,209.43453368097914,1965.6449929938956,0,False,0.012261589518545533,0.0324193052742481,3.0,0.0,12,15.0,75.0,mpc / perfect forecast
0.013793103448275862,1583.3203830081852,2752.9745044576384,2752.9745044576384,400.33636082757374,2147.9709537242247,0,False,0.013603848395612638,0.04091665466912328,3.0,0.0,12,15.0,75.0,mpc / perfect forecast
0.020689655172413793,1164.5242320491175,2120.7949350500253,2120.7949350500253,112.1302082521173,2154.6009485504537,0,False,0.012670503474174394,0.029258090473577796,3.0,0.0,12,15.0,75.0,mpc / perfect forecast
0.034482758620689655,821.1512990135932,1549.3182294817482,1549.3182294817482,43.92786910428167,2156.3581876407916,1,False,0.012293748630737612,0.029791662033715527,3.0,0.0,12,15.0,75.0,mpc / perfect forecast
0.013793103448275862,1269.652146876911,1890.0986694640596,1890.0986694640596,405.6158504359972,1920.9825359321073,1,False,0.0122492591439158,0.036971671799760034,3.0,0.0,12,15.0,75.0,mpc / perfect forecast
0.013793103448275862,1430.619018097509,2441.936078023122,2441.936078023122,277.1684748433166,2154.0049190745667,0,False,0.01152145448855384,0.03830323050600027,3.0,0.0,12,15.0,75.0,mpc / perfect forecast
0.020689655172413793,1160.2243605218343,2319.406592555238,2319.406592555238,143.73331899231957,2039.0385188527089,0,False,0.012964506270622404,0.0365033002247338,3.0,0.0,12,15.0,80.0,mpc / perfect forecast
0.041379310344827586,527.6891855713494,1088.1124461517488,1088.1124461517488,26.499723752680623,2162.2410493587545,1,False,0.012152286403460269,0.03614570456226753,3.0,0.0,12,15.0,80.0,mpc / perfect forecast
0.034482758620689655,904.8989995162468,1924.2729126268182,1924.2729126268182,76.24185089049227,2160.179310421918,0,False,0.012575471199204871,0.03102969540056981,3.0,0.0,12,15.0,80.0,mpc / perfect forecast
0.013793103448275862,1231.7387090316083,2451.748446694653,2451.748446694653,420.319681326472,1941.234990928181,1,False,0.012402795026403068,0.031163462257034463,3.0,0.0,12,15.0,80.0,mpc / perfect forecast
0.020689655172413793,850.2511225047598,1553.0993089921226,1553.0993089921226,0.0,2160.7406075876966,0,False,0.012072469359237607,0.04080299782180551,3.0,0.0,12,15.0,80.0,mpc / perfect forecast
0.020689655172413793,1127.7482316055077,2296.5453439396006,2296.5453439396006,158.47863077757827,2036.8786708730925,0,False,0.01383025502325846,0.0322903847713695,3.0,0.0,12,15.0,80.0,mpc / perfect forecast
0.013793103448275862,1327.5563961742257,2521.9663409564714,2521.9663409564714,411.9327470977441,2034.48979569876,1,False,0.012713011827997849,0.03806647629387625,3.0,0.0,12,15.0,85.0,mpc / perfect forecast
0.027586206896551724,1010.5698497739842,1830.6483809220304,1830.6483809220304,128.6022644936033,2073.008970457559,0,False,0.011760650775577072,0.03265554807314934,3.0,0.0,12,15.0,85.0,mpc / perfect forecast
0.027586206896551724,662.0949883482878,1403.48887816669,1403.48887816669,134.21157676035895,2159.156701285486,0,False,0.01269932641618544,0.03415586634504329,3.0,0.0,12,15.0,85.0,mpc / perfect forecast
0.027586206896551724,476.59158275633456,951.854948815695,951.854948815695,415.91953710755826,2160.304525718342,0,False,0.012428225242899991,0.031933175295195376,3.0,0.0,12,15.0,85.0,mpc / perfect forecast
0.027586206896551724,933.2305198185214,1884.638646774684,1884.638646774684,196.94990724184456,2009.69137303901,0,False,0.01168474378018084,0.03367162066555956,3.0,0.0,12,15.0,85.0,mpc / perfect forecast
0.013793103448275862,1438.2219822883394,2602.5921132255567,2602.5921132255567,342.47071088905477,2149.9097906910874,0,False,0.011866623617703968,0.032900041392690635,3.0,0.0,12,15.0,85.0,mpc / perfect forecast
0.013793103448275862,1228.6062783929458,2586.746115914145,2586.746115914145,279.3762488281772,2160.6415948343074,0,False,0.013686909198070094,0.03890986508233626,3.0,0.0,12,15.0,90.0,mpc / perfect forecast
0.013793103448275862,1467.5327181759371,2902.3175872079896,2902.3175872079896,295.1159336568828,2149.329806326174,0,False,0.013657295593238368,0.03591416587646675,3.0,0.0,12,15.0,90.0,mpc / perfect forecast
0.013793103448275862,1389.9972507420678,2681.9539442679047,2681.9539442679047,185.4839047461872,2038.4303754905181,0,False,0.012286536667754516,0.03313035566844947,3.0,0.0,12,15.0,90.0,mpc / perfect forecast
0.027586206896551724,835.486776715495,1674.8312022665539,1674.8312022665539,104.15455901514198,2150.2363696007856,0,False,0.013392195558149493,0.0327359576824463,3.0,0.0,12,15.0,90.0,mpc / perfect forecast
0.013793103448275862,1150.6231481103803,2186.1177467499965,2186.1177467499965,401.72033118791336,2153.6082258147644,0,False,0.012261645954753488,0.032674930165703976,3.0,0.0,12,15.0,90.0,mpc / perfect forecast
0.020689655172413793,878.5626592052855,1795.9996526407328,1795.9996526407328,173.06660313341973,2150.7693530635274,0,False,0.012894685525513415,0.03532208279150713,3.0,0.0,12,15.0,90.0,mpc / perfect forecast
0.027586206896551724,328.8653328531841,396.40206443122815,413.33105232346844,407.6114419788082,1731.7158475136482,2,False,0.011371148116068411,0.026957430543807698,3.0,0.0,12,20.0,70.0,mpc / perfect forecast
0.1103448275862069,94.8173671108017,165.1733314885415,165.1733314885415,587.639873440332,1824.6906516783931,4,False,0.012244506968115522,0.031212304764627778,3.0,0.0,12,20.0,70.0,mpc / perfect forecast
0.020689655172413793,616.0763381679643,812.1358386488367,837.3440678068158,258.81699410410715,1894.9627585124877,0,False,0.012737114053140035,0.029090416536538106,3.0,0.0,12,20.0,70.0,mpc / perfect forecast
0.041379310344827586,624.8935579516458,1029.3438848618182,1030.2804838059546,8.550643801897575,2142.390475493944,1,False,0.01242191923322195,0.032514701974601774,3.0,0.0,12,20.0,70.0,mpc / perfect forecast
0.027586206896551724,438.6335134878689,779.5433463353148,780.1452260785097,404.7102134154272,1933.3286538853554,3,False,0.012846438872342414,0.034772131207880745,3.0,0.0,12,20.0,70.0,mpc / perfect forecast
0.034482758620689655,551.5347111596612,952.5002226249168,952.5002226249168,236.11722906497494,2145.42662348451,0,False,0.01259582680079774,0.03749808934592973,3.0,0.0,12,20.0,70.0,mpc / perfect forecast
0.027586206896551724,614.9934626581633,944.6223150193779,944.6223150193779,198.77991874237716,2141.8944362062407,0,False,0.011048105491015547,0.028014370203208586,3.0,0.0,12,20.0,75.0,mpc / perfect forecast
0.034482758620689655,632.1257197324294,1078.4230338621815,1078.4230338621815,55.110943232670095,2133.0036562454893,0,False,0.012596032938479112,0.03604071478626398,3.0,0.0,12,20.0,75.0,mpc / perfect forecast
0.20689655172413793,399.81268720954563,820.9337773079981,820.9337773079981,0.9509578890791238,2149.0937230063846,1,False,0.013007059653105354,0.03518218315932403,3.0,0.0,12,20.0,75.0,mpc / perfect forecast
0.6206896551724138,53.66086430825921,65.66424813414574,98.74691285336108,562.2916715283139,1812.6179223192719,3,False,0.012391289060396302,0.0345248764015592,3.0,0.0,12,20.0,75.0,mpc / perfect forecast
0.07586206896551724,150.45404593771855,247.65622895485498,247.65622895485498,509.82087502645663,1773.323793740309,6,False,0.013520893681898072,0.03155760853666271,3.0,0.0,12,20.0,75.0,mpc / perfect forecast
0.020689655172413793,164.70574622921026,100.56637911045677,219.88777542934176,385.0014794541715,1934.4463135065448,3,False,0.01295633721313792,0.03152359357595408,3.0,0.0,12,20.0,75.0,mpc / perfect forecast
0.5172413793103449,60.01993567948852,64.56238840763355,122.61840894770877,367.58236154744867,1926.3902260741454,7,False,0.01298907251314999,0.035063206826959965,3.0,0.0,12,20.0,80.0,mpc / perfect forecast
0.31724137931034485,69.72725872186108,7.545784880579287,153.43836435917785,591.0241994145487,1686.2915122515158,6,False,0.01266214691730677,0.031217670576858828,3.0,0.0,12,20.0,80.0,mpc / perfect forecast
0.3724137931034483,200.7847943681782,787.9456079555665,787.9456079555665,588.7477854214715,1743.8362281803966,7,False,0.01243071209972772,0.0333485959430816,3.0,0.0,12,20.0,80.0,mpc / perfect forecast
0.23448275862068965,149.28679553712507,269.85380557576235,278.3464356073417,503.691554881981,2057.805332929643,6,False,0.012346138191679653,0.030961782705777287,3.0,0.0,12,20.0,80.0,mpc / perfect forecast
0.034482758620689655,457.542834852701,1065.0394094706298,1065.0394094706298,174.08218392217202,2139.2682397347917,0,False,0.013006877479750937,0.031071514899675988,3.0,0.0,12,20.0,80.0,mpc / perfect forecast
0.08275862068965517,164.49071317080197,238.04732293757274,261.1961254946462,34.30657798220192,2150.254242004737,2,False,0.012112349158875832,0.03484121283008693,3.0,0.0,12,20.0,80.0,mpc / perfect forecast
0.027586206896551724,513.7292996154627,1105.2980389729944,1105.2980389729944,373.7521277497975,2143.096156601727,0,False,0.013285100779808875,0.03272899167489422,3.0,0.0,12,20.0,85.0,mpc / perfect forecast
0.05517241379310345,184.21867447562437,207.5658781267617,281.53440248678294,56.91563878370944,2146.615660074138,2,False,0.013545075072911205,0.03450687325088169,3.0,0.0,12,20.0,85.0,mpc / perfect forecast
0.020689655172413793,523.5283341397172,874.9963587066545,874.9963587066545,183.6564289248418,2144.608360959153,0,False,0.011949464850743483,0.03578563453827496,3.0,0.0,12,20.0,85.0,mpc / perfect forecast
0.47586206896551725,72.5068313571693,227.3785895164023,227.3785895164023,687.6225348343236,1728.6805932102923,6,False,0.012359800509939378,0.03456398323900636,3.0,0.0,12,20.0,85.0,mpc / perfect forecast
0.41379310344827586,46.804298634190815,71.32176568988008,71.32176568988008,318.558577148515,1991.162815337073,6,False,0.012380750553263337,0.033833889442046135,3.0,0.0,12,20.0,85.0,mpc / perfect forecast
0.6413793103448275,56.62527920450768,78.45250676113125,115.8230919848485,291.5207246234237,2059.504220959461,6,False,0.013668037757037938,0.03675976122520961,3.0,0.0,12,20.0,85.0,mpc / perfect forecast
0.3931034482758621,53.50880864491165,120.43259369883499,120.43259369883499,478.76861605923295,1953.6889567570106,5,False,0.013448648475169935,0.030929159679268795,3.0,0.0,12,20.0,90.0,mpc / perfect forecast
0.6689655172413793,40.810188315554164,45.218045559481666,75.92749217477608,603.7191874859881,1946.06464157917,6,False,0.011776466650615953,0.027954444961980133,3.0,0.0,12,20.0,90.0,mpc / perfect forecast
0.2827586206896552,79.38127919593016,177.35004607396334,177.35004607396334,985.860404680278,1555.6044398116774,8,False,0.01314257734426639,0.034560007414458256,3.0,0.0,12,20.0,90.0,mpc / perfect forecast
0.36551724137931035,68.72761032301034,160.4583155501809,160.4583155501809,246.67616435183874,2052.5382495009653,3,False,0.013081134247944685,0.03705905012459765,3.0,0.0,12,20.0,90.0,mpc / perfect forecast
0.9586206896551724,28.441149654740315,10.389593665763469,51.32246531228253,468.6350377686473,1930.9280964619293,3,False,0.011544090611083085,0.0282512135262509,3.0,0.0,12,20.0,90.0,mpc / perfect forecast
1.0,21.838267818779027,5.763354612298512,43.242431964630335,486.55150621594646,1802.1669522641932,8,False,0.012634250753738814,0.035524880276941506,3.0,0.0,12,20.0,90.0,mpc / perfect forecast
0.034482758620689655,324.02695786473464,392.18851799965023,448.9130263881241,417.93572491050685,1827.7947545985571,3,False,0.011576849645830214,0.028865288712757616,3.0,0.0,12,25.0,70.0,mpc / perfect forecast
0.7517241379310344,36.68280678374828,22.62082051441711,65.75063696266413,517.1630529941039,1537.0397524149053,4,False,0.012823048552853147,0.030482616548082778,3.0,0.0,12,25.0,70.0,mpc / perfect forecast
0.13793103448275862,84.44569160642781,212.15543487555516,212.15543487555516,532.674393088406,1643.9892436485727,8,False,0.013149571355078616,0.030623829808555898,3.0,0.0,12,25.0,70.0,mpc / perfect forecast
0.034482758620689655,215.84557081875505,368.08209652840355,424.0300795353464,367.34898569794177,1844.34735190493,3,False,0.01201387029721106,0.03291988204901809,3.0,0.0,12,25.0,70.0,mpc / perfect forecast
0.2482758620689655,94.03431180908088,259.0761384669767,259.0761384669767,393.56768442240644,1550.963295704333,8,False,0.013617648848694028,0.03777136040691308,3.0,0.0,12,25.0,70.0,mpc / perfect forecast
0.07586206896551724,128.85420296614453,143.0547038197474,200.15829277618207,1025.3411882429102,851.0968314411984,5,False,0.01251147773833606,0.0332391885217609,3.0,0.0,12,25.0,70.0,mpc / perfect forecast
0.19310344827586207,251.0737532726139,657.0470661724129,657.0470661724129,1.5373156613908852,2058.9186167242988,1,False,0.013324490708934726,0.032905532106935975,3.0,0.0,12,25.0,75.0,mpc / perfect forecast
0.041379310344827586,423.7203892544746,452.8821749366558,595.3063843640329,299.7669254566368,1879.3043592204422,5,False,0.01139245481214631,0.027991919976018673,3.0,0.0,12,25.0,75.0,mpc / perfect forecast
0.05517241379310345,267.83507071444393,422.9450567011182,427.889388000656,765.6641996264176,1544.2868912836013,3,False,0.012274704080493698,0.0332143757686069,3.0,0.0,12,25.0,75.0,mpc / perfect forecast
0.3310344827586207,81.03794871800218,245.26219142567462,245.26219142567462,287.0759000432748,1944.508556574888,7,False,0.013055419559009148,0.032861109564766885,3.0,0.0,12,25.0,75.0,mpc / perfect forecast
0.6275862068965518,45.47604873420548,33.955861557873085,94.6918784596088,308.8751697694932,1755.7468182869009,4,False,0.012556306253436145,0.029153713354992172,3.0,0.0,12,25.0,75.0,mpc / perfect forecast
0.04827586206896552,241.14679932005077,309.13855688953316,333.49477186234816,480.81953991716665,1699.4887419762592,2,False,0.012610763206320163,0.03453327083539901,3.0,0.0,12,25.0,75.0,mpc / perfect forecast
0.020689655172413793,349.52460852706173,539.7534576068002,557.2706732975865,351.8090407843946,2040.7043093064665,0,False,0.012054454787989563,0.03362837076429971,3.0,0.0,12,25.0,80.0,mpc / perfect forecast
0.041379310344827586,488.7102076526064,1000.2056732656813,1000.2056732656813,702.9992504082685,1516.6360150588064,6,False,0.012739951170017954,0.0318117249444839,3.0,0.0,12,25.0,80.0,mpc / perfect forecast
0.020689655172413793,344.10754328115075,605.725383949289,605.725383949289,397.1257620684266,1625.7123787609457,0,False,0.012456339183190937,0.03148150943310895,3.0,0.0,12,25.0,80.0,mpc / perfect forecast
0.034482758620689655,447.73492968327275,998.3173855061959,998.3173855061959,214.06525627466536,1741.9029501774517,0,False,0.01308647450849609,0.03486121531284221,3.0,0.0,12,25.0,80.0,mpc / perfect forecast
0.4206896551724138,59.43140962737801,96.44458522443058,131.1604915473616,574.8293999748743,1635.5047893782562,9,False,0.012110662478485969,0.030479810887384617,3.0,0.0,12,25.0,80.0,mpc / perfect forecast
0.027586206896551724,420.47856923489434,765.9859920282735,778.6400709612476,364.44162647819456,2046.4976983878873,0,False,0.013429565374812864,0.030686643386283848,3.0,0.0,12,25.0,80.0,mpc / perfect forecast
0.36551724137931035,98.7641600578356,9.644579475567168,199.81340136407442,904.5667294158752,1609.5166221749053,8,False,0.012748872842323929,0.03199517605774239,3.0,0.0,12,25.0,85.0,mpc / perfect forecast
0.8137931034482758,34.030030112175744,35.36844394537768,54.469649815992,194.124563513901,1869.2432175379756,6,False,0.013208581061204165,0.03396406223395267,3.0,0.0,12,25.0,85.0,mpc / perfect forecast
0.993103448275862,17.08826463386425,7.3728639507766145,51.18276447445078,426.70716458092573,1600.4432324830605,5,False,0.012633676941089862,0.03614056783690441,3.0,0.0,12,25.0,85.0,mpc / perfect forecast
0.020689655172413793,400.24612955532155,600.6427435144673,600.6427435144673,605.2731943591374,1597.4030272859206,5,False,0.013549775980691344,0.0348914924845297,3.0,0.0,12,25.0,85.0,mpc / perfect forecast
0.041379310344827586,347.2231685128669,515.2872225852683,545.2358898887835,303.84871061707867,1905.9873375876589,3,False,0.013056174329889104,0.032741956704929194,3.0,0.0,12,25.0,85.0,mpc / perfect forecast
0.08275862068965517,256.3384834054071,149.17238929536484,390.57472781597374,498.7984687342328,1631.891426744897,5,False,0.012783689171310312,0.03465209606579147,3.0,0.0,12,25.0,85.0,mpc / perfect forecast
0.1724137931034483,291.1348824737918,688.7842550219841,688.7842550219841,264.315180615485,1963.128901842083,4,False,0.0128412349967936,0.03198539172953414,3.0,0.0,12,25.0,90.0,mpc / perfect forecast
0.2482758620689655,227.6305068119814,477.8986057328133,477.8986057328133,261.22352818820934,1963.4337110977249,4,False,0.01271502796477563,0.043698981301876764,3.0,0.0,12,25.0,90.0,mpc / perfect forecast
0.04827586206896552,451.3926548979753,923.728950821731,923.728950821731,460.91325958961426,2012.3349210266042,6,False,0.011983480211094919,0.03334204142638927,3.0,0.0,12,25.0,90.0,mpc / perfect forecast
0.027586206896551724,131.92822933084335,128.5428145272498,195.9778186054747,716.8046554796097,1409.5696438006773,4,False,0.011826578470476749,0.031314925878542524,3.0,0.0,12,25.0,90.0,mpc / perfect forecast
0.04827586206896552,292.8243106892125,332.86179665237944,394.2408957514264,675.0952382895322,1681.1589014677747,5,False,0.01308758835304216,0.03775665782327409,3.0,0.0,12,25.0,90.0,mpc / perfect forecast
0.04827586206896552,550.7718199155321,1363.2857837103197,1363.2857837103197,530.8453660722585,1666.2908140693596,5,False,0.011678899107878062,0.026986665773449877,3.0,0.0,12,25.0,90.0,mpc / perfect forecast
0.020689655172413793,1708.3555459361464,2871.768530684672,2871.768530684672,315.89953588779713,1346.6648787786496,3,False,0.012152830717519231,0.024748294279170902,3.0,0.0,12,30.0,70.0,mpc / perfect forecast
0.013793103448275862,1327.9633670058136,1795.3383758700743,1835.033518287607,335.7864458172999,1817.9841225446853,3,False,0.01142575619780919,0.03136251346107553,3.0,0.0,12,30.0,70.0,mpc / perfect forecast
0.013793103448275862,1735.6058738093386,3860.1103722673124,3860.1103722673124,298.6261603491574,1512.3169587908822,1,False,0.011496627528308241,0.03048775484156414,3.0,0.0,12,30.0,70.0,mpc / perfect forecast
0.2689655172413793,99.36978763275478,202.7946100660084,202.7946100660084,274.16230744912355,1662.6685947795718,3,False,0.012805216119882818,0.04438349410633565,3.0,0.0,12,30.0,70.0,mpc / perfect forecast
0.06206896551724138,404.0842749563066,1097.0472755344617,1097.0472755344617,98.04974038948778,1690.1198162334701,3,False,0.012163097981299812,0.04630598886259595,3.0,0.0,12,30.0,70.0,mpc / perfect forecast
0.020689655172413793,1770.1556066641033,3491.99945923409,3491.99945923409,202.5284778722235,1651.0873770274043,5,False,0.011699335185092644,0.032131587446866325,3.0,0.0,12,30.0,70.0,mpc / perfect forecast
0.013793103448275862,1808.7541275777132,3355.1875093124672,3355.1875093124672,362.85992887084694,1562.0998307611562,5,False,0.012251016635554935,0.028278031637828112,3.0,0.0,12,30.0,75.0,mpc / perfect forecast
0.013793103448275862,902.4454269412381,1208.3073968479698,1215.9250755195335,141.0429765880903,2099.926297089161,2,False,0.012673592444773268,0.03438819172326546,3.0,0.0,12,30.0,75.0,mpc / perfect forecast
0.020689655172413793,1006.9821988661469,1686.3285515829186,1686.3285515829186,263.4561373890908,1865.5077717410954,0,False,0.012283891089355384,0.03138479414951355,3.0,0.0,12,30.0,75.0,mpc / perfect forecast
0.12413793103448276,121.20747727147345,45.79688151815357,209.46389526150116,415.5795201907892,1346.222390832121,7,False,0.011793777215876412,0.03097801541397474,3.0,0.0,12,30.0,75.0,mpc / perfect forecast
0.6344827586206897,40.777334738896336,12.408548928858051,91.57608406250846,105.13315051232826,1475.8900691841702,4,False,0.01189821381054924,0.03069120402492427,3.0,0.0,12,30.0,75.0,mpc / perfect forecast
0.013793103448275862,1482.6860049493773,2506.1696198113527,2506.1696198113527,297.6129120772124,1658.5496422357628,0,False,0.013630836009727079,0.030336248450197466,3.0,0.0,12,30.0,75.0,mpc / perfect forecast
0.013793103448275862,1468.3985724897143,2714.601476500816,2714.601476500816,256.61407487782895,1689.672684252141,2,False,0.012473066993408591,0.03505659450621577,3.0,0.0,12,30.0,80.0,mpc / perfect forecast
0.013793103448275862,1381.693443155513,2610.8866580824247,2610.8866580824247,177.6122643857173,1646.3555308705033,1,False,0.013296447280313442,0.02910366424663333,3.0,0.0,12,30.0,80.0,mpc / perfect forecast
0.013793103448275862,1000.7523171206695,1503.1932027373562,1503.1932027373562,442.2595298404217,1629.9048294131167,5,False,0.013028989508633102,0.02772459165876646,3.0,0.0,12,30.0,80.0,mpc / perfect forecast
0.08275862068965517,530.4983116615207,729.8517033458463,863.9794276810519,307.5071293358961,1659.0882931836632,5,False,0.012580461520436632,0.029498411090789274,3.0,0.0,12,30.0,80.0,mpc / perfect forecast
0.013793103448275862,1201.8574042454293,2109.175560188681,2109.175560188681,347.01124575845034,1400.4595098690354,0,False,0.013352460072123061,0.034513337020526426,3.0,0.0,12,30.0,80.0,mpc / perfect forecast
0.013793103448275862,1097.8857261529763,1974.5173719036834,1974.5173719036834,321.4872798133932,1538.1938346021918,4,False,0.012878050704947151,0.03488487304241772,3.0,0.0,12,30.0,80.0,mpc / perfect forecast
0.04827586206896552,584.6743787165643,1278.2975229112162,1278.2975229112162,90.03851981608418,1577.6070589796575,2,False,0.013612835511627874,0.039742070149478385,3.0,0.0,12,30.0,85.0,mpc / perfect forecast
0.020689655172413793,1221.0998864202486,2253.27433988231,2253.27433988231,72.68563913675567,2005.365964427661,1,False,0.013115319897910023,0.0325303424729956,3.0,0.0,12,30.0,85.0,mpc / perfect forecast
0.034482758620689655,494.427632918699,795.8688975632606,795.8688975632606,302.90706984361026,1777.2425451023305,5,False,0.01284678630631799,0.033307127716382404,3.0,0.0,12,30.0,85.0,mpc / perfect forecast
0.027586206896551724,444.9548618376954,488.4778871102433,581.7492261641718,302.226102781962,1812.7493609858138,3,False,0.012346626608429329,0.02824620558055168,3.0,0.0,12,30.0,85.0,mpc / perfect forecast
0.020689655172413793,1178.5058643388743,2165.9629832056567,2165.9629832056567,146.9831155308997,1863.9104818160815,3,False,0.011946117285168477,0.030115795728498998,3.0,0.0,12,30.0,85.0,mpc / perfect forecast
0.05517241379310345,414.71225013798073,810.2779425115024,810.2779425115024,0.0,1658.0350483844004,1,False,0.01271369241360307,0.028925785136577224,3.0,0.0,12,30.0,85.0,mpc / perfect forecast
0.027586206896551724,335.473433408133,460.4620773154459,460.4620773154459,500.6537352126425,1487.330625803526,5,False,0.012871751739319327,0.03378234698542077,3.0,0.0,12,30.0,90.0,mpc / perfect forecast
0.7517241379310344,47.18024676297948,174.36325895767467,174.36325895767467,497.0553492166683,1177.4924195224025,8,False,0.01287321151698488,0.03251217697372204,3.0,0.0,12,30.0,90.0,mpc / perfect forecast
0.013793103448275862,1292.3310893704283,2180.2965247001516,2180.867453807973,175.2606785708393,1911.0003217791277,1,False,0.01252006620932495,0.03846316945360283,3.0,0.0,12,30.0,90.0,mpc / perfect forecast
0.020689655172413793,741.0845784910449,808.7789383057578,970.5134264852808,103.9762586474905,1859.1657665722782,1,False,0.013052382308093162,0.04367603455170455,3.0,0.0,12,30.0,90.0,mpc / perfect forecast
0.020689655172413793,1433.5085101212844,2669.2979861803924,2669.2979861803924,246.74543287181604,1448.7287512382995,4,False,0.012523414872148215,0.04108357138980799,3.0,0.0,12,30.0,90.0,mpc / perfect forecast
0.013793103448275862,2045.7710420310293,3768.1741322932785,3768.1741322932785,242.43913823431467,1627.5294848436506,1,True,0.01225761689683538,0.03371834266733588,3.0,0.0,12,30.0,90.0,mpc / perfect forecast
