landing_lat,landing_lon,km_from_raichur,consistent_with_report,ascent_ms,float_alt_m,descent_ms
16.588627841259797,78.37212124535841,116.293554567591,True,6.909124264876251,24923.73857481987,11.034745582294528
16.386374515075214,78.45609849198891,118.80693081549936,False,3.240165030249493,25722.731300739146,10.123299824968093
16.596696066126263,78.08218402345412,88.77134209339859,False,6.671624421875864,22299.83563975376,9.590618947682454
16.591518626463294,78.31559219533257,110.84301594703552,False,4.118041795998844,22686.819712043376,13.69110548601187
16.28850816816999,78.51039666897093,123.20503849377101,True,3.311548404396133,26113.441695535646,13.02482913133894
16.3486133213781,78.33899493490627,105.79581268851598,True,5.49858322885993,26166.35966211206,9.526631746570889
16.696840720829986,78.60458862614993,143.7662469692583,False,6.5849458810344075,23646.314160571073,7.190937464288862
16.453447040658947,78.59466081752471,134.73184346441766,True,4.4656628172331025,24735.888843398767,5.299417389245936
16.47116759282402,78.2034796688973,94.92066870216189,True,4.3864835944219305,22266.338955564763,8.48776852644282
16.423797444873976,78.50364718595182,124.5597697934845,True,4.0494780894880815,24609.879682308565,12.779497185667523
16.423814827449757,78.36789690809762,110.40313624640503,True,4.244988753988709,22566.991983157826,5.80914479344532
16.6353298879227,78.73388417119655,154.32747746014914,False,3.2701269392660373,24190.166646167112,12.864077410392536
16.44368008157893,78.16558604039597,90.13594347703531,True,5.021084313163152,22162.06071174367,6.888384748793105
16.526628318475055,78.33786798718167,110.47042958516445,False,4.366272322709813,25432.433730869965,14.0421865387566
16.479590081924457,78.73020555619036,149.47447256494914,True,3.664569195020081,23740.054962876722,6.232174302404925
16.404690696117736,78.16659889614347,89.04164206696704,False,5.889480915743835,26186.624568214287,8.216584825868235
16.52024113677507,78.12114120801176,88.67217830829586,True,6.572948554456492,22359.09025836188,8.187456469063612
16.4211537609379,78.21596222212021,94.60003204943365,False,6.22861761812271,26158.160253076523,14.976487615617867
16.421555584427452,78.2442143338359,97.52576288919802,False,3.5421861524500726,22144.92500765026,8.592109009138904
16.441624489940086,78.18333038989803,91.8770209206907,False,6.654160290437185,26076.669708735328,12.439424093235989
16.592988196469346,78.46772219230081,125.98459851039196,False,4.63523224913811,24922.504671966075,8.442798138695945
16.71933914620862,78.44078881917174,128.91076299154827,False,6.658348455880946,24672.295112325868,9.5904960481435
16.445969292661204,78.43256953530424,117.67928868343425,True,3.3345465444592586,22908.64563493282,11.414682239255933
16.409145508304267,78.21867293008673,94.54485221924752,True,6.9351596927982815,26139.327501285326,10.10906791158123
16.382667554667055,78.31922603202355,104.37369679983888,True,3.386958032737179,22234.289605117905,7.255045605476598
16.44979906743564,78.26583373095535,100.57473133436764,False,5.981699232033339,25783.45473210589,6.669236551067583
16.342417328668265,78.33543887484686,105.31674639417066,True,5.857651915802082,26449.27336034675,14.43695301007131
16.570147210611125,78.46430049093439,124.78825523664692,True,6.028670144166652,23610.990592099737,11.0185977392061
16.441640184396483,78.50730895822056,125.34746940873436,True,3.9786562178453715,25011.09214490749,9.527594141656614
16.425593136974037,78.28375899595754,101.7234567335907,True,5.9917186068767405,25871.459903144816,9.276432864555723
16.57835997204208,78.494290143035,128.10740657691446,True,5.0516047723038415,24482.40297336671,14.102608384427306
16.365829244261622,78.29937256617026,101.94507528858797,True,3.188197764659906,22079.304237625354,7.35422717523784
16.517728557513646,78.59812948741396,136.74262800091844,False,3.3901163846515123,23112.70336413282,7.2133000885639635
16.478423095672127,78.50994176166698,126.54858707256967,True,4.120949227989982,24752.43691953422,12.106267146432915
16.605444118652297,78.24656067529189,104.76504083066816,False,6.389795786700725,22709.557816760178,8.557356146704535
16.53177763289234,78.16909025727416,93.87425458204406,False,4.702331063633002,22324.252549226843,10.744871318116061
16.31815199425826,78.32336749919807,103.67300407234222,True,4.096175645386314,26454.527621773163,7.267741734131922
16.478043460766663,78.0026847002791,75.22415256413748,True,5.139606078106068,22000.486030604192,14.278774982657707
16.439503931975175,78.10068025977839,83.4073190436011,True,4.320875869203618,22118.199558454762,13.250855062930842
16.52471177959031,78.20234961532783,96.85305009035223,False,4.232305818383846,22396.01240049164,13.20027768316946
16.39419093734328,78.55663901900547,129.52605639054408,True,3.79280817763274,25168.18074221593,5.4218202790669405
16.394002445570052,78.22338025535197,94.63737345557453,False,4.405186677749517,22033.60759637725,5.208817508499626
16.412210601295904,78.60809214462952,135.27276350302787,True,3.662774160497961,24896.209670205906,5.71107456795001
16.43475059272614,78.25690356821282,99.20939324200538,False,5.296416816491259,25926.710302473908,8.442113312927209
16.39036122608838,78.30223274712543,102.76614403505606,False,4.507353122537296,26064.00964461834,8.250114242678151
16.367517242661428,78.30128429385321,102.1793874991344,False,3.1576990402830116,22471.910958074517,13.510341020301643
16.605038690393343,78.46949932329342,126.62932926476365,False,3.8644819712538916,23099.469353528137,13.422414449499556
16.5658099579252,78.26646024490346,104.90783276727517,True,4.91365090774038,22776.401837946873,13.347897017278743
16.61832869456643,78.56695241373048,136.8858450320569,False,4.1121123037161675,24627.754591519897,9.830261858334108
16.426851066382348,78.2954325690505,102.96509056278018,True,6.529337059945741,25783.49687623353,10.589287267732118
16.391584179306722,78.4095426824417,114.02290278329225,True,3.2329528591498597,22729.186440211404,9.36406603920142
16.797966709515023,78.72460235038285,159.96180135544978,False,5.591706385960596,23945.27998766636,8.693873415577318
16.60309529336193,78.6301307089115,142.70603417912767,True,6.443941967432891,23705.282300967872,5.849139523589205
16.765617216866087,78.43288810095618,130.5455968812535,False,6.683236622195761,24601.082733845218,13.015104957972687
16.594105066042772,78.4524135358364,124.497604876307,False,4.936817336476903,24868.87056718355,10.801138080966005
16.656086360443503,78.54229257918333,135.91359793925926,False,4.612413743630283,24580.747757675093,10.45425023413397
16.487829408378392,78.68788234317134,145.2564411718998,True,3.1426047173134446,24335.1336559637,10.288723979662194
16.483330219966156,78.54365570151296,130.16908806693567,True,4.858584303651902,24697.255137695458,6.61266670555496
16.614327865902776,78.15620984491667,96.62029043882598,False,5.599612898473447,22496.4926106415,13.287789105232985
16.575085342633788,78.272319391211,105.88411667021938,False,4.352887845923164,22574.85133798765,11.760120070696686
16.533553530544797,78.62603144941836,140.07091346865417,True,3.6469638700916764,24501.010526268066,9.464056890889623
16.614939352785697,78.38468728423453,118.63909298352469,False,4.8824904824396,22883.2230501178,8.546429435481567
16.526838443826886,78.69623276193305,147.12274489180464,False,3.6492745745925776,24526.45693650839,5.718211145832344
16.49501282184744,78.34969239530136,110.57735650309529,True,5.2317374501235445,25374.99242208904,13.628138516808242
16.481017096484166,78.30985674787952,106.06031142978449,False,4.827984246491521,25636.637774220308,11.235739834111756
16.604770116891885,78.12246636879979,92.95480669962132,True,6.979229028704685,22573.36865889688,12.650320357561966
16.496930912572328,78.24590405869738,100.12539239620685,False,3.6515820096942213,22364.211770996735,13.625498239746538
16.471071082580206,78.10528980694896,85.04728675230808,True,5.54085031856679,22193.395062713753,8.514107494000234
16.600984236101276,78.7083148650268,150.5776762033079,False,3.7976612140137447,24152.03371610288,9.06114262488315
16.610493355418516,78.25226344149162,105.5549161433623,False,4.673885552381392,22636.671539027368,14.153466846195478
16.42511908596779,78.32078221945203,105.54459258316196,True,5.989751219812426,25720.440938913318,6.079934926870264
16.508351897494663,78.35770211784539,111.83610454816761,True,4.988640343687542,23047.683027420942,9.476083914045418
16.673194602766806,78.67972725267494,150.26264506195116,False,4.442796787856607,24012.595786597925,11.438367725710194
16.556139680674598,78.44666069197739,122.50495193071134,True,6.5565330106264295,23259.580446191507,6.39712646914742
16.63397069796629,78.31081716462445,112.31039440196032,False,6.488518357756776,22885.048230471966,8.358290091867822
16.363545311282202,78.28889298719363,100.7996368104897,False,4.53011619862571,26237.033446020538,7.640336618422987
16.432477031268743,78.25073016051138,98.50784927562256,True,3.378651984390996,22324.91887089321,14.468788227314494
16.330296339947644,78.52637835984861,125.34435723420532,True,4.371465493728268,25295.063823324977,5.011504636251644
16.40460802341335,78.49880842537218,123.6493457345643,True,3.746470886304914,23145.942212401653,7.010363598569222
16.60232140537036,78.10827392476338,91.50014910703042,False,5.979488998491956,22459.24640032233,14.838276690283617
16.539458046484466,78.29527431051447,106.68249719635355,True,5.554239637653272,22761.9377286285,7.927643595894995
16.658953373527535,78.68643526694956,150.3931546293491,False,5.020573625933284,23713.595344759015,7.041763662842056
16.41169699667819,78.58465964782036,132.80110206953776,True,3.0654980128288174,24932.27919357832,13.184587363096655
16.53433828670782,78.34044534306467,111.01235513490273,True,6.864369009428868,25091.894603282188,12.761953188975921
16.4097582252904,78.41440576097739,114.92074065826071,True,3.0538701597055207,22530.47220729132,8.913790551962851
16.629242622508,78.65627411220798,146.2701090795744,True,5.109798076381285,23888.941067171454,9.36751999270238
16.4925924180661,78.25842502235068,101.23253033856388,True,4.726577498091129,22523.50047937092,8.25645469024364
16.450364059545535,78.30640384571312,104.75901145604996,True,4.047577048710144,22842.978461793547,13.324129394162513
16.687637631966123,78.41978879649213,125.35632304324875,False,6.559988366065845,23039.616117420068,6.603889883650369
16.33777060350199,78.3739873631639,109.31407350991829,True,4.372242001807629,26213.596583989656,10.160390030914762
16.52814265903566,78.42956865696252,119.80409977419646,True,5.26043013422534,23256.172994288332,8.377991421932823
16.34726160968848,78.50242749918944,123.03682776003491,False,3.522250404326795,22861.63393396965,5.427271552620936
16.348110223478947,78.32337757481645,104.14088457473967,False,3.2097558596907296,26423.963762631145,13.925513426548509
16.48686193106624,78.3856666548774,113.99392952610867,True,6.360901645095945,25119.933497384365,8.60878387522981
16.39482753955057,78.61217911828588,135.38540949078308,False,3.515476826204005,23943.865869675228,10.26389396009104
16.24742683054198,78.510259358744,122.92267994182049,False,3.5410141520587897,26303.406112990226,8.318236092050132
16.43521359927212,78.2348953102067,96.95925764674372,False,5.627357624153719,25873.891237657986,6.7840288412338925
16.28303949592081,78.47436583031238,119.32429544327859,True,3.8596067599708888,26185.018056489644,10.140473736305399
16.505493307866253,78.41487624032214,117.56597766807911,True,6.123493206785963,24879.319797498898,9.65809809587562
16.41633453383102,78.46119371346423,119.95698227834974,True,3.2986314559595757,23143.454190819255,12.410508900742357
16.35845196605637,78.50341178991029,123.3091358223226,True,3.1247279744953813,25686.01286247464,12.955328256758063
16.468235687801783,78.31239467535427,105.91333217995333,False,4.517117403958192,25703.6754164606,11.434350180727908
16.50411852809072,78.46103327140774,122.24700568341099,True,6.467841439403783,24936.37909712908,5.797005221404224
16.241112145154826,78.50317340170699,122.14049863953947,True,3.5378556668296026,26397.442880986277,7.4934107604711375
16.51618648108927,78.84850348072615,162.65860677793245,True,3.0211557723050904,23825.22992754599,6.782434994594908
16.618954869583618,78.7459142113832,154.995354744789,True,4.928342496154996,23753.70090150227,5.517226451060495
16.420173902623187,78.29262066423516,102.4959534091977,False,4.795547181175584,25970.69505494133,12.210528537145382
16.5144306304711,78.53816743701312,130.47507365560878,True,4.75186723983424,23563.459864346958,8.305844314160819
16.362035909654196,78.24617125959273,96.28687547184467,False,3.9194035512990526,26363.825375250795,10.168468104343983
16.390944094004617,78.28909881574715,101.40826277173007,True,5.8411269068168545,26065.689556908754,9.912482210837691
16.56034572704898,78.38413321305416,116.37161730444247,True,6.40663640556522,25015.696333802083,9.340271746547426
16.43419008987578,78.20169632395847,93.52109325285873,False,4.81563503355358,26073.304091571277,14.284232588642563
16.589695640841892,78.18427263269953,98.0254838943924,True,6.703634074219017,22665.47990705766,10.369952915173542
16.57494485948466,78.39278156676534,117.7990643430474,False,5.866758851627003,25089.77247613798,6.381620390414985
16.306852208182438,78.57703168907074,130.46106884019486,True,3.307132268690747,25405.58735718746,5.907262427568272
16.69208903463181,78.38825217345857,122.55169134599672,False,6.761750593882386,23191.393453814177,9.810122897747195
16.438055012228094,78.36579420322795,110.54913205464618,True,4.571559417007345,22703.805383914347,6.122943947090098
16.52317973310856,78.01535383972102,78.61493294326517,False,5.513062295330765,22023.417002829876,11.027260440346282
16.468767206983067,78.58909775649654,134.51455198851514,True,3.701898828408189,23645.382685287757,10.041436026526284
16.693208535230323,78.47245750552815,130.70036842847443,False,5.08495184854254,24667.88943735771,13.457933186827466
16.535693483707,78.52309250258207,129.58087306327872,False,3.881904464663154,24836.260363551864,11.493769324422571
16.649826693334862,78.28479761617204,110.59334043891177,False,5.619210570883416,22904.151960252584,14.083703559209553
16.37417606421029,78.45407262246258,118.36813253509463,True,4.223443464756923,25278.437517569848,11.59884543408614
16.71245935744602,78.3736220864891,122.19224868222234,False,6.987291664336565,23277.426611817682,13.199644775310045
16.38249827828648,78.39773665719439,112.60138185806633,False,3.4355704897353334,25937.429352530915,10.612093729631317
16.62409806475005,78.4501791860774,125.4810440224548,False,5.2560284584941,24832.852477345285,9.768433198504397
16.291859787022137,78.4705491637944,118.99558493957112,True,3.7342738095431036,26317.903530617543,13.038455588286087
16.730518627476112,78.71613019615035,156.17938806662866,False,4.181767173681683,23844.77482988666,13.62527249030598
16.713061700471716,78.31110718043642,116.36921148124826,False,6.441444956609855,22927.330422908948,10.441596588267199
16.59363869700969,78.39922058653553,119.18435537855062,False,5.005103660397021,25012.697522605264,13.951832807224562
16.383709645005,78.52267669019483,125.76226625043641,True,3.3560466795956985,25341.938682593587,10.27359510895284
16.58207980519462,78.39346122559792,118.14794733438946,False,5.914448566570352,24933.085894658514,12.112614816076604
16.52343815018374,78.43645738954768,120.34831342726521,True,4.776395589937787,23130.804541123838,7.976703444768255
16.46321455927702,78.38907839024701,113.6444434748735,True,3.3307426008880494,22763.809651860855,13.185043151432097
16.487446280920334,78.4325099602015,118.81803606243415,False,4.9382280619621035,25244.647813728978,5.629722121166947
16.53749350051287,78.16824949805249,94.04242754808239,False,4.78211151826255,22369.522598244184,11.507217801898905
16.601098185742483,78.48567823335702,128.09165867667474,True,5.335150643942857,23600.309248040387,13.471794720563196
16.617503891744022,78.74101960843208,154.4494466777706,True,4.737511565157366,23873.5078935674,6.698141608256085
16.28890010659864,78.34435344405027,105.54913582252313,True,5.403606730375726,26499.985450245622,6.598431589059509
16.642002993041697,78.63142457835666,144.2403553754641,False,5.815359138518332,23412.15183288176,5.0033813506066735
16.49257062162032,78.26599032909793,101.99648474590708,False,6.957848980197409,25600.125941066384,8.857543891642036
16.57935015561674,78.52842486513744,131.58718659264872,True,5.230500043357374,24582.794653054516,8.317608718271128
16.52292805482964,78.50151890492764,126.97365113255911,True,4.762469623324012,24386.03534717859,14.017443644044473
16.76571828175028,78.51138571577374,137.94401818967404,False,5.84818578159175,24418.245837139464,14.057499170057998
16.59559902255636,78.32184255335328,111.63349752821439,False,6.655436066899828,25142.215501895,11.624835553622477
16.255953505429495,78.5601098999637,128.2800647043193,False,3.09203274527356,25954.737539657322,11.29398742241018
16.547565752754316,78.61734555041521,139.59616593563592,False,3.144241764086222,24668.75466356121,13.79507429382857
16.674443181622422,78.56423711835627,138.8447928661446,True,6.909293290717508,23958.19748933201,11.591061876683337
16.501264529129347,78.23335350530354,99.02315372664007,False,5.184034222584684,22360.79130284667,6.454321581903072
16.346841115636717,78.39350431300647,111.51785280593626,True,3.2071066376054027,22445.965247709308,6.914692361414952
16.75139695147564,78.53329566145598,139.3232199888403,False,5.641491878198291,23340.642244279283,8.235643308724818
16.393503410269062,78.44134861487144,117.39777581847805,True,3.3861106926106466,25736.417628624546,13.32938787564736
16.464458156942516,78.42590036680046,117.47963775195348,False,3.4245752100693436,25489.72454761026,13.885341369159843
16.481930732602653,78.08552506101046,83.52221987806199,True,4.610932614148535,22105.103743519394,12.398517169709159
16.609302501385358,78.36179669356456,116.14791954983941,False,5.654810221556273,25053.73108983565,12.821778026650156
16.570856552235053,78.40708112839276,119.06988687962459,True,6.280482122376819,22987.431347761747,5.944908803243553
16.457733198630198,78.34575928861392,109.02400153490767,True,6.415477881633718,25308.35352370747,11.098493025291045
16.59378356896502,78.30607285231977,110.00934668300539,False,4.547116650315601,22687.359729692365,10.90291142228353
16.6125819387876,78.54773402196253,134.7425578950611,True,6.9207275783114195,24226.908303119053,7.875079593267703
16.61241065099687,78.59673877140692,139.66255684394224,False,3.557861763085803,24554.793174763392,14.92099998532183
16.419826890469892,78.30484627401704,103.75435727465528,False,5.682854621221198,25766.181699232093,5.150058344184954
16.50099714814004,78.54650716320103,130.94702785133487,True,3.9265158120978154,24851.311949777075,8.31740570413455
16.747237709723077,78.59119672414911,144.6988010055155,False,5.8329296605937335,23745.743359833657,12.776147677283763
16.304157124569155,78.38818030487704,110.36905705125389,True,4.877359902858415,26298.89002308023,8.22905206829919
16.353697434479837,78.71851355998878,146.00847722822482,True,3.1211726299464475,24412.04028081412,5.779062931717841
16.550529793334526,78.67034418469504,145.12488116402614,True,3.178631701015227,23529.897673731248,11.51551574708489
16.590799839187635,78.47028871391457,126.15801880282545,False,4.183610967883127,23047.974371696724,9.193916587052733
16.349600027635333,78.59096194913836,132.4404734902625,True,3.3896650062033125,24851.608223365183,7.754876810012511
16.54769417910531,78.49543475423323,127.15384042958097,True,5.752302540584761,23296.279621722944,6.20625398597956
16.40372496559796,78.29064897583227,101.87343892298978,True,4.84301305552614,26088.205287994297,14.460672836170415
16.58083148478417,78.36163136125028,114.93520572600065,False,5.576063817534283,25121.6902363674,11.94548870378339
16.447274255664375,78.37030995768922,111.26348523763413,True,5.666404698942065,25152.440977841816,14.33829411336306
16.531546925619878,78.5478211815936,131.98123942425954,True,3.1899874247896167,23215.752538104363,14.353993998962835
16.558632784549495,78.34313555634951,112.20807245925256,False,4.65833958387095,22675.717423444083,7.612308678576939
16.46614421797183,78.23061427934755,97.50059653498285,True,5.73153270519547,22379.877948635247,5.799811461297354
16.395767515139152,78.2624602287504,98.74568736178422,True,6.612462335300526,26178.18052787147,14.09906982002079
16.620406221803197,78.42693483880991,123.03142852602282,True,6.783994749206004,24652.040150552726,11.320595003596042
16.409133154963687,78.49654391106257,123.50417461337237,True,4.530827693471047,24916.894165905564,7.891682141584333
16.441765849870475,78.42908136145826,117.21039293569433,True,5.305387731775747,25096.75087849037,8.717971562631998
16.67444368734679,78.51676036423933,134.17497364261,True,6.736075411391947,23621.458920902744,9.889516891931489
16.391239789541086,78.6366571539057,137.9039852059237,True,3.1807122967374184,24065.070499397625,11.121007653006213
16.684578839771316,78.48621692342843,131.6405119117755,False,6.904752495682365,23174.040523879565,5.714497808431132
16.551599687240042,78.30882941391678,108.51243573293299,False,4.819157122014252,22586.801577243474,7.334079021176041
16.49522366365032,78.3895105033151,114.64823747386708,True,6.397393183063945,25229.803320361585,6.316983697209345
16.307085535421212,78.43884675362547,115.781469839114,True,3.6713243420028836,26393.81053796292,13.775420619728818
16.75468197428397,78.40571466342696,127.42405252263009,False,6.74337362519404,23174.296872791263,9.658368208414908
16.66934717320139,78.28247841499486,111.3688583549544,False,6.097824782353309,22906.29199385793,12.514479247891044
16.5475841191358,78.48779458601005,126.37387553379116,True,5.611716740377873,24334.719998360782,12.10929599665231
16.482557776794273,78.54532182000469,130.32109724178335,True,3.6922498437608193,23104.556289903463,6.914690721878403
16.536635469605176,78.24501844973665,101.56991912274354,True,4.753089440054163,22593.524812096537,10.808702159545378
16.62541525820627,78.46696804778372,127.19633729251555,False,5.342757840706872,23033.40220262384,6.340313364186294
16.388109700830377,78.3416081904445,106.83328154641842,True,4.607797822414986,25930.95099449034,7.527726260752832
16.376525534830606,78.17780734491267,89.46582786704326,False,6.571480944014828,26466.771860519235,12.30536040241078
16.736715821086612,78.60008756193895,145.07755585225573,False,5.203148255172053,23469.127156329174,8.092771051049041
16.377025839919447,78.53900855127554,127.36766933208362,False,3.3562131498006074,23640.62003313673,12.242323713766092
16.46584848341306,78.28923553513035,103.46888708297945,False,6.501345833053767,25645.52695779367,7.324699633959427
16.519232917635367,78.14261550332137,90.73140157848492,False,4.245229722671411,22209.704940816893,13.40746131924333
16.505844526299697,78.65302777241585,142.0910683113526,True,3.6862834998790053,23886.499106008563,11.819740389934644
16.443416063141303,78.38068692089303,112.23363279241259,True,5.571520814132121,25180.82199759941,12.69007241548977
16.54689603187973,78.32912919680041,110.35266372213111,False,6.231894332053259,25205.312640262164,13.704993158558187
16.538381073957126,78.4803540599838,125.30998681024644,False,4.161218035330629,24970.40021838811,10.55245719658825
16.51892194149508,78.2091797574345,97.29436725214039,False,4.949538367244049,22337.969940159946,7.577729999467992
16.705721551351864,78.54275702263695,138.09842678278181,True,6.871925591038817,23655.406473662428,9.655264405998505
16.502409241979088,78.49303942123791,125.48169273032968,False,4.767846282579315,25056.214283408768,5.246135513712849
16.33648127543018,78.31601600103674,103.16994570038955,True,4.492214525724891,26397.936170656063,9.454159835238874
16.625593196989136,78.59319623185294,139.79086532134713,True,5.2016875020363464,24268.309974596603,9.012111743804716
16.491513967320294,78.56838853068031,132.9475134905769,True,5.828321487209404,24507.546868139405,5.480746320955504
16.415043090036818,78.24159909683394,97.0763558934474,False,5.572922267496572,25878.08408354787,5.965042973007227
16.44555525602391,78.43671532316233,118.09909205786906,True,3.1327846247330364,22779.246479705755,11.418942110266702
16.51442027685224,78.44988359797586,121.42613860121116,True,6.758657652123512,24976.470762592024,5.548805998231336
16.647882198920747,78.4501955894761,126.49372921710639,False,4.834079545772482,23072.601122698838,8.906522301830279
16.76968869034924,78.72661345090553,158.88700727243074,False,5.816883865613102,23909.695036370347,8.10637703699445
16.589657407184774,78.5545453217224,134.59089148696535,False,5.394647529711566,24719.456623615202,5.0976668864559205
16.424816499570177,78.54752277655562,129.17265391289064,True,3.6569169918991453,23028.354629449135,5.743895754086453
16.73282293909389,78.37587668802841,123.47033175123813,False,6.9789649081204645,24767.079124778396,13.270353055381115
16.724554263239504,78.4227817020392,127.45984876025581,False,6.148470873952097,23286.100869884438,12.374305640372896
16.54845030504497,78.4003977799501,117.56281314837861,True,5.690897840858807,23127.873114178266,7.672534523836752
16.466244422947682,78.43326822784724,118.29002432516093,True,4.078784248397573,25308.61951638903,12.160119478582837
16.269539351957643,78.48756980993237,120.6283362250838,True,3.765886185213315,26057.00345443541,6.3967191822102745
16.442156098208475,78.62071378359165,137.2035992883898,True,3.358562706137736,24216.655240927525,12.292360179516258
16.474563877206382,78.32948451411515,107.85979387057807,True,5.230547781981565,22701.8224089148,6.223539102496383
16.694723986600316,78.74798274371364,157.91204161426842,False,3.844404314361119,24029.549357343003,10.927709290006687
16.516248009293157,78.29052939795145,105.3251803840593,False,4.68365531607254,25570.434780259075,14.977004843937994
16.69765432150669,78.23221921565255,108.23226046260973,False,6.044193731105722,22770.965580671647,14.402956739567795
16.495717805953134,78.38313645313073,114.01247654926351,True,5.42627652800369,22845.4181232028,5.809577270354902
16.374323268833162,78.37873894096498,110.44663736552712,True,4.270040624274943,25952.911772642783,10.940402539688773
16.399897159122663,78.51871235220618,125.64564740582735,True,3.3713596175335208,25321.856548888052,9.760971642376472
16.4845005570453,78.52025188349235,127.77932135860328,False,4.23270532577717,25054.48403458589,5.514348265973795
16.32271586369393,78.41882845777032,113.84679003953588,True,3.7892163054792163,26259.06956818584,12.043953894126567
16.525793598844057,78.34280928733973,110.93831698660999,False,5.18106439711957,25365.64124538516,10.057141556698694
16.533959539952008,78.30280684051249,107.2225659297242,True,4.68961406792431,22814.70334976537,11.263421637568909
16.325384872593922,78.28628166860965,99.85467230957967,False,4.435209896478188,26435.54770599487,6.358843091756064
16.342317184027493,78.30099888345164,101.68218417931729,True,4.545479784712648,26309.644079755497,6.930890389656016
16.504669134727436,78.23496740135269,99.31294886316103,True,4.631968559343687,22624.60832036791,12.1323189654089
16.62046956560846,78.41854453418851,122.20674929554652,False,4.704856421212575,24945.321721815868,14.264588367890521
16.542506551997068,78.45276254787264,122.64584439620938,True,4.3085329687687475,23061.372767491986,8.55985297640875
16.769436114931164,78.4147318752938,129.05938596839346,False,6.038740688198289,23268.01742164079,14.839564331741506
16.431290931864574,78.43036247917583,117.08510267332602,True,5.11668828962468,25285.051824018195,7.190563157410525
16.340395656929307,78.33284844165712,105.01026807028154,True,3.045168821357694,22064.49822052184,6.8802845542154225
16.454423373904362,78.4818383209616,123.00925276774912,True,4.6426251399226945,24504.28508994225,12.284178621944516
16.344424138389204,78.28469079915979,99.99985547246978,False,3.9000039735462266,26346.997535755618,7.573915754584101
16.467033842920788,78.3991895048814,114.79538341479585,True,5.381782328507322,24921.236570712586,14.543051771456794
16.573347558956936,78.50649384144731,129.15902271888285,True,6.357517581208002,23257.181088598263,5.471707703409874
16.366167908713948,78.18852565350558,90.3420014014023,False,5.97346751398738,26491.89312034732,10.680283135560869
16.449180806472853,78.48531061749605,123.2390795052722,True,3.4920285839644953,23313.937662516906,13.024120891703191
16.613105800080884,78.41177509455746,121.22928619379434,True,5.0020079555313846,23204.352341319343,12.41139640867128
16.62234964269121,78.48897045280015,129.25443984340302,True,4.862058413763638,23495.986801407107,14.59731230492077
16.530760337300627,78.66437967994689,143.9415547985462,True,4.7583476537930345,23926.254233658037,7.288072442231011
16.645362310428283,78.4150302850164,122.94242642003762,False,4.476236416828461,22985.820972864898,11.161428506697105
16.467793043817398,78.16798284274772,91.21458513385845,True,5.746785396716255,22234.08121646876,6.3017957054517435
16.41260649532438,78.54911346705899,129.08756616802748,True,3.486752168030107,25196.418055966325,6.455196573601127
16.44785306162175,78.32670503007765,106.7772682560451,True,3.1995593439425365,22431.53321100815,12.400949689095283
16.51784668445372,78.47846513959574,124.45622054870196,True,5.573899828896556,24314.750052034982,11.954278901675849
16.46444434455447,78.33277329700287,107.88689866603124,True,3.802143087966815,22787.913529940335,12.7501813677153
16.411260943212568,78.33115428201455,106.27258320972987,True,4.434564980822832,25928.824897687708,13.730308306352617
16.71094483240956,78.59990664050152,143.9128452981161,False,6.688238247179553,24292.33072694546,6.868013655696563
16.404161350211155,78.55519420691293,129.56046475231665,True,3.567591619207229,24516.297337299955,12.151554145002672
16.644326253397168,78.31029607777056,112.75753142854987,False,6.3991612528487805,25096.02803280376,13.114042316726968
16.40256674743505,78.4155844889193,114.88650109189079,True,4.623014276616624,25549.283956933687,7.430269507517022
16.295511274169645,78.44557907470399,116.37525761613095,True,3.7669733675854706,26306.264749710394,9.892968973119
16.592412004252207,78.29658767454335,109.0210827752276,True,6.939536785675243,22929.044372686418,8.19844181096009
16.70873045997304,78.7334704765433,157.01166474826755,False,5.430655642683446,23742.954953504584,5.98297245983428
16.51370363032576,78.57231655592894,133.96803638386146,True,3.8889489413172575,23716.4869940955,13.602961891097856
16.82293521331455,78.59216905935514,148.50385963914644,False,6.053661309144738,23678.04317520383,12.521927947507212
16.463082577352257,78.50823755572029,125.96993327381497,False,4.482134336403777,25118.42451616477,5.10806547874868
16.593506809685955,78.48434915357153,127.66920691669365,False,5.129033393264297,24765.66622529118,9.005902788360611
16.424943002361946,78.36182791203893,109.80043678841699,True,4.426259320465409,25731.083232349505,13.179153937483042
16.476161104953,78.39560061731868,114.69055684682681,False,3.6540516725419585,25512.563243435674,14.585781037616725
16.41668872615961,78.20264156898531,93.09932627577504,False,6.311791001119067,26090.134669967483,7.451507170416624
16.46846097385389,78.16011750080668,90.44604459734478,False,5.8266055217911905,25962.523150851997,14.519563349981023
16.34728500756845,78.42451238195544,114.79989774891635,True,4.042382698102073,25912.50179610228,9.675372292660835
16.454483872583282,78.32108853812495,106.39038689528103,True,5.11075031100531,22540.685733452883,5.495307419976616
16.42595185661737,78.70842669431906,146.0784474385431,False,3.050935393287351,23165.768028758393,5.14690332583449
16.64010215959283,78.61637791770835,142.66056352060264,True,6.379314613734431,23595.6525878045,5.9603666332080865
16.426870087919397,78.20836716653672,93.98492668820317,True,3.8893316074566813,22268.256315553375,10.513329988326502
16.345083861931997,78.43256959996982,115.61741994868689,True,4.230752351722582,25768.57321450228,14.933512897570578
16.567988844261464,78.13035207392358,91.80402845287173,True,6.562582968348914,22606.866033582308,13.306646083373286
16.514677238002207,78.50710848672568,127.29303075961259,True,3.7861620214797,24881.649899788234,14.66112436784232
16.546108490564492,78.33464957618138,110.87441615890528,True,5.705566500887473,23267.961716246926,14.30381611960971
16.35686151648063,78.26773662364361,98.44664054772119,False,3.220803472307231,22389.857793909494,13.956190334423997
16.456893770612634,78.29312359020469,103.5897548794126,False,5.288816440402958,25755.885477920267,13.133094660745675
16.5430711174354,78.40290309830198,117.6212957133899,True,6.080552968337093,24893.12583483035,11.146453259457441
16.520822432325485,78.25489192247247,101.92486002744155,True,5.266424624272194,22837.10981728682,11.930928274152045
16.4314666203452,78.17261335608863,90.45829638551146,False,6.978451164781982,26169.91404646027,14.459519758171055
16.528144562823783,78.47224331952938,124.14856330842187,True,5.36331688173606,24549.573370601393,11.471960960534263
16.50092274838312,78.60161692651617,136.63804296975863,True,4.6817313172462285,24568.094289558332,5.860170490084884
16.472330391362206,78.13668468912816,88.23555122498155,False,4.184037394523816,22087.34925366539,10.319631840846743
16.507905335629484,78.02329486822956,78.6175126696738,True,5.534047093172548,22107.396400578287,12.909869395925607
16.51092512297413,78.22399579286036,98.45407182074614,False,5.880994057876109,22402.62502819612,6.131200475605855
16.694702497701392,78.78261216109547,161.3780436275516,False,4.631842135339743,23752.45101347004,5.779738446391686
16.727677742324637,78.4578383900245,130.94934766564953,False,6.8020667893394595,24489.27458625871,13.490644213934292
16.69860163178963,78.6264485752096,145.99489236603827,False,5.751271453267965,24378.005777946186,5.893082910980412
16.440274950838848,78.32067009977307,105.94150426060395,False,5.43849438752462,25698.534141611726,6.538190375341165
16.53718289163649,78.34788639424949,111.86559303429362,False,4.158728033412466,22748.30778333104,10.167557208764254
16.74298413672518,78.52124911559207,137.76081996589238,False,6.934205428500759,24331.771306030667,10.654202237693777
16.386371337130313,78.40227491913218,113.1548498614692,True,3.970106535037515,25823.937146924458,12.859164709908736
16.54980480456861,78.108978333028,88.86859658699122,False,4.974314851102271,22241.43779103205,12.248013381120728
16.47594528851525,78.62816540959838,138.75409897616336,True,4.838417388101408,24314.863366833586,5.7447155772215925
16.57945132319898,78.42192191423291,120.88423102032274,True,4.8806397636728285,23192.59551075933,10.61191769364666
16.323115503068284,78.3855104079594,110.3220744465171,True,4.442947916282806,26353.7302636621,11.876792191106254
16.528486226279206,78.08014288928347,85.07250895321167,True,5.851413212636471,22409.300708082937,14.892564683046814
16.71881560689952,78.51246974476216,135.76333415603293,False,6.259798155179871,23607.949184781493,12.977893289942545
16.541021741732855,78.35795958505828,113.0202017808063,False,3.5422773927591926,22658.886232107157,13.997525298019944
16.442377462362394,78.72467537720993,148.10234696613455,True,3.1632213497829302,23819.42955602108,8.28092080334698
16.456706382523397,78.37750066845729,112.26670827488668,True,4.778162004232572,25476.665714180137,10.218606466438631
16.487097471496945,78.15698173748959,90.83384245694646,True,6.998228995967311,22251.32127539611,5.546140396585289
16.73794948775654,78.63010385980773,148.05573297274628,False,5.667884111557049,23861.238727931548,13.001675859040725
16.402067107616883,78.33782668339254,106.74972618574073,True,5.438784994475313,25822.548675984686,10.931370270047378
16.48013249410311,78.29183514234515,104.19501227247447,True,4.787765833861226,22930.36052228294,11.977645700325901
16.4751796619131,78.20315744596144,95.02989499713541,False,6.188890718662668,25900.083537147242,14.975771395143306
16.446604571213165,78.25439902378683,99.30462428365074,False,3.2618888192134756,22227.698320883577,13.168452624090184
16.57549856601122,78.31390513442672,109.99292924996236,False,5.469942385959205,22703.265027968253,7.252340867371535
16.445179544342665,78.37465299277248,111.65608783414078,True,6.257942579301588,25433.25390501017,5.881578694601162
16.562313876230043,78.42107942019635,120.15240635767226,False,4.452634572934994,22946.18668863114,8.392964808660974
16.529935769755618,78.1912167151319,95.97136196137721,True,4.801799934009349,22469.845672254607,11.765914620420316
16.57404365187059,78.69006679699832,147.85853260482466,False,4.2107838856225275,24445.32247138962,5.3932116071856315
16.617306081551128,78.59098254284937,139.26161065131743,True,4.824767134394753,23802.51546504692,13.007435068781056
16.712976272765005,78.44278806759883,128.78819055889542,False,5.631915739481363,23232.994854662556,10.989535411537934
16.407447786867476,78.25566066344399,98.33173884814357,False,3.0015123395286016,22104.55813898197,13.304511159570696
16.337529224269655,78.27414106637626,98.76864137452687,True,3.1677076356611353,22060.147742441477,8.415113280475703
16.63919964327714,78.5835575423849,139.34263089704788,True,5.088413712778056,23532.654563286127,8.238285455053287
16.546906584411147,78.7485274542916,153.07499366097164,True,3.796160827231094,23679.67326766213,6.179703190737787
16.377971430626104,78.26817256574603,98.9299809767638,True,3.891910430400664,22197.78111668438,6.5703394695169255
16.719431019405096,78.65337201044613,149.52737994351722,False,4.753001700949066,23549.915479049112,7.911153181113399
16.360224329937285,78.3101719453542,102.97070702867029,True,5.216382977799565,26173.090245136285,8.269704737354292
16.72905627379123,78.57955232015435,142.73373997466237,False,5.969693343226714,24300.858263204635,9.141637376818563
16.640922853624076,78.66530217204536,147.60301853642898,False,3.8002242369445094,23531.65209861457,9.62663516330145
16.50476337782217,78.29560862502245,105.42152308904097,True,6.470565797897965,25439.539684116386,14.42978196937107
16.580310449511856,78.29260775823342,108.1015390495846,False,6.390443267625964,25264.325725337978,14.161609516711994
16.4786416339811,78.37134030028187,112.27367424789603,False,5.315232897682456,25419.055479649563,5.922539943591393
16.34272225018986,78.60527605826924,133.865877969688,False,3.523798767473859,24721.12057776703,6.727304951251786
16.509414796955458,78.10664875119097,86.77603566336838,False,4.733858828887413,22134.73864672608,10.498026681341974
16.39482973922529,78.35182846123008,108.04872877023975,True,3.2621783260728368,22337.969647051716,7.797556618915015
16.469776454679177,78.16221423419643,90.70527017179641,False,6.867048370315706,25853.28326188407,8.3507010086711
16.42140780056861,78.35253449207335,108.74623469294383,False,3.612622457372428,25898.05720998973,14.976039500377183
16.639472474645604,78.50921880938164,131.9570596804648,True,6.513228230645641,23812.942996509988,14.588076626163852
16.333242783461916,78.34987139787407,106.69602956127656,True,5.101193317282601,26116.60987800802,5.866637285759121
16.50979251700779,78.48600434512032,124.9802768722841,True,4.264655975356009,24897.549104548194,11.618931153061869
16.443031664007385,78.45702962143652,120.1465049114383,False,3.3206329084052886,25466.923459118003,14.539312027952318
16.653835325795768,78.69360533838733,150.92325034554645,True,5.259673439026646,24061.03221397409,6.962531377625853
16.78098565323694,78.69734379867424,156.54028852365505,False,4.573475259615622,23728.95812023738,10.780092473245865
16.48928860724408,78.67240562488823,143.68183446215508,True,3.474097022023211,23763.355234125796,9.520149350064461
16.4326281331666,78.65782092223388,140.8935281213433,True,3.324407091561313,23463.280284580815,6.710479655734264
16.603062848379246,78.43124143258312,122.74397720901864,True,4.879160012433838,23271.024235520694,12.702125109127161
16.317652371394246,78.43187383574667,115.16556587828103,True,3.543776544892825,26314.395589889886,13.616227673913455
16.621133934622595,78.40466548461373,120.8687258060442,False,4.0685015098906945,22934.24505062271,13.636036733853539
16.86597794240998,78.66670791614344,157.75243470534423,False,6.922862311419918,23852.40249496544,10.018877848866428
16.676627487490823,78.63708328762353,146.14816272209512,True,5.827430623341208,24128.289308955125,7.8499955126789445
16.750060053176888,78.65921885733641,151.43573720076938,False,5.893261707777957,24063.58980878969,8.799856488501977
16.545161272593138,78.21756792479621,99.21432388589392,True,6.905787810595424,22803.998825047995,9.30019616159028
16.443057926878353,78.55585511176646,130.444429524279,True,3.738605278589053,23638.12528242672,10.596263748423983
16.868621233878148,78.63234829505299,154.66826816029217,False,6.595694180940179,24041.654492400317,11.781082293702983
16.50595153248307,78.67783673365416,144.66529547777552,True,3.3279671284245453,23682.70951134333,10.028106003070185
16.55314873875009,78.11136845857914,89.26026590524883,True,5.71153865252321,22428.81241849426,13.509279633865441
16.51055732821988,78.21692265357893,97.73344805303785,False,4.104822035474523,22325.019290817952,10.815153157630023
16.483434377343112,78.19557809157538,94.56472526852164,False,6.363352493976846,25861.82775826318,14.19121585444506
16.622543125312365,78.2292438981276,103.94253655594513,True,6.618435149005599,22894.556741136483,13.655267655522422
16.540851251484355,78.56307002667117,133.83049499579005,True,5.101003728420366,23572.97811464495,7.280619611693757
16.3545442640696,78.25227900818219,96.7777548710396,False,4.563719962734412,26364.74467053977,7.389200928824068
16.732139754377865,78.72238461410319,156.86446033948187,False,4.427596043831363,23828.045454009054,10.766791931259116
16.6365537711825,78.3853759498698,119.65584198336724,True,6.762295923180118,23370.22937219329,12.340369293291989
16.620585343507784,78.3475799795241,115.2547954856163,False,6.436570278327356,22961.585973776044,7.737701705267805
16.744072617661594,78.52998207033332,138.65087294151024,False,6.490905444322284,24223.95647261456,14.239126943887145
16.626523620626255,78.42841870048251,123.43594032124467,False,5.7026802381947,24875.082797645297,9.039175540245209
16.50985185719715,78.68177417609265,145.17459791066568,False,3.0746249070203695,24587.99281797839,8.64478279874256
16.804412750155763,78.68443513028187,156.3815593053576,False,4.73811759876488,24060.557055225923,13.15896904656319
16.534840387291712,78.18978220737755,96.03903507864699,False,6.6862667238056845,22402.410789457637,6.243912539176937
16.596676183051667,78.65980131683193,145.49841577634984,False,3.3637614523352832,24335.637396215927,14.961122080339113
16.471056289745803,78.29099115815929,103.81380001170649,True,4.451766309305874,22935.88120456871,14.389016618623693
16.609756787069553,78.25751919751211,106.02562724203963,False,6.630856104105318,25292.82754589528,13.823984298256967
16.368340104226935,78.33906768217442,106.16300751584876,True,4.1250896587156145,26138.89165123081,9.905339439541851
16.462882584012576,78.21357271500464,95.65879609773542,False,6.118780005392376,25929.300572008207,13.844273354459165
16.50330097902097,78.23862254365505,99.62834534759232,False,4.163804370952113,22361.389881097006,9.474344408084121
16.554615592010197,78.6411243619893,142.24848847682455,True,4.686346188452582,23609.71745431522,6.429393254658978
16.51200893238603,78.44614926435642,120.96815124973239,True,3.717375592557729,23137.75059018125,13.646467141364296
16.531884451116454,78.01069785291959,78.6217195928266,True,6.525581499548868,22128.463734550296,10.815889306230936
16.336892732133087,78.0891556360167,79.30645272383724,False,6.734328519980407,26494.37831813154,6.957633418513462
16.642871037132863,78.438439876453,125.12315651483581,False,5.567053072481962,23079.421166115735,7.53671367127744
16.611771941545936,78.16459498345955,97.2738105964057,False,6.553099510993316,22588.28532376957,10.943511145007369
16.52476488187979,78.49515675386101,126.38038039600399,False,4.4783623858938135,24937.61267859317,7.958175107001482
16.666486821172676,78.31305028079497,114.11517842655276,False,6.987356623774733,22804.64609225366,6.778982894931773
16.698528215255976,78.39734829047462,123.73789573808209,False,6.342391996756312,23054.70729504684,8.008273508358595
16.45992317286456,78.20051082490288,94.23181634882565,True,5.899683163817068,22318.44884321502,5.892059152467234
16.522710763859372,78.59245719863914,136.30124750604458,False,3.2735805903932174,24761.269072912983,11.672994413017392
16.501128750509658,78.3446518048881,110.26688292972388,True,6.604316398661921,25168.753767608596,12.158189306997818
16.502326543619947,78.41518249113537,117.49690561482379,True,6.334518796956848,25016.274310999073,7.549866833748422
16.635297164531693,78.48854367829186,129.73849590035144,False,4.373044108318847,23290.992815322934,13.1134662453313
16.573836943754475,78.43294201468332,121.77360140903193,False,4.918170158441852,24884.387147506837,14.130759617082678
16.29393889265931,78.51241804248374,123.46806825295191,True,3.3051793636202094,26027.546460597114,14.107719779539389
16.53571001017022,78.42344160769628,119.43982685133231,True,4.196060672714012,23121.61017733128,11.644834952506045
16.50490361026914,78.36957796661278,112.92805454838938,True,4.583778396747112,22982.160706508017,9.458632039302122
16.357011496262604,78.4364624548858,116.21726272756783,True,4.514272789552193,25680.722558332058,5.5653520600233675
16.669929032437544,78.44223796146292,126.69915432932746,True,6.084939271540878,23487.820000391534,14.791171539447983
16.392085528032087,78.28791523266176,101.31114462649664,True,6.578683223139725,26080.7714525204,13.044649681670867
16.386160320179084,78.425228589219,115.55995726433517,True,4.68277022268269,25542.695452573178,7.489531148049221
16.516557816337563,78.30313343802476,106.60502164884653,False,3.6531337172865608,22525.629077861453,12.999812351132555
16.479089972575466,78.14615977229033,89.44249788719182,True,6.623690227376129,22183.588028594506,5.576988207059133
16.466191230172527,78.390942414459,113.92138880103695,False,3.5744035660636078,25574.601924831593,14.858414379591407
16.692864181269172,78.73692455689915,156.73539698114274,False,5.433025727149925,24023.84070788779,6.229829887917141
16.487667902261066,78.24994633713504,100.20126274936666,False,5.070799125240887,22351.94775874618,6.032388088919554
16.44082370200266,78.2595527909501,99.66005602867587,False,4.5996296475792136,25969.769407508997,13.368506366810895
16.33109468857986,78.30565747953703,101.99045224838522,False,3.580926573504942,22090.46317413103,5.6924202176526295
16.564949160841987,78.35947599381821,114.08548807251212,False,5.4466982788943685,25208.803717027116,8.206134211864953
16.780956355660514,78.57400172175521,144.6620530064858,False,6.698675162277519,24356.34096762076,7.20525466500682
16.588980964886343,78.68826465264901,148.14520916173453,False,3.966145093390862,24302.966433780563,7.4427588816942825
16.399738198077866,78.31909611039883,104.74171965020933,True,6.788695725152545,25761.99701946255,8.708288577319896
16.598258083068266,78.41901445353588,121.33601237949352,False,5.092766534842022,24966.431026394002,10.988036145313416
16.524841426541105,78.4318408624992,119.92487951867865,True,5.844218933297057,24794.800114855403,10.252022617410617
16.467477029088418,78.22843095285207,97.32352313200401,False,5.068492021909594,25904.119077821142,14.833907822007445
16.343066561629215,78.41962219666895,114.21821453894968,True,3.6556981629809875,26135.854016629986,13.97762612588288
16.320273532780313,78.57116186470168,129.977745341533,False,3.326885731805617,24859.306217166704,9.029177536143
16.286595012596237,78.52253132592364,124.4803477458167,True,3.136607325913251,26084.56649778333,11.362862997291453
16.342033507550784,78.58217860260422,131.40915572748102,False,3.184586826015116,24165.66525965897,12.61784537331383
16.474005937510814,78.29561214804497,104.38028760007387,True,4.793509603986067,22450.331366439,6.0707617839177574
16.426451842428065,78.1017675539687,83.06840409521817,True,4.392591325845224,22075.99098189236,11.199828954105941
16.511943172279068,78.0303223275882,79.48737741198751,True,5.8653094168016295,22166.405802566864,12.274344183858972
16.33602598714355,78.36180440602881,107.99975827040915,True,4.60712936555825,26322.431711541132,11.916078933764695
16.44566726420158,78.36256764797436,110.41918502248453,True,4.95238871524108,22632.312557800473,5.313829605071826
16.43884298845848,78.20742212766862,94.25155657740567,True,3.5404879679298435,22238.03813589065,14.45610069776073
16.338610425718453,78.19150884029914,90.0852665800176,False,5.876690129100105,26370.50763620395,5.009615505794944
16.585896964590685,78.7783869868734,157.27224594114404,True,4.222811172820158,23821.600058615557,5.95685896401651
16.380678617859882,78.15505442280671,87.20252795622882,False,6.054400704187808,26301.114937752645,7.18432827230996
16.535911361180112,78.42293001671231,119.39492821910247,True,5.735589988051601,24821.030485745618,11.551468251849514
16.74314935405317,78.50716115500698,136.4202473486986,False,5.57263552564557,23350.438906650754,10.01942504578184
16.396825630458142,78.8033212279616,155.5869959766909,True,3.0557993065383102,24226.583289585258,5.189995365644323
16.716031879831807,78.60469424154142,144.6039758167359,False,6.265897637727523,23660.97990482697,8.093407082126472
16.351934066429433,78.28439536599632,100.10440637394052,True,5.474944898979611,26255.833058560336,6.984869924212309
16.633624036218162,78.56201359323339,136.9751452314496,True,5.426253996486473,23749.58741947805,11.890549636514654
16.777181334486396,78.47756138893534,135.3410042749045,False,6.342969216818981,24478.859126527568,13.671075966033317
16.45833076925364,78.1836519632226,92.46636161665921,True,3.840889434979065,22243.097399311377,13.43276914465253
16.464265803894104,78.11691523791572,85.94806129083379,False,5.374215221320391,22040.489712610124,6.450655545169717
16.706211212261007,78.593358208248,143.0650853082885,False,6.895697095179105,24147.366765481827,8.366305827058412
16.602945325307054,78.4642888779251,126.02768643515411,True,6.319141180818081,23192.1368625765,6.295781472770653
16.750371158155584,78.5484180006342,140.7236061771809,False,6.679540505892925,23741.203640241165,13.563113028687052
16.62519005309498,78.53807761554084,134.25796187742495,True,5.094380957892262,23690.591891758013,13.878952763566835
16.413446039202412,78.52859313056118,126.95243247194574,True,3.303953924640286,25197.735838590666,12.652014480592744
16.61139264079188,78.23068167420318,103.52794924806753,False,5.6502828742513564,22705.167943472396,11.823934746488286
16.400118381830698,78.14554891462994,86.74076661174136,False,6.312680932674844,26322.085208602926,10.267646482211045
16.524654797931028,78.18443302857365,95.0795826982193,False,4.145964428278572,22327.36475368023,14.085358092182464
16.518035009467393,78.47942690558732,124.56050107073733,True,4.841852563074395,23044.278041924965,5.9073799955285295
16.497578961542548,78.26680072549658,102.2561102477916,True,4.133821994362746,22634.82175431487,13.425353286673774
16.658319536166246,78.77969826177728,159.76321049959103,False,3.720163096197874,23984.152824688274,9.157727289097068
16.522475608947232,78.09626686631718,86.35072782174544,True,6.411031668334695,22441.165398204274,11.36703925359457
16.56685718131211,78.18105525039176,96.62310767663153,True,5.714109676835638,22593.893317921567,11.81584682430029
16.68454607179619,78.65494123406253,148.23977433020053,True,5.148933557844405,23773.67099157829,9.206774198929482
16.466747440202592,78.07330235790212,81.68952963419329,True,6.31417162381066,22021.356142319575,6.488521559016363
16.373533089954204,78.36665509390743,109.16180414412393,True,3.9838698137699,26051.60016874822,11.858310061093167
16.582006907501285,78.19715227482035,98.8910885764842,False,5.696637289444167,22554.92731092112,10.065786839468318
16.77171828650095,78.47621345421433,134.92870829292895,False,6.7988621240266625,23362.012526133152,9.507343904268067
16.447634030479513,78.1488525892754,88.56937329872842,False,6.23093951515729,26092.356990377288,13.640863222311202
16.675469230008893,78.55825100471955,138.29773078891355,True,5.8056726905998906,23786.69846891576,13.995031168604498
16.619948495321143,78.6172082922955,141.9976818678071,True,6.43120228723512,24067.00476574088,7.143730014102532
16.412984207038367,78.42095443853837,115.67716342553436,True,4.348388563382831,25503.928274682974,9.67817149577925
16.604724807554717,78.6673661501588,146.53720712860076,False,4.437520105844014,24329.15512502163,6.777217778707176
16.44098202298253,78.54367742600124,129.12594758638565,True,3.038683070494247,23141.975148103113,10.775791742006174
16.504087482931126,78.34338115222829,110.23742448599491,False,5.7760537410150175,25360.166523061347,9.627785923617719
16.55001871790566,78.17731972960804,95.48708284455556,True,6.448829887646889,22730.046084180478,11.994486316010482
16.436904293572496,78.29496130981799,103.19352673832607,False,4.68060399130652,25896.21387993468,14.110410859616692
16.834885448961728,78.6082372278695,150.63571265804208,False,6.5366752287908625,23661.402321267007,9.517386346526866
16.625210819643634,78.516374723898,132.0946823393295,True,6.299247551731209,24028.348140672188,14.610835801510131
16.442892844354454,78.38662628686481,112.83504054663395,True,6.068669273559101,25316.147134824587,7.458169804153627
16.65432934511357,78.38708729306845,120.63240468336481,False,4.45407989790416,22956.207971237025,13.504710125558475
16.541569900768433,78.25211941497585,102.47552806172419,False,6.151937208849748,25508.95411731865,11.158595831866492
16.566691235988323,78.31005984214657,109.24638452361808,True,5.455175809770654,22808.0075277295,8.535426871116508
16.623012732471402,78.56064201298261,136.43022848520485,True,6.812311295279911,23495.45607934303,5.9528256780825455
16.534472016019887,78.6562367653955,143.20715852801922,True,3.5732680867852813,23688.874150498305,10.480204245325432
16.59481751823026,78.03590104566268,84.41400405035111,False,6.18279379559464,22241.104452336112,13.845025143074297
16.748599704018307,78.64090724486793,149.58579764018603,False,4.7558661188065,23607.90323801459,10.163162323430207
16.4602733297404,78.33048925639143,107.52773087456922,True,4.014188012984279,22490.387584409862,7.195029298193165
16.34349133898074,78.26071244669892,97.45767610258216,True,3.125216581509443,22024.400899420725,9.076159258940514
16.844474800494385,78.56636134507795,147.2203127915122,False,6.715660953572629,24145.081078918105,14.846281123477247
16.377270373765494,78.3899281247127,111.67910156855437,False,3.1681709613996776,26030.735452729645,11.977239589251932
16.715202232367147,78.5191510209791,136.24023470178437,False,6.451941447798976,24250.706176135645,13.94818707731998
16.397589191103737,78.37520070843419,110.55346492200601,False,4.5260446694622605,25675.637320020007,5.03755735268024
16.806280620114872,78.75594187143993,163.38299544797093,False,6.5809907385109625,23809.84700593009,5.411902202395563
16.503331728410263,78.55391721710639,131.77702002389023,True,4.254744910128238,24435.123758953414,10.722288946063948
16.509774212214865,78.20093887466119,96.10887496124228,True,5.658753504838693,22492.087299785297,8.026201352293558
16.591231490254394,78.5037070680578,129.52650138830595,False,4.460041045840786,24686.063978164908,13.155378280748037
16.50519721589348,78.15066592028711,90.93136095894711,False,4.340295678825395,22215.347684169315,11.58375255974649
16.51702447135806,78.30180610840623,106.48840966165476,False,5.586893842147245,25482.140994510108,9.122289850319845
16.573401836851883,78.32721333719225,111.22092036712725,False,6.102137964678571,25218.422853175154,10.979982703696535
16.424794788390667,78.49764106441984,123.95380584119835,True,3.565067375745102,25210.05710085755,13.081677428019473
16.397655726163887,78.20768861963033,93.10176392548604,True,3.337761126988754,22011.861478275252,10.573529798517033
16.5919121404251,78.82206808631334,161.93646355877144,False,3.950260580415739,23824.876235692373,5.615005955967788
16.49331335571362,78.57406571217457,133.58319826358237,True,3.584966599687277,23336.776556505025,8.649124074372516
16.367022906138274,78.43239418076435,115.95816225478484,True,3.972007233757286,25763.52180297306,9.332958334491899
16.52104595147987,78.32458221694353,108.92914658509382,False,6.693556985123928,25338.518800048052,8.014139084738805
16.710129912854256,78.36371758152931,121.13798551605048,False,6.625728825092356,23118.322661869155,10.623863882499714
16.551562907404122,78.41616310281667,119.26418873239554,True,5.4716833393389575,24918.85037484939,12.047066751610934
16.63906062575885,78.25099307791781,106.84009676452504,False,6.6256870065719635,22869.425941780486,11.395423514337267
16.58727456944963,78.52772950767651,131.79977682987825,False,4.17061706174958,23187.108608087503,8.321205599844877
16.503333064186965,78.39476402393657,115.44344807353754,False,3.376696850060167,22744.572437864106,13.0708556267366
16.478618565296962,78.1236913236211,87.17938695682562,True,4.462905882352155,22135.09356406618,10.734469548517698
16.568356984000367,78.37808405960936,116.0751952674121,True,6.518414934857468,25001.56432656564,9.914613273661956
16.37022107463183,78.64216739690532,138.15278103547092,True,3.1128794039309193,24877.7412326649,6.865505537095551
16.72451869567365,78.46319412691078,131.30462260474016,False,6.499904973804243,24480.033298257757,14.508555656969262
16.48501941115794,78.48172250648422,123.81493551831794,True,4.830828198853199,25054.178731612377,6.407354053774451
16.541839020689498,78.5413610911278,131.64226440780132,True,5.977783525083753,24204.071217496086,8.26042147195882
16.46368049131868,78.30036092081747,104.53978071178183,False,5.108554588477794,25716.5395222702,11.45683054695263
16.310629471557302,78.5141210995072,123.81460560673358,True,3.361084605820388,25703.693411778277,12.304332317633348
16.699732196199864,78.5306760961916,136.65236010113262,False,5.935076314873607,23251.88213447805,6.249365492331782
16.40434701625119,78.23464147355749,96.07112832380552,True,3.510380870400348,22377.089614058637,14.196791867563292
16.548779312326566,78.38947888136977,116.47574088737257,True,6.780108762331567,24629.895865903876,14.685247404805857
16.539618681502038,78.06609188429906,84.26658090988226,False,5.0467086612589815,22159.339074332252,13.504899297613512
16.775729659123936,78.49005513086067,136.43985116799527,False,5.581309837382856,23324.647822242197,11.352013713393209
16.344802738540263,78.52314837586972,125.19454688416924,True,3.058009771609999,25678.36729934027,10.445370764782258
16.46949033062938,78.190563875033,93.55534394001525,False,3.5489453285407704,22171.934242953073,14.568127339447164
16.536408711483947,78.17811765396469,94.96135204526018,True,6.269624407336437,22723.57335342097,11.989139071495142
16.37557699052793,78.58077247423006,131.7499365242284,False,3.232610315925069,24272.622911779214,13.875061047707701
16.276210442526903,78.55079136103242,127.40978833901991,False,3.1679134741065558,25529.984525752745,12.003750913924863
16.403746372281145,78.72461925902161,147.38951047654044,True,3.3464135255576184,24506.41051700099,5.150741140123481
16.443619283403436,78.55667518491315,130.5428032970386,True,3.697333685625999,24980.479612767733,7.3846029723656015
16.641299394199706,78.58933828583245,140.00125582804736,True,6.0024388041587855,23917.850387167226,11.273705963196692
16.62055881977631,78.4862219761425,128.90950235249235,True,5.660598940310134,24454.5304191943,13.388825579254803
16.851547370871792,78.67337591845234,157.6411950300589,False,6.163111957709939,23881.37378696258,12.210283031513205
16.388936435720176,78.32297765291274,104.90224022249372,True,6.0472606238754025,25912.5498774116,10.78122114661636
16.4671718675399,78.7000618109545,146.04723604115307,True,3.2590547007383774,23394.762171139875,6.157857550913995
16.455965639959306,78.26505466205026,100.68504580773993,True,3.9889326440999318,22507.36919447843,10.588924927487696
16.600004275733248,78.39660941888283,119.18597052054102,False,6.714827003751168,24931.960477786422,8.441824295096971
16.580773731139193,78.37681532605545,116.44022577541992,False,5.141788018199116,25131.423967793256,10.527508215998559
16.570582437725143,78.10963815940718,89.96257730514603,False,5.81594943574983,22311.82189743884,10.300257858322416
16.551263369719535,78.29598128495758,107.22139564515001,False,6.908133838930452,25283.601118902654,12.858708531326055
16.497776508673066,78.1614476615041,91.69997106503796,False,6.707616161172561,25846.40610295694,13.6027132461308
16.539552340997183,78.25835667836695,103.01188592572791,False,6.707353908637853,22463.293396598456,5.014033155414223
16.654226024913385,78.64412516596984,145.97524861879106,False,4.641477271409219,24186.86904362232,9.630954101457574
16.5300890162093,78.20108551808895,96.9515454486581,True,5.1428764982738056,22592.589435964463,11.842660565073679
16.45825434563287,78.58927866645242,134.28198810050358,True,3.2687438040289694,23287.73414483883,8.548040480894525
16.58604173531269,78.7646569672588,155.8680714703251,True,3.19089550080564,23876.609281414225,12.908536385797728
16.296740436253614,78.29480440746428,100.3716875821086,True,5.138024244836447,26497.87147690198,5.071617749955243
16.549004236330855,78.71695875157104,149.87766103677265,True,3.9201582726269613,24218.573829462704,6.648615026392045
16.431517873844516,78.17508378564244,90.71267283815318,True,4.409382560557567,22331.416774395846,10.436594534086375
16.363092283334257,78.52577739011322,125.74424409849283,True,3.997586451998532,25305.28992913424,5.611229978968028
16.52192733117442,78.50206032298894,126.99794982301134,True,4.8674305758937635,24480.70839859342,11.70000589969159
16.62055109257384,78.04739364856151,86.96392465845027,False,6.7092555070382325,22339.820794293028,14.224077563987088
16.47110964885794,78.36184886432267,111.07233922983646,False,3.921259225936058,25606.114820957657,13.342909538269845
16.59837421854199,78.71765315647964,151.44519438793722,False,3.3261944744931022,24188.383061835608,12.000707530727052
16.79706375821794,78.53527816759308,141.80490726704204,False,6.813045660996678,23668.759621932913,14.136671288556201
16.657864022839878,78.51582171093119,133.37323012961212,False,5.548501093493508,24423.922077222953,12.227664448400315
16.734962027440655,78.65998090291339,150.8451572520502,False,4.481214669590013,23685.75878726908,11.979722306176537
16.365169796604743,78.41439272845443,114.02916893364011,True,5.011636170270798,25681.80368651218,5.034593277252125
16.373599386482994,78.6534624048959,139.39740291736666,True,3.3875669626821128,24421.532179447906,6.902728653959417
16.51446372903202,78.42039478587665,118.41798490021861,False,4.244362479528972,25217.29282414426,11.747926156872968
16.42458452424552,78.57259959577215,131.7944161804402,True,3.1545197243727388,24946.112572204256,12.86763162208204
16.314952751939018,78.4171748079598,113.57337338276287,True,3.600331391730263,26437.224837941685,14.670102842244155
16.493110548570694,78.07285171131743,82.75004743078931,True,4.897334131893578,22144.468614886744,12.799898585862337
16.46289079510096,78.45361842828828,120.30346823111465,False,3.330011063030607,22673.224746824024,7.675802163215173
16.558192685042016,78.51720592546022,129.7189266231601,False,4.2937277616710325,24839.966166187096,8.56391970924759
16.534783080082374,78.1313731462066,90.32451915706217,True,5.368718491174136,22431.71747090977,12.975937386406638
16.41698980086356,78.22205232613373,95.11020578572044,False,6.448685861774303,26103.79767979777,10.334585963180015
16.43510743538623,78.47568472061488,121.89741388196441,True,3.9141297160679644,23109.334858954426,7.400457824170501
16.614193376234372,78.58207763974126,138.25170642686962,False,4.451374158327772,23420.4891361509,8.319968442263237
16.359977701934174,78.32458666318333,104.48180175103161,False,4.1090661477588215,26208.318851130432,8.445731498990334
16.511864309263682,78.45553022203896,121.9228038490776,False,4.145348723711971,25132.583665584385,9.718581610043973
16.587216780360187,77.95294419654483,76.51569210451797,False,6.840593983219845,22096.509166021064,14.855505528966626
16.568826413767834,78.58412784825875,136.87720054106654,True,4.732338512981206,24377.281686202477,8.713590164621973
16.754063149141146,78.57865489724904,143.8079923790149,False,6.237701186734261,23504.898566271953,7.698350640956262
16.42427808860896,78.46231274650523,120.25171016043778,True,3.5990456589856965,23084.01862185973,8.918919450800898
16.524515373301814,78.07178653060282,84.07845228890355,False,4.845572506195891,22128.222817673566,13.10572560419245
16.536454090880863,78.63456223219521,141.03300281684918,True,4.870302804805629,24409.246288644506,5.772503554734694
16.62341941802355,78.32501837781682,113.18954267458382,True,5.489316135687643,22999.56330570468,12.53142241939165
16.46938313656808,78.30527256323136,105.2202983518457,True,5.6909483274537065,25621.79324120485,13.960229053136237
16.331361183448553,78.40514628672462,112.51525093508117,True,4.5693857823673305,25996.84011393802,8.272118129629124
16.60165537144091,78.55759022159347,135.3291157436027,False,3.7931455612990663,24633.354532219797,14.502719261429357
16.713974224564822,78.21663110432482,107.75506678190291,False,6.778957431563341,22791.087629001,13.957910974109375
16.787566054743625,78.70600681470134,157.6816050596264,False,4.481720749822944,23839.493577136214,14.740616795786774
16.588030250063678,78.48007408412333,127.03435487033745,False,3.499793915010431,23030.30071257515,14.61263250974819
16.58968894228426,78.53462474447393,132.58192761813095,True,5.166854080965439,24588.18006339431,8.1689044806974
16.68454136456575,78.65605566870467,148.35031469952287,False,3.82758943717534,23627.098485885122,14.382386487098065
16.591231441466523,78.4552280215166,124.66761253136495,True,6.203017258189261,23272.205901281795,7.1146926313713585
16.724649163776217,78.46641265262699,131.61859824937022,False,5.762866340015837,24631.298212173315,11.226542696475603
16.65404415892557,78.36685327912382,118.66271618640336,False,5.399726340252362,23020.00096807234,10.983762816921075
16.46594657320546,78.69421895333075,145.40952430946692,True,3.0618490126619,23475.036393077076,7.792230520624663
16.66264731378313,78.51980494948769,133.9679121620413,False,4.690211357709529,24577.973653019377,13.26941628962777
16.650348374279616,78.65809774161909,147.2284429856685,False,5.208649815689636,23508.56229602958,5.743184288029882
16.794764528100018,78.49642346329563,138.03601967631695,False,6.055302959145342,23471.64923208299,14.208043027740977
16.449782817334224,78.27934539869604,101.96079335686856,False,4.363645192710348,22294.577776313203,5.9754491288507765
16.536124545418957,78.00899163408035,78.68322302245487,True,6.742518540583429,22274.423886534256,14.293555798838142
16.408504186649967,78.35413910644041,108.60112177330062,False,4.785780720176875,25740.134424419117,5.714918988721197
16.43135406108042,78.23580256304659,96.93860815921197,True,3.3447203380135426,22185.94264635221,12.3291190887273
16.591935255998813,78.65323416968032,144.67294487937176,True,4.743998835844858,23590.05022826171,6.4789156645160615
16.669951547518103,78.66356965334556,148.52359655794785,True,6.3645212696995035,23736.223261668798,6.238279232675531
16.385696123777894,78.49028743630876,122.38904350686065,True,3.7523781704478165,25408.7150865223,8.480900490954056
16.68474201563309,78.80674740975755,163.43526565477126,False,4.289961203280925,23797.586500382386,6.125021694552056
16.714524497337433,78.76124447474447,160.00527681170365,False,6.910144813860614,23903.22354805955,5.3171656424779625
16.42744864535935,78.77597526211082,153.21148429868245,True,3.2937355131445707,23997.212917659952,6.0300662182047695
16.391934452954416,78.21042878381897,93.2395896120321,True,4.355559536427834,22030.101329129477,5.8371303532839445
16.514800976591566,78.41601401743706,117.98253374445306,True,4.757524307799935,25061.09865738106,14.297756204575563
16.677173570298645,78.35261950159618,118.41479174119625,False,4.925237961001725,22965.85183189824,14.45349234795639
16.354698594221183,78.16695933974133,87.83387238390463,False,5.193713539090705,26377.075971098864,7.309742237254336
16.56398869812072,78.32610974337189,110.72716584069403,False,5.740182310950237,25265.896558274766,11.534362171573669
16.340483772534697,78.46103825898197,118.56008407561251,True,4.563920520507921,25585.34500777518,5.763793562554743
16.474052397853672,78.58837737619668,134.56973435453048,True,3.1379425081063466,23233.47381966303,9.531785223705825
16.511210461033752,78.59138831556676,135.86365841642655,True,4.354852009725617,24008.37177822701,11.114460213699699
16.46654616196426,78.63554491970862,139.29923046082646,True,3.085011404282774,24544.609563852147,12.998887092427001
16.39434497205894,78.34057771907021,106.86184436808267,True,5.00357951185021,25943.721883066737,13.895118425851914
16.61874298121444,78.43347936220606,123.6080987264178,False,6.476537344560802,23032.226419201976,5.846055386984624
16.39429037508048,78.25850698851629,98.29831994583749,True,3.336811706027709,22200.797312318162,10.356317581328558
16.702861780910755,78.62803646778416,146.3305332374359,False,4.627009805009232,24175.118160849197,13.089225849978206
16.629305809599412,78.60701430407808,141.31631333548003,True,6.652257412941875,23818.896032193305,7.576657246161531
16.78266700797092,78.68676814966227,155.59110378259382,False,6.321214804954547,24064.200456448267,7.196970012966143
16.484691044255673,78.1643971885594,91.48258708489108,False,5.9532335805111884,25894.003005368642,14.7417486292567
16.53308326399327,78.0698988233274,84.30923873374957,True,5.842501440988514,22270.479344748892,11.96959597198115
16.33296476141794,78.64045022342542,137.47709617979385,True,3.0308675725198526,24993.719117307384,6.612821824010956
16.612619597680766,78.72911657933209,153.07709178828824,True,4.743027516062453,23927.177644829582,7.032761305064571
16.60343651118083,78.43076156378716,122.71140637056152,True,6.557899342849505,24679.348338348704,10.964769605616945
16.45096850510521,78.27072584040192,101.11210641979629,True,5.888853629795464,25820.13137711022,12.830120528717094
16.707525492342153,78.522348261842,136.19597767650268,False,4.4077582444893935,23344.98524641599,14.532477473479277
16.528503025021614,78.16362117464637,93.19533761694366,True,5.242384680457755,22426.8554968039,10.579332273852641
16.812773827388042,78.72752408518511,160.93022290573597,False,5.476714507804346,23782.58313436935,7.457278584323995
16.822097664719614,78.69860251516336,158.5885978337532,False,6.454594082809058,24017.82590131987,7.518122298883997
16.555498182089757,78.36295142532256,114.06607544265981,False,5.194593466333419,25170.370370898407,14.892331019570658
16.515801981671597,78.23526965563472,99.7696989911353,False,6.417437894071263,25638.538163650486,14.000288807339441
16.633350199981344,78.19401830360796,101.16994513114264,False,5.947295536543228,22571.808502258846,10.591245345389062
16.597618302325994,78.09216016630194,89.74670689268835,False,6.986853417039,22376.493581221766,9.935575164328542
16.31883095446112,78.34317492044099,105.77991209800577,True,4.3648229189522,26343.929584252513,6.931201209940737
16.359548386579856,78.21061774407842,92.50892911703227,False,5.062746917316495,26488.04107811948,9.557476766981566
16.607231951820776,78.3707418733366,116.93755800058956,True,5.524068313707318,23170.412485794805,12.174120308769409
16.38391013477689,78.3942908658953,112.26775267871832,False,3.059521963196497,22338.543625559534,7.218278754681517
16.614876308893656,78.45413973482248,125.49464448056266,False,5.156645403835542,24877.412222366496,8.485672543680403
16.43508278030561,78.41874617201672,115.9692862505988,True,4.8802543099861575,25341.869944642523,8.372190026260125
16.526125899586514,78.76412346690464,154.13352829419185,True,4.114850480650518,24032.92947248141,5.577644953861593
16.651102807096436,78.35492305529073,117.37303995288357,False,5.462464146296326,23025.440318465597,11.587467833478277
16.636152028498476,78.34757053669581,115.9631848644853,False,5.885153467123724,22828.528608203575,7.204857780980223
16.536297653457016,78.37646462991118,114.7108434992799,True,5.680889843806018,25056.14038928695,14.067747021056464
16.675780461931833,78.44333356618915,127.07351930244772,True,6.625424395679676,23554.287107976805,14.879198037605278
16.495245954928723,78.33649543877806,109.24116861914838,False,4.8601161134092905,22508.725705214587,5.468658278564268
16.5935642477664,78.23337573301953,102.93130737551401,True,5.8482993059175605,22810.433610218734,13.092708305921757
16.35433282347742,78.3688297254925,109.03912840676279,False,3.7179720672955914,26112.773098198515,7.891778187287995
16.571263461652737,78.55560866727957,134.06012525426075,True,5.611527384323505,24079.69178944368,10.132147117688344
16.35744632442097,78.49339227472326,122.23499980133457,True,3.5280052796523425,25511.695406826388,12.13380311967267
16.488650759042812,78.20970744838718,96.17834568645128,False,6.18391773595239,25805.64369086351,11.937715069515129
16.58551032626302,78.40740859561735,119.67264235774017,True,6.247902536225967,23438.067390733733,11.533635331403662
16.44089256599667,78.45853151493591,120.2500950847015,False,3.5570860227302825,25413.897136833068,7.425781020002729
16.476977041032153,78.28387234608243,103.28011310987092,False,6.699779958947493,25554.59583289373,5.358470067253835
16.538423609913277,78.33104975926759,110.22158742924968,False,4.956548721301209,25374.498445396166,13.367327032767708
16.689160719373092,78.603715996846,143.35658653159888,True,6.65292789076282,23796.742653816385,8.841395954520241
16.387959414737182,78.18677039041116,90.68144760325873,False,6.460197595658951,26403.22926985524,13.659460340772892
16.571916338001007,78.51782477838326,130.25403378131705,False,4.413614603886705,24663.182160818953,11.919123541377203
16.468601247438595,78.22788924069332,97.30652818914005,False,5.915936289610208,25806.837981147488,8.38436974789327
16.62057358801202,78.53715350446315,133.98708378684884,True,6.52610791800468,24340.602770852114,8.198860112258014
16.821173269838614,78.52171246523419,141.8079450231384,False,6.995768570369693,23462.26338473216,9.21370846602876
16.68212536509647,78.69657494383893,152.29063364732,False,4.01354342554474,23725.6766845725,11.170627569578528
16.607196889788696,78.37882659560734,117.73164275327201,True,6.155939029370801,23239.737995675237,10.545252729895171
16.476218022333182,78.3687209217421,111.93145188267796,False,4.5481221068826905,25472.413296121947,12.70368833908222
16.260487565882176,78.53070011543393,125.16858103549622,True,3.272188857180587,26372.686755400453,12.93405923726557
16.437718065930362,78.19542677884323,92.98865913992076,True,4.123182623859232,22146.512666041916,8.20274834187813
16.451161502980238,78.5532339329725,130.3582803992802,True,3.636873475428137,23298.14531798437,7.7417444887501885
16.7498725419986,78.48174773483373,134.33255342242376,False,5.888641241000591,23320.053663187926,10.133155809087967
16.558709262575867,78.3091640902091,108.83125681045826,False,5.18120611429789,22633.92087879197,7.100569375691633
16.437458333386918,78.47279465086795,121.65196451668267,True,3.607944739484783,25361.899331025816,9.953417143647386
16.538355794464795,78.11235680836889,88.64717458224021,False,5.418679882299961,22279.750818578785,10.489301662893771
16.450854149861,78.41465416155768,115.94879922610677,True,3.64332402754,22649.666752531062,7.108238686311516
16.541028097676637,78.49216568648968,126.59961756384082,True,5.288253345685394,24505.864592743248,10.886815221791775
16.394475153030125,78.24196510589121,96.58136038501831,False,4.375642343613478,26233.86245182945,11.413531334457637
16.511899491028817,78.50860186870533,127.36262225554803,True,6.034204108872448,24711.004234031465,6.137112695478613
16.38321533672064,78.3696448759513,109.6681625177892,True,4.974306637830663,25833.573772511747,13.251771895170334
16.624372007404197,78.33386469740324,114.0918322650583,False,6.295593458376279,25097.07875897571,9.694244980501514
16.40104049863454,78.24780684406684,97.35258705638752,False,4.407371134389839,26059.033802280064,8.616517474422407
16.47074292263442,78.32392069979406,107.1713622909834,False,4.6198238221963885,25648.963686201732,10.581299677439112
16.42725843515058,78.46151153017792,120.23640126678903,False,4.092165837065922,25390.74621370541,6.153881297788177
16.515353173985808,78.2244741292391,98.67477470288519,True,5.774773334812199,22738.123619250106,9.985958945213316
16.65175373940651,78.4601468992648,127.63779543703431,False,6.710982115769521,24782.246373249665,6.069724002564455
16.304504411763006,78.5849643416556,131.28179905699116,True,3.282219699695518,25352.14413320707,6.002583830328556
16.497413530708403,78.3127311483487,106.89925195091209,False,5.335666132562373,25520.554001661552,13.953880734318826
16.48608301106069,78.25695506918039,100.85490117067906,False,5.1359631907407515,25724.799980737338,10.879190119416863
16.744179631039973,78.51990777221489,137.69029684203213,False,6.368577637725306,24344.33566086285,12.404397102412226
16.633102825334113,78.60919090174838,141.6765780035935,False,4.907204173384735,23412.320420627846,6.493541937516916
16.689024297880856,78.6759667591774,150.50860403356793,False,5.52322464012236,23554.95712912114,5.575186602693984
16.55360863588298,78.50773057428589,128.60189751116528,False,4.192211388193904,24866.392827241918,9.613786709287439
16.66586260021553,78.58778080145898,140.81955813694765,False,5.467190321187726,24364.027810899268,8.098660599412783
16.46452497940859,78.46897279553546,121.93666919540358,True,6.282683580111083,24915.24286711903,5.8403801035747644
16.312645271604953,78.42125152749631,113.97798153894223,True,3.4748552618683117,26183.720021019264,6.740583071066823
16.3340715181373,78.33245381761876,104.86799290929426,True,5.686708733141486,26403.72859786128,10.910979421640999
16.363134437597576,78.43852499997472,116.53717333561619,False,3.4691315121082043,25722.57477895015,5.776052928155069
16.62100054973851,78.28900552533766,109.59339113852741,False,6.123177931261966,25204.955928583342,14.424668365695249
16.73355342987177,78.83291080932767,167.89342708260043,False,5.087293970849345,23937.126133810194,5.108707476335651
16.429324178912758,78.33583028345203,107.21450906523661,True,5.431493459968159,25692.457631407102,8.668863949845226
16.705749908612855,78.65393999956528,149.0069897804348,False,4.595064279826327,23605.65945889353,9.082873785222107
16.511379929377362,78.49369574557772,125.81731285535453,True,4.926077297846197,24918.04652782984,6.949097834565841
16.31726748552395,78.4573891959705,117.86741382796176,True,3.7095539763532717,26082.541068251434,12.094310620448988
16.70275143528314,78.43347394742125,127.39816293338099,False,6.278949910046503,24619.517316376012,14.520585160986801
16.652752075126305,78.72793476906403,154.33982593218585,False,3.9863339608170145,23702.72304956567,8.28432222127479
16.51562993728645,78.3854263973652,114.8979535859603,True,5.409610886416176,22818.066970201828,5.797679210501471
16.544767637860968,78.39602338933481,116.98847024401509,False,5.741040518315846,25113.892160740063,7.97584725537709
16.669075208191718,78.81047042960941,163.2511694940616,False,4.183150445657795,23996.458919468736,6.300663052051202
16.52680843676877,78.35784902111759,112.4923135740922,False,3.482272669005082,22638.098367593793,13.481563481794241
16.49234891218095,78.69429532627699,146.03340704973985,True,3.6358096000726716,23775.1262888108,7.864345211275832
16.308862805676085,78.49049745711918,121.28631014816828,True,3.5701477113760145,25868.326504271216,11.01175609620186
16.32560159945605,78.37490219544443,109.23285205712867,True,4.910109784234001,26146.94538050253,7.5585203511511985
16.33710650618046,78.34970779452465,106.7382206655275,True,4.374330649827497,26117.18527760927,5.378506088173582
16.433514969829663,78.18584435529357,91.87644902474145,False,3.5913006451009313,22050.941717771886,10.215383014303296
16.825172358880764,78.53263788880575,143.0407537046244,False,6.571838595637163,23564.71363969748,12.5884848678842
16.599657064503628,78.51340725894568,130.8143784459311,True,4.0274258340715905,23335.834048286095,13.42951704435552
16.283822379397847,78.6048226021328,133.21984301102466,False,3.001317559309242,25206.46312478873,8.000122559830626
16.467819592845455,78.4575589096139,120.84384473588584,True,4.260130914450615,22838.3945356164,5.731625070560037
16.547310812622094,78.47458577177032,125.02365177996738,False,4.031084096586729,22948.158525876195,7.631622576524996
16.36709499097166,78.37826452234161,110.26048072510221,True,4.584121192923817,25934.986565443738,9.823094604629139
16.61576045945441,78.6393260452876,144.07903280753393,True,3.946511242564449,24178.004924608264,13.965476735669945
16.363135035745067,78.43073669990963,115.71610322902384,True,4.352278636451679,25534.541875791067,13.284463772231398
16.53638877932475,78.45268721829473,122.43040625596902,False,5.225263725239735,25023.482283950325,6.832823493091375
16.41951280668301,78.61801936802128,136.456522492033,True,3.269527989640134,23698.121879741087,10.476534866927807
16.394524746197586,78.3856822808317,111.58431384246794,False,3.273074112270758,25900.077458804084,10.586710085227374
16.332885351555536,78.41629366827219,113.71666300582481,True,4.019465560007376,26051.067090815726,8.835128376641876
16.383658762081975,78.25823882787346,98.01983895736456,False,4.762953576306284,26261.316996725873,10.797622742250644
16.6907225516159,78.53600791509889,136.77193976753443,False,5.10808848639434,23581.2519216597,14.31530965624303
16.33260978674423,78.26679377768251,97.91123497242269,False,4.216488264331428,26346.97940400149,6.069873244366408
16.341008554420064,78.5702133276076,130.1278751890691,False,3.1152943823825057,24391.810332247613,14.39072437983332
16.582303925571384,78.05119371971543,85.11010865692786,False,6.542103876564537,22230.372568193565,10.369790520551089
16.619947094897917,78.66309089407063,146.62831383573285,True,4.140481875657828,23821.23610279285,12.238165890730807
16.399594580713572,78.32567760770394,105.4249375772557,True,5.002546044845509,25912.488017289474,8.511430492986868
16.370018096028787,78.71621035715606,145.98225025216473,True,3.3864547662794156,24298.06412228983,5.487055117616353
16.428286749813868,78.37499760568893,111.25273408959048,True,3.5712880126130995,22481.43759318828,7.02879770786952
16.534325111438324,78.53616969221133,130.87464939614273,True,5.6965776570785955,24534.923327031494,6.849782874251766
16.59530379789289,78.67160336402043,146.65326581697093,True,3.953478471314347,23722.880924913865,9.855583602638358
16.39106665345312,78.37034475730717,109.90485555843759,True,5.446304155396296,25648.8389928655,9.835689433647943
16.621947471911817,78.55157275398473,135.4818505143894,True,5.1005497658647005,23646.217117345626,11.158312208285949
16.459742106476853,78.43632241270294,118.42903736706691,True,5.126786084510709,24945.14984046273,10.42292192970489
16.5815350952055,78.27540642178752,106.46913133387703,True,6.599725962225998,23119.767656088254,13.979168932237346
16.552604248876424,78.35897387556359,113.55737049038886,True,4.891787169215018,23128.387827647006,13.239216563201397
16.610844524489863,78.02935956791065,84.76331965662739,False,6.655097018583161,22260.2198742512,13.344524747695624
16.584712892624104,78.14150641950276,93.701762505781,False,5.405348150142492,22377.848484567046,11.345273902329176
16.610986358574916,78.20132053611671,100.70747891535822,True,5.969148726276197,22749.57867603643,14.68400846604496
16.57288479196929,78.14612257595604,93.55212534126177,False,4.883967947473359,22394.383852546158,14.923359704089632
16.647120022552077,78.69127744439342,150.44319129098983,False,5.53726731358571,23557.103060056514,5.0194492116713105
16.563019862495153,78.25819706639003,103.97563640860308,False,6.596220687811172,25415.747951190875,10.007182472054874
16.534665211632184,78.38723996274786,115.74019294338274,True,5.359871555259766,22935.53995933644,6.779717341616688
16.424029871369967,78.3221231999343,105.65527867382555,True,5.790785385213977,25718.4177003597,14.234874934982676
16.526640534204983,78.47074670911688,123.94727908100162,False,3.7758214985998193,22848.671095539386,7.524184074400523
16.505136837757135,78.64222470191005,140.95347457904103,True,3.3143802764519523,24333.4738410469,13.32025760185311
16.649643337673808,78.25624442306889,107.87660581477638,False,6.811515877337057,22776.951195820096,8.944584540206991
16.461724746417687,78.75992227132961,152.19179499648698,True,3.7326360192707884,23992.211211961465,5.6968723693219046
16.473512525878917,78.18315405945086,92.95118945306763,True,4.253589664132701,22216.06350189791,9.401499204662024
16.542012867418972,78.35182629659226,112.440978801969,True,4.630338208968905,22987.88497175259,11.669134458837368
16.366815427701468,78.19978715115332,91.53333145855834,False,6.2681424816902505,26476.510740058548,11.250804353883888
16.42000418401402,78.52246400964925,126.44692697606325,True,4.186621525098231,24535.745795209208,10.036608666346664
16.338104312616842,78.40964794592233,113.08918921282908,True,3.62872703416529,26037.181898058814,6.681318326510125
16.50662404401412,78.47737948444971,123.99954793051268,True,4.709862315087745,23687.38300378577,14.899053825008444
16.766220711884017,78.54123821436298,140.80910379509507,False,6.300697893855944,23598.069492586084,11.754426334049864
16.55570439489402,78.61863904257825,139.9790812154967,False,3.1761528575574567,23325.65425029939,11.778016321909861
16.45219269506509,78.17185974413067,91.05991557967359,True,5.134430956827833,22177.52506838515,6.61004374843913
16.767560084222445,78.55794258148417,142.46996474439302,False,5.81616151395732,24259.61967444177,13.715764380859595
16.478464418020167,78.43999910182367,119.32738613229624,True,4.866046767687131,25192.90483519853,7.269382088389173
16.605492171663673,78.43417956063277,123.13378740273559,True,6.490135877251433,24708.016273213572,10.171675784546903
16.678080906716062,78.82782171583509,165.3215787710699,False,4.524959861055738,23947.645991481888,5.608930415019486
16.698435198447076,78.30722037240116,115.22037476555654,False,5.827860090901309,22877.298623653332,11.287080660400715
16.32739075226069,78.49777653134926,122.27530102723482,False,3.675079995275799,25314.076331053002,11.727716784275842
16.376461122837846,78.50588378506231,123.86611556353292,True,3.5452884803760636,25149.611499470717,13.891737945036333
16.84728295026885,78.68825701485088,158.83771748658833,False,5.536101312587426,23845.04126889311,12.037772620363231
16.507611621096345,78.24199039344039,100.12828820801177,True,4.720228256267143,22723.45474534406,13.34925668237415
16.4847809610432,78.31021569134673,106.21999332695944,False,5.159779068017125,25585.110422678095,8.229485027015311
16.442526767444786,78.19971254365994,93.57886674101385,False,5.466443825599714,26066.49694781695,14.37076387668386
16.42299869368859,78.5396277615409,128.30750263933163,True,4.125130035834958,24937.24226193303,6.955169744270657
16.54532920235787,78.71414675506982,149.48374477549905,True,4.954821832271639,24128.355555937167,5.213361124560837
16.39672451171645,78.2848343884068,101.0989586781931,True,6.3640851639070934,26053.891427023416,12.352865346353767
16.599441403628973,78.61070684463301,140.61278971200878,False,3.3621190606917346,23365.496158351973,13.030972605450103
16.607310569035597,78.53719937493473,133.48814349463365,True,5.284905281580523,24198.385751927264,13.495533090043576
16.35340075014067,78.16687198474123,87.79685703637692,False,6.312920598451729,26498.914147917814,6.93831185423
16.480693890157706,78.44998069014866,120.41966606499044,True,3.0829143976762206,22841.42031056165,14.03280603108067
16.515584014342593,78.38067208783073,114.41349473329325,True,5.861842105069087,25092.646867186213,11.358868968479435
16.443813168889406,78.72685377122855,148.35949685111112,True,3.807353956439126,24087.161598277842,5.6944504168453225
16.488323634236547,78.3616300469492,111.58016174889228,False,4.329296086371299,25486.070687422492,14.443017626530406
16.30078931991807,78.39261447255927,110.80224409371347,False,3.0150481135348186,26479.183818189085,8.485201353224262
16.4079293949538,78.55611250990948,129.72975987553264,True,4.3645347545002355,24623.47343488857,6.870546217188702
16.452718182083977,78.36234633721658,110.59104436515493,True,6.340957392047939,25315.00275780331,8.90668480604392
16.596266540635476,78.71453700894031,151.0595853635962,False,3.320734913801986,23713.39537610221,12.367327451099865
16.61440308679605,78.33294734440628,113.5508517234364,True,6.667410524801357,23151.26455119617,10.726202601417715
16.63997613326066,78.45155536226946,126.28608484945883,False,4.7202948569336165,24829.906193333794,13.198316844849332
16.50740663071169,78.293914869178,105.3447741140801,True,4.977853188943094,22881.780838273913,10.749866515321052
16.43194928506752,78.45572689514059,119.74282739176935,True,4.140288219405798,25139.68794553364,13.772953987665314
16.820194362370323,78.6812702550359,156.8353945599376,False,6.741472628776631,24050.760039380108,7.354622047672029
16.456715588880456,78.22706112304617,96.82728864430901,False,3.791819200071951,22217.681534613086,9.378539549037448
16.67100064242687,78.44745870281139,127.25529958098677,True,6.116352457208876,23345.496403567515,10.253539618635823
16.379024401818487,78.25627204396348,97.70936119664547,False,5.105414580417056,26131.718573747254,6.1305633260516235
16.349331695723723,78.38947197939292,111.13245032839018,True,4.260944958426,26102.93059099536,11.991061911624302
16.6041592536668,78.45511222181028,125.16131505782562,True,5.713416798122896,24666.29043535257,11.687330977011756
16.80003652403865,78.65393977514935,153.24118543124146,False,6.171611727559439,23698.42256610392,7.998332849034439
16.55628911664419,78.3653769300657,114.33907299421753,True,6.514551625837746,25076.512683274672,9.7421672837992
16.44470250420286,78.21862747668088,95.58158501376822,False,3.2481697872059874,22131.446527916276,14.656843773285372
16.455847757664355,78.53208309311621,128.2676710972045,False,3.0738531716627766,25202.075563514816,11.845051801592556
16.65058766284445,78.61474586888204,142.89827348320594,False,4.086061112880357,24408.135838451253,11.282013209558128
16.49143931363089,78.42508310776724,118.1748490002778,False,4.316058420623457,25276.722375192905,9.022983588423282
16.352337278993097,78.21705183865308,93.03535171825692,False,4.072806150506584,26445.866343253074,10.060098308541967
16.368838349749694,78.4852059432954,121.55602427649775,True,3.7554599214497486,25086.508334969123,14.244615409312622
16.406030618902506,78.2966142259315,102.55062762459899,False,4.124299172940219,26069.503555872383,11.558703020362248
16.829048333469157,78.64610239289676,153.91900535341378,False,5.923988948840613,23824.174476159158,13.077495773091082
16.38020323002614,78.27797877021275,100.00455468677433,False,4.436574930384738,26259.186954833684,11.617844537107333
16.28405230876101,78.34409222414367,105.4735301817537,True,5.347504533800682,26460.147411324382,5.68203748966727
16.40368724379488,78.26158129881946,98.85034090672312,False,5.20528261084241,26020.166206519676,6.681792751990442
16.514517493913836,78.21848339405274,98.04458464365554,False,6.263929562952941,22364.792182447047,5.556192664563432
16.535372565023017,78.18315592481493,95.41077276581085,False,5.665746076717198,22343.390129300173,7.173062600895422
16.363611177910347,78.36212113869631,108.4977705221356,True,6.28713435535836,25784.232271009125,5.562445935265701
16.499676372799502,78.30024902468055,105.7120572119393,False,5.211201792288751,25569.42081108172,13.013006684786571
16.45408498207106,78.26417137245916,100.53611676843353,False,3.198383554263874,22256.40050893013,14.478899969678542
16.4556814113969,78.23803111175745,97.91326007963573,True,4.451406520881031,22313.711015026554,7.293581972758126
16.356012339698097,78.46253331288032,118.95318031596545,True,4.102868528065015,25632.222221783166,6.167974486767147
16.58703324393951,78.60564123789673,139.67297417814865,False,3.8324365729271253,23414.48284637964,9.269619329217669
16.779428010080874,78.61332879915221,148.3522213050824,False,5.599629108962809,23626.89374161719,9.898557740044382
16.794823544849276,78.59494824637999,147.34514897353782,False,6.313626124025413,23758.63742149132,12.848506259774615
16.525892801402197,78.04048670981001,81.1429470653476,False,6.097632605055248,22090.252604913534,8.995524180052517
16.42846864872911,78.49431480511596,123.68828986446891,True,4.224730027214267,24458.86624235096,13.411163422763353
16.50170620223556,78.16873152919717,92.58176937204395,True,4.815764969399127,22523.426622220544,14.599184743050232
16.476732244375274,78.51518201116204,127.04567286218287,True,4.1779970606761605,24905.276315770872,8.805420830509698
16.562466797271792,78.19230864202335,97.51081053985723,False,4.466953013459943,22433.939613356877,14.489635864043588
16.34106958599606,78.32606128443308,104.30497185715322,True,4.797708749718481,26305.841150926255,9.019979924879232
16.449535178460305,78.26252559307115,100.22742744702617,True,6.95687195691651,25801.27538764756,12.592299840987565
16.47161252160173,78.47578393119109,122.83142773063732,False,3.322898383373875,25311.548963868107,12.037169198158914
16.470481028482496,78.15750865722701,90.25749426462853,False,4.634776835796148,22130.10908475995,7.7342493645011965
16.724805983063725,78.69106482696466,153.46715957025992,False,6.663335601026917,24158.761130256808,5.396631541650691
16.591508028016573,78.41034831335652,120.20378206062115,True,5.313584994562438,23038.770837692555,7.89688333115548
16.565132661618065,78.70999178957742,149.63072496775158,True,4.435331135265411,23712.498123442165,6.118270554697204
16.734009262313297,78.499744759496,135.26496381881518,False,6.027916576634577,24506.907434378318,10.872428565017643
16.512297658956033,78.37206448053325,113.42819079107717,False,6.924299592188818,25266.69001835413,5.174320472398447
16.504377891576222,78.42386475531255,118.44924935570218,True,6.000337133725833,24628.522415518924,12.002964215643065
16.702221298825624,78.24459221132565,109.625194901298,False,6.64510920699631,22770.493722668834,10.622359729147407
16.6089125946948,78.31272930596134,111.33383857484215,False,5.256465321263011,22802.021202978995,9.640080812799177
16.612287857273298,78.53952984353472,133.90895434595296,False,4.203848715971624,24559.31136959968,14.722900985880168
16.54861992899541,78.5075831550249,128.41988670528545,True,3.5399638780829528,23187.239318317414,13.168212253235122
16.499893001694993,78.49538326477504,125.64885460013454,True,6.77049548377012,24832.686481095167,5.110677904093482
16.44786970521314,78.49625435577133,124.34528322623376,True,3.777351779942176,22790.172193614355,5.534684671673925
16.414207701583898,78.31356500748839,104.51611717336927,True,6.181837527977386,25784.18453988034,11.193229164061457
16.66122488067401,78.5631590884261,138.1903169809942,True,5.375542430380282,24229.35176229225,12.327201384719316
16.631292871497102,78.56318764236525,137.0021336503651,False,4.627189409719583,24417.75676191341,11.747802884700956
16.465568196194507,78.4596400909935,120.99840049086704,False,4.228316507574863,25275.85551197139,6.201325820599944
16.345720505730817,78.58760301865745,132.032445456368,True,3.0650388405190054,24734.831688553346,12.227645159779424
16.467786049956825,78.25718135876402,100.25912907771442,True,6.623180412243368,25754.63015825726,13.328333084167717
16.663913223868647,78.34995749584286,117.50959344853881,False,5.252059026810226,22942.27288307269,11.321447723012433
16.531483439182878,78.22391970540161,99.26783231232544,False,6.073637700431043,25612.54459453782,12.670083281739698
16.51758564384869,78.27346402339745,103.66094123925532,False,5.637521429399198,25537.846896368475,9.079068804340352
16.546966766867275,78.3350066203636,110.94307647372969,True,6.568218242144078,22937.334387647454,6.806617700480443
16.44673833289784,78.24750309332838,98.60166988452852,True,3.413411164231237,22269.047286273715,12.756663694426736
16.49518823952126,78.28044874477123,103.55105510543915,True,5.768890690320195,22571.454000921764,5.999470156753075
16.578035321505755,78.65968171946832,144.8776849847391,True,5.813665469181224,24015.61297136714,6.258711865940899
16.68590617794927,78.53556999850903,136.51770739992807,False,4.883481246288033,24488.751429749853,12.767513040112703
16.502295110820906,78.60518211972409,137.04378346412102,False,3.7717471533522975,23042.413884753645,5.202320084845933
16.69003730939153,78.71764341870367,154.70063331062275,False,4.760593990333144,24159.975326730546,6.692818984409424
16.4209377584766,78.68224384393547,143.23181900904478,True,3.076807236487125,23909.643213861294,11.458417267128223
16.658643285881848,78.38619768460427,120.74695894289113,False,5.876262326713984,24926.563533033932,10.194286866741198
16.498423492678317,78.2492968575648,100.52154322824451,False,6.94944102802223,25630.851037699744,12.175838604525577
16.60734177175025,78.19583323173157,100.00279016510342,False,6.398303438459218,22521.253285623217,8.099547169777537
16.33646558037876,78.32748457166333,104.38071791223463,True,4.980522888992601,26479.693050394166,13.122748245638663
16.70503212031396,78.4646487521885,130.5019872679519,False,5.85605517974005,23390.98278661406,12.103334311353855
16.48372614357468,78.19132697801622,94.1479801615912,True,4.2836926717906785,22296.37960538648,10.406891968071523
16.593793532155203,78.63210615129515,142.5881793011746,False,4.379959083532451,24475.673189491998,6.814023960898119
16.545068463838234,78.35397496645776,112.77109506376446,False,4.530324599313586,22766.395902023243,8.511671316771821
16.532187298073435,78.2994817120262,106.82196535183529,False,6.116122482744286,25393.760667967235,7.004274138618378
16.48072759432701,78.23442860749101,98.3875641771915,True,4.416219605006608,22545.19821580738,11.143033295363999
16.544260644241767,78.30394138915908,107.73526976950163,True,5.409334155661766,23060.639427276248,13.215311110061371
16.461539463405302,78.35741376358403,110.33418890070612,True,6.175818972025693,25418.65409094612,7.512213977425384
16.425519225048827,78.18498067328471,91.54223658994633,False,6.7206821162258485,26175.389904603173,14.240996026070453
16.618228403857373,78.5421776227959,134.39966834311875,True,5.795252306362103,23737.385102338572,10.937999719889689
16.53200368697251,78.26743539523736,103.61339447345507,False,5.152296915160651,25535.729621709645,13.14362619439821
16.532725733722835,78.35216400951015,112.13231465294366,True,6.262553589938524,25159.81713379303,11.463118456471108
16.48304581492455,78.53643277455176,129.4138287820815,True,4.559521054936054,24702.641419873617,7.737376476053717
16.685017500159432,78.55189848891325,138.08025794856178,False,4.866815474397416,24376.154330891703,14.288500621083271
16.540910206640046,78.03559275200773,81.43736384631737,True,6.420288418676476,22314.627407830132,14.183742542676308
16.47116276261344,78.53348000941821,128.79622588268126,False,3.231796057570788,25142.71663465835,9.144548518467555
16.421067128370765,78.24054933431266,97.13372617797245,True,6.35070814316653,26064.821955320916,12.585606132464507
16.67566795985949,78.2553686439362,109.16056015817377,False,6.125082698831239,22833.19395737472,12.99008261056603
16.730904428551913,78.55179559806398,140.1282160511954,True,6.884086628614098,23704.35046843189,10.816314322187548
16.624405026168624,78.52712649591582,133.13460845689593,False,4.156605761610062,23237.034729889343,10.051251010742643
16.71132251857718,78.51239967126409,135.40677383072475,False,5.367583870910712,23313.90907049631,9.031623950840359
16.590959486692082,78.39786560745873,118.94143100763421,True,6.57381807291316,24860.337152063596,10.519445318305296
16.434051455422406,78.55180934001285,129.82049395899458,True,3.0923505281615857,23006.74624167634,8.070105209346103
16.739325535661127,78.59181437755413,144.39339366600512,False,6.292859686388534,24343.236878807187,7.177067975509093
16.361946678785525,78.29242265498925,101.13881576641288,True,6.262776226521122,26274.543403071293,10.890344978552534
16.476263525545406,78.33136261817909,108.10513390674151,True,5.602596637897921,22644.232168343093,5.436943498451371
16.524164738870542,78.3947234226127,116.13161337387997,True,5.312922967231721,25143.814292801766,10.085109740306772
16.626089723601194,78.21412174328479,102.6869504174665,True,6.827744595759663,22856.614928725703,13.376658425345584
16.526930577742117,78.53596779746786,130.62507452373606,False,4.581263677278088,23051.385827722963,5.293664383567229
16.477047063803795,78.11356989725061,86.10837570921154,True,4.5642560056375325,22225.541131761747,13.35080722022197
16.400372296869946,78.40571141149914,113.80603181407797,True,4.454470032256631,25550.34071635187,14.609872408628616
16.44065899625967,78.21049563576331,94.62280334716648,True,5.014924547021342,22208.03449745181,5.960635172988714
16.746925276001196,78.76295416764218,161.48583168523322,False,5.819036570567266,23995.231140447835,5.726016835217659
16.57559498099971,78.58769634318631,137.4650485741405,False,4.757458249956395,24686.629088472437,5.303018214649988
16.455423270528016,78.40173126518359,114.73420862643972,True,4.732542245593974,25358.365139012807,10.818711129090735
16.590116403790226,78.6777904770112,147.11372534385288,True,3.7529857614775346,23622.64366213413,9.053353844691673
16.403749600375193,78.3691060748994,110.05337143721758,True,5.198128942650761,25628.09121479165,11.735399516704687
16.40417732238635,78.35441786976769,108.52966838278375,True,3.8530817259389676,22546.495727414163,6.832213578947148
16.681682766342718,78.49789385530548,132.64817603065575,False,5.488797644733855,23466.627330630417,11.993558570910288
16.58207993831958,78.0761751451651,87.41685354635948,False,6.9193724386331095,22295.571252178266,9.241413246536245
16.51059362036396,78.12619843318559,88.74549675515074,True,4.781890282668617,22341.408744479762,14.492903038570203
16.465703196434593,78.58372400798004,133.88093427374696,True,3.6089833012698453,24475.317251732606,11.897184331469907
16.686060507667744,78.43518179851276,126.76395002968029,True,6.97020215629362,23415.70190839006,10.848940223788405
16.54524456315372,78.60793159049068,138.56041003020925,True,4.560433698731552,24019.81585796404,10.3218304109608
16.578341049181738,78.52821012574613,131.5298630274668,True,4.999258295371101,24576.696665075393,9.144911048484868
16.511467088526317,78.14820274139662,90.949527431229,False,6.4941065004669145,22242.278856227655,6.098787616971943
16.663030092003602,78.34949658380854,117.42255333345508,False,5.833690370464129,23107.53459266966,13.030060903636041
16.33996094236371,78.37007141731708,108.93415041524733,True,4.8613616214570055,26212.38336328058,11.478422850264884
16.59139275505855,78.24326321770135,103.78591572326123,False,6.451789181832025,22593.87620479877,7.0502412974690545
16.399489472829355,78.6193991167111,136.22796600546275,True,3.993686163406388,24707.46289549642,5.388854092950615
16.54943718686218,78.81170665265878,159.6740171864437,True,3.7267679648390497,23865.31060709326,6.058524796115138
16.643171067179566,78.56768313007733,137.91408702125167,False,5.607692373111684,23221.34783461543,5.1474989894525836
16.682023201875975,78.60575992461195,143.2617435268903,False,4.52830037248901,23699.366029009743,14.653239666560609
16.430234065413785,78.23594869179125,96.92093202146498,False,5.139389234108398,26039.12358935952,10.877541665833862
16.545034589161585,78.3695164568873,114.33035632926855,False,6.005027981661277,25150.558007924803,9.156055830428915
16.38119005497318,78.39272619007545,112.0495277481236,True,4.8883149967229205,25700.561629136555,8.724351312296939
16.887929337884295,78.62552538526144,155.07267817489233,False,6.759094857374462,23805.51022214767,13.20452529866303
16.444574930212227,78.28381366030243,102.265406656518,True,3.5882560953119595,22350.716595630733,9.650199111007792
16.706619204279157,78.43672530580095,127.89763034223843,False,6.356037872931232,23440.6795464862,14.306879206967176
16.477194867115585,78.33157894605954,108.15649531481202,True,6.155837350118468,25412.647697171757,11.526680000448525
16.361625369275348,78.6304810295938,136.79142404135638,False,3.4721535637436425,24423.8918141661,7.139997106283467
16.4819491473205,78.33151137348433,108.30022427742516,True,5.204953639198454,25511.83245490153,13.836613876703897
16.55540666062475,78.2332257663013,101.1939833494547,True,6.135796589470559,22890.312017304568,12.393361089301898
16.466782248071627,78.38404959084731,113.22833736970003,False,4.65920063471196,25463.030532576355,7.075847924087478
16.543535608757146,78.31758598694826,109.06910623986086,True,4.94081651748391,22919.6217626423,11.124417501271337
16.477819862012286,78.35218290108062,110.2849165061415,True,5.981973246796297,25343.146703973303,10.262123539375057
16.587153679348198,78.46340989045659,125.33059355306153,False,6.446224975611287,24804.921491157038,6.710165541210843
16.518640651882347,78.16405182410732,92.8154702358341,False,4.574416046760277,22257.532451543833,10.098446638972245
16.420222967723298,78.17262930872118,90.11458215174542,False,6.3484660506021875,26228.927467509126,13.895591081842245
16.437133809069433,78.1674437843012,90.1107359567562,False,6.2493355703664575,26131.674086905838,13.183139051750235
16.400766326647688,78.58158895582706,132.271631026401,False,3.4744915753419825,23921.51041879571,13.815376451667218
16.577457438228844,78.14988930820002,94.13720164484799,True,5.6753515094843205,22564.71260014218,14.771693095448233
16.611947390800427,78.44091106916278,124.0636690927299,True,6.295100015993084,23624.769899996816,14.976467892017766
16.839857286809465,78.63822854314786,153.72092745069747,False,6.348176487991797,23827.476279592916,12.584113477828883
16.6290989070863,78.38626666181189,119.41097504641591,False,4.672620908492048,23088.886594332627,14.818938919157054
16.53411970994173,78.70891125952922,148.63156677161655,True,3.862068371735544,23624.396378491252,6.397870116126891
16.411694326854384,78.42347934230597,115.91208489154741,False,3.6831669694714013,25648.292269791855,9.49780206057386
16.61757900989435,78.50454868342476,130.61579612686432,False,6.410329258102614,24684.36972809016,6.273983894446823
16.547376163155775,78.57608731413245,135.36612857441736,True,4.334091687514122,24476.419182860373,9.436294870404078
16.723934426530853,78.60288414414543,144.77568820814773,False,6.223271132426083,23404.564886833057,5.497182493847701
16.476749027233552,78.40127458534108,115.29127332509351,False,5.4329370702506985,25336.36333691724,5.198263802153281
16.539524931749956,78.34514524316911,111.67727656449195,False,3.8691413899804457,22612.890243744154,10.034927090072888
16.564873585680104,78.36113872754487,114.24831982902342,False,4.678777285769376,22855.14286915168,9.1439871355086
16.66724062775878,78.49580872640631,131.8076904533513,True,6.227004791844172,24372.73577268082,12.796473111480529
16.8534201791387,78.745815025863,164.62884385561992,False,6.480486412316743,23932.14789133539,6.986947964779589
16.459556408864128,78.41446446256928,116.1633407390121,False,4.4110628120683995,25412.07546127844,6.312164879121936
16.372107569360804,78.31102808547176,103.29430526547803,True,6.12189131464542,25989.520294931124,6.269332234941739
16.40927206902532,78.63742802418327,138.30227001474174,True,3.2290078882898494,24041.820103801107,11.580744558983495
16.487315145708376,78.18068110410289,93.21376160129464,False,5.115063498591215,22222.050450764676,6.785400816011964
16.377606595208796,78.2626555250075,98.34504603679666,True,3.553632745447718,22161.55406414922,7.791745810130591
16.457702318699862,78.15664373727643,89.70917876183142,False,6.849829361599372,26027.848947422175,11.835069824747423
16.660828697781856,78.6129646449206,143.1208032637771,True,5.793481427958841,24022.582096849215,9.87211086660889
16.52465772868997,78.39723091219385,116.40281260046716,True,4.41798322615389,22842.518627851798,7.704773753771219
16.72944748181508,78.43020804749433,128.4117379694276,False,6.845551537977952,23303.18937434258,10.142287346964046
16.430993476284485,78.57358283899681,132.03214301274525,True,3.4007722294566465,23112.269377388748,6.497906347113473
16.698579796427424,78.61248175575234,144.6171917760013,False,4.796686243630521,24405.63857036615,8.190988216518363
16.63952243822975,78.44072198460557,125.20205797544462,False,4.234266070491481,23070.454142595892,13.134928303599775
16.581597980332482,78.24887001456004,103.88175755947573,False,6.969724201924036,25371.45236716673,13.834775511916803
16.296828736429323,78.47417200821236,119.42796123867618,True,3.353859905452563,26369.254660544073,14.491984776156425
16.4606012294597,78.40673429053602,115.393341000634,True,5.110386928795574,25290.756608861313,8.715528634690209
16.33361206727671,78.4337614003444,115.57582253898829,True,3.8913385597699515,25950.84877707277,7.673942075299021
16.45417255899053,78.44953157554636,119.65031807123735,True,5.7818841545651996,25176.513261225005,5.360136078170333
16.5936834886987,78.23189386453159,102.7938735748273,False,4.882572390821444,22548.171737682016,11.219009185316818
16.352913641967028,78.09848869557456,80.63797156658696,False,6.411747243450947,26487.48858374091,8.31555753518841
16.37512509468771,78.36567167592234,109.08952667591532,True,5.864479031986659,25762.602281914256,5.438262783731579
16.415037091113863,78.18352928584534,91.08264687530978,False,6.045138018130588,26201.174504031147,10.368874775808274
16.337675197573994,78.35699079501101,107.51654392640158,True,4.258861147113039,26171.447731208747,6.712532479102036
16.50624178209199,78.65281681594314,142.07965817565372,True,3.6252635597703136,23393.219898245396,6.589437656701342
16.431367959630975,78.49848599779364,124.18947286402776,True,4.545265450421294,25179.421440988204,5.4880611214088155
16.431016858567926,78.44751489433176,118.8650139035542,False,3.1497717328824835,25590.654040859496,14.09540015780371
16.402507755081988,78.47562986565403,121.17574574249129,True,3.9739157364091353,25263.31929244856,10.458749520657769
16.332277761142098,78.15369957487108,85.98981270319467,False,5.457154964451956,26458.75168237286,6.265924124025051
16.425683801485143,78.3936768397622,113.13062566405839,True,3.8072626332206183,22594.174195506792,6.472421053479362
16.499171392984127,78.50308463590626,126.42037420490455,True,3.1546509289634233,23084.012229737644,14.378547128665964
16.450873521606834,78.17051952867938,90.87900628883135,False,5.253497536256624,22109.204778121923,5.756228172143649
16.66293909812888,78.45690019110987,127.81225426729911,True,6.122033246499365,23431.941966724582,11.174990316855254
16.45953230200306,78.63494886895906,139.07555348003547,False,3.7565865414908126,24771.72029787772,5.2989925133627755
16.839777392273994,78.57896597556743,148.14536690435366,False,6.692543729217535,23563.22430799513,8.816778003456385
16.4106566947967,78.44484689385473,118.1232264909921,True,4.366920541114195,24983.02509904488,14.423847546206783
16.694076217015294,78.70790489875938,153.88741356070213,False,5.121451320255995,23884.483107050473,8.668956574386213
16.529917326163638,78.18967323942537,95.81843542905465,True,5.531930229820463,22511.55001597764,9.44565344069238
16.477808575175043,78.44593651224147,119.92072318187758,False,5.19365088225658,25195.915387434,5.708838002509895
16.518727328654887,78.467069909177,123.31881917529832,True,5.33025825370737,23083.14776156895,5.717113045458006
16.505252829049137,78.57348960383949,133.8502240672201,True,3.41383580937045,23360.707216663504,10.73743305773483
16.78154478654261,78.61940355875873,149.03721622207408,False,5.001125139487052,24171.597422140552,14.539563268558094
16.53890515825436,78.35167208160382,112.30987126475736,True,5.999348735057307,25139.30592927177,13.671580494928268
16.46381464937837,78.43671913207947,118.58014328740602,False,3.565881719016656,25429.34548250338,11.504584759402567
16.65898391330715,78.51683116258779,133.519964715416,True,6.714908264243593,24043.750737759583,14.785640685703951
16.42670824836891,78.4768530885185,121.82502414241512,True,3.253778883382925,22950.637641531117,9.31749761935044
16.38274542706981,78.31006049754788,103.41601951840971,True,6.11996789625291,26109.867550643,14.577731123587188
16.393248353116793,78.3626945462373,109.15079628399228,True,4.547823977116625,25861.481555586062,10.24119407217434
16.618806845936223,78.7680052669809,157.23951390036584,False,4.174578921832521,23662.80796957276,5.634529322798252
16.61672398683432,78.24863359571069,105.50699698285973,False,6.398151135125646,22774.434802014923,9.645449317111877
16.43849527518451,78.28295867469087,102.00108944877785,True,6.283601862994499,25818.949496402016,14.668131511423436
16.474828948358947,78.38904578632773,113.97737442730536,True,5.428098290238169,25274.106348584293,9.167493710751376
16.475238703485722,78.32803265803726,107.73233984202332,False,4.524885883480261,25633.53013448506,14.85430318271653
16.65908375311172,78.57446533579919,139.22396149455122,True,6.158417014082804,24221.06238103943,8.889237530953277
16.271917396225998,78.51911403790614,124.0053007634783,True,3.602743460580845,25839.141592996177,6.616425111770652
16.464562888154898,78.22465740234153,96.84193230895801,True,4.59990377899771,22326.621986055092,7.545311474758578
16.43338714817189,78.335827590499,107.32152636720406,False,4.685091313446318,25732.73339462138,7.396971147027945
16.410906937779163,78.34195227396069,107.38825225217764,True,3.636078493448985,22750.68363142817,10.824631540857142
16.296681472944908,78.3718006981957,108.54689134244303,True,4.612975987013991,26367.244028090387,6.5940466078278
16.51511940443336,78.51675120180658,128.2958109679773,True,4.47055885567068,23423.890974784073,8.5838996891151
16.354262611093457,78.28158419670032,99.85224096505542,False,3.57355125687158,26494.964128827512,14.705015996290706
16.402959410580873,78.34031230371103,107.0297184060673,False,3.593111355461461,22285.88668171438,6.155334859876049
16.681585665149832,78.53762689097009,136.53133266582373,True,6.862073376749908,23765.68077200325,11.525123770836457
16.396474018294086,78.51781961114818,125.48611092654762,False,3.27502735004382,25411.983057623955,7.264681216185948
16.507049624082374,78.53703077494254,130.14281359304402,False,3.495517691836904,25000.073796074306,9.052803888075964
16.674954960670647,78.6692759248076,149.2876318342946,True,6.8671258612160155,23738.3853726425,5.7783222667682335
16.677712381907483,78.52511782608866,135.13644774762525,True,6.801306823502185,23763.111263363444,12.547185626759957
16.49280748339124,78.46120907690832,121.9264467880142,True,4.341637884001214,24957.88652085546,13.493761002423943
16.33419769445514,78.380288975567,109.92647101359857,True,3.4111575927902367,26362.71754049691,12.584507561234268
16.698417060098148,78.70609830111907,153.87913689664583,True,5.434641038055265,23898.035136541777,8.286406936548794
16.753587276325646,78.64764796695971,150.4667643186146,False,4.75238887016437,24225.742712938736,10.410931315979477
16.5270914553551,78.32386472928532,109.07761969110288,False,6.80822813393919,25319.851812698696,8.13658053271843
16.347633660297866,78.49574412679229,122.33526214268251,True,3.513341489033406,25401.069865572714,14.793895440121057
16.36184881513765,78.10681412397531,81.7181151483445,False,6.112867234497778,26463.55301936707,9.271504248146094
16.423031034801195,78.29518838103378,102.83751136731726,True,3.09933791891572,22294.138303673793,13.183798304930237
16.499155085836243,78.52082973894588,128.2475140505057,False,3.830611796168604,22889.407137351463,5.89836216523833
16.583387326336968,78.51483839207894,130.36005298139682,False,4.202114521744534,24672.568327444995,14.470593395978451
16.626536256753074,78.51637199430095,132.14684101826927,False,3.657709174685669,23149.759947128063,13.852042219788549
16.36139658876988,78.27910551538949,99.72954713717917,True,6.179881554596053,26361.499370120262,11.906454515396833
16.35767573711593,78.41032273904874,113.47083164481779,True,3.694353120370133,25984.189702322015,9.820070503608179
16.456374373650593,78.31823961337929,106.15314101714878,False,4.842985304838651,25704.439466355463,11.795081326395216
16.482990032767788,78.39547434347676,114.88137372553777,True,3.51736840703108,22872.9377260346,13.357587515649877
16.50393425364848,78.24475611491641,100.26795430146903,True,6.104062112985495,22537.801867073467,6.332411269385039
16.648296660519062,78.4244655722952,123.99420660438686,False,5.685085030682094,24804.712957771888,11.748043722693719
16.494889175983587,78.49795586104392,125.7688185725716,False,3.196009523322482,22931.86612470325,10.528874738082337
16.572743299372874,78.53835115929404,132.36078439230397,False,3.7185951107580193,24815.444831785193,11.336488489700399
16.574564115943,78.26294182659191,104.94246340445758,False,5.498952201603352,22578.742537611874,7.603517654279701
16.429488645520763,78.21377914978424,94.61893645632448,False,4.690025035523782,26090.697010438555,14.148039447127228
16.57903753349743,78.47419195303291,126.10925574779984,False,4.2084467160056995,24947.724308505658,10.093271833709155
16.435875225165713,78.28463653246135,102.09940555422165,False,5.5186196645631345,25857.315320468,10.739169892718547
16.748421296754085,78.37982240927103,124.67489618494236,False,6.537114610927961,23132.923914805953,10.991267270879199
16.549769145477715,78.42969990459358,120.56549865652987,False,4.878290856047167,25098.739377368176,7.059947951141373
16.401463611642633,78.61321519036476,135.61225913787618,True,3.8929840598148213,24507.094750548324,6.558705940544628
16.74709523809193,78.54406018472224,140.14779059427912,False,5.13568510519666,23434.767897875325,11.285854666253977
16.717492591697713,78.63610040101717,147.7467979520643,False,5.384722932310757,24315.569463408665,7.000380791409872
16.416851552642335,78.61346662488391,135.92660991147181,True,3.838303964074542,23565.061414536372,6.483423096927731
16.54845130219719,78.11680905881748,89.5555234503798,True,5.928587711410415,22382.47758810639,10.672792902623886
16.422032989744842,78.33206825495525,106.63586102981579,True,5.169300731822446,25788.238094315344,14.660877493420356
16.549158809257374,78.36677282137236,114.20867214799766,True,5.626968947974597,25106.49745313872,13.775125021991073
16.704534244464366,78.57889262736225,141.57470241736874,False,4.81227498132544,24434.707271165626,10.046822510750491
16.41087302104226,78.39796053020478,113.22805026670378,True,4.754748990432312,25493.128772477936,12.135697655032338
16.541789651609502,78.59371803373375,136.9980935065213,True,3.8405421355297364,23277.198431751243,7.24526243173476
16.693348165855802,78.54957085386364,138.21429565237838,False,6.566483344233838,24436.012712439828,7.300928956052632
16.455384933520143,78.16905177748356,90.88449576158392,False,3.7894284299821797,22085.027669068888,10.691988840094947
16.557233391668376,78.28272483361276,106.15079242501616,False,3.997480924517131,22568.923475924898,13.715008853964527
16.571456139278272,78.50449055325514,128.88968696890922,True,4.454181012336946,24626.18481227804,14.474067109994268
16.44438728769891,78.20781177586584,94.46571711149674,False,6.892211796978227,26017.49999508045,13.71305686750928
16.673367405085337,78.69669726308699,151.9658239189995,False,5.2075279728804,23774.659376448777,7.199110133513285
16.459482526465845,78.26768860814416,101.06479148005955,True,3.58466590659647,22465.8141511469,14.174585806472955
16.498763560212993,78.14460516572224,90.066710189474,True,6.358127996967202,22325.03975704218,7.082800324411039
16.593251936903375,78.53047384822419,132.2928754331744,True,4.161363588320686,23368.492138273163,11.16418794303307
16.374446134384453,78.49845216087587,123.04810526373991,True,3.0837938988340454,25639.46028117029,12.868082116958732
16.63109001604069,78.44742597251697,125.50190090661117,False,5.929132522602222,24826.85149561663,7.799967776775004
16.55008946697941,78.23856285402434,101.4913250357965,False,6.846660206528044,25496.95577929755,12.096640290187283
16.60938198597322,78.40507457324118,120.41200828600363,False,6.57927306870352,24831.98408898972,10.166044490456697
16.403174611827275,78.48220686294871,121.87903754798252,True,3.150828230379917,23121.05153572968,11.542004063198128
16.654215943606456,78.46819618559526,128.53410467320265,False,4.847565414661344,23298.908819703964,12.45516570816213
16.578996324915035,78.50477521867398,129.18727413927908,False,3.7635107418265967,23014.9419220539,9.03638612280319
16.540131768656654,78.25532016860902,102.73411270688604,False,4.213224488443339,22485.519026558486,11.241952901145726
16.52431999814971,78.31884654274545,108.47085636093605,False,3.7491645920628023,22547.335670136297,11.306273384994004
16.71064405405298,78.5794892866443,141.9017126687337,False,6.136168398586034,23446.48592265534,6.675847262024436
16.397928130059366,78.4525051153356,118.6574789092556,True,4.120944648374719,25468.01645744702,8.46173225868122
16.630363576770282,78.4692300568376,127.62422499260485,False,6.863454463368631,23174.71055430126,5.828678120184224
16.608409815211402,78.53885256469854,133.69517294758361,True,5.099689088229335,24321.046809542036,12.569589795216343
16.61105950558218,78.30817743296896,110.98840365145944,False,5.288283388239815,22849.088191727064,10.733377480904178
16.74708747044368,78.53716456330973,139.48538662328434,False,6.151358096105577,24443.919774688697,8.803771628749047
16.352434266476127,78.19779190542212,91.01669891825595,False,5.7226633721169655,26291.940181416077,5.308436422224327
16.706855979108756,78.44253510387067,128.46563058585136,False,6.449110819449727,23341.409778017878,10.53891269254453
16.48686894761978,78.4288721284598,118.4270847099869,True,3.509344888630807,22856.86682703417,10.419033846047556
16.49441984981539,78.31307341982227,106.83224582291348,False,4.982240585847885,25563.783939704328,9.586770135407722
16.600371221057646,78.54155313673725,133.66825088823154,True,5.189908718423752,23755.379876615345,13.278433647392161
16.307724895395136,78.47272493099162,119.38629968472358,True,3.4365685103999293,25918.174971925997,5.135431432327242
16.460422572199754,78.33336980690707,107.8282165460381,True,5.930480411879769,25427.214037395108,14.22415580253303
16.77071245590581,78.6778322912545,154.17749019937958,False,4.8159683332572065,23974.321497793986,14.737136906462107
16.536274103179384,78.54620335122338,131.96201368875,True,5.480612394868967,23495.415055342146,6.494313510444075
16.56545737308061,78.22590479772957,100.91806293440852,False,6.453478208549175,25488.867752287857,13.706553578205101
16.477282700151722,78.35460770037618,110.51677971114772,True,5.833738904594792,25328.85510740591,11.147430576426697
16.5048962898681,78.17908983376363,93.73975627731033,False,6.084535484914434,25783.174190589343,14.103793266266946
16.69023549016131,78.63094258912858,146.0914186769952,False,4.171263507910577,23592.896590480887,12.471038182199662
16.562113377062502,78.58649350048555,136.89874558740055,True,4.789058932193685,23853.2518029697,11.645665090867446
16.471682963729837,78.18377734083677,92.94810868514196,False,6.692810380086735,25928.31024977201,12.82107810500942
16.44690420187249,78.53604060930735,128.46610205662657,True,4.556080073792615,24604.082591045164,7.815535449317494
16.389875794356637,78.40531688192209,113.5448693439203,True,4.884761765894534,25516.959881984672,9.978618627513644
16.466080284252907,78.6409616025168,139.85323739684642,True,3.5203226734253295,23760.660946075073,9.893025313066342
16.388796670955912,78.22201786162579,94.36653544074711,False,5.676436731086873,26171.864052150962,6.589590683135715
16.395075287365753,78.25237713861239,97.67936131010684,True,3.904991247094374,22218.014132646556,7.292158026072794
16.323168303339134,78.44999793077409,117.1564404489686,True,3.658095365828529,25896.997038092133,5.160511170206449
16.869066158843154,78.57371901411582,149.24279221064927,False,6.477820087434215,23666.166877060423,13.834692170426118
16.345945337825913,78.30478595963359,102.14391064920758,True,3.7076176803619147,22101.61333903942,5.464830675455007
16.32587456060484,78.33046914962281,104.53450533235548,True,5.3569611974186575,26225.498522717247,5.93425645690971
16.49140024991759,78.37137590812586,112.6736872262593,False,4.064681724431645,25482.810364825178,11.981005860297168
16.33302675206294,78.35638927895677,107.38181914408709,True,4.935637635086836,26429.178921307644,13.650875935482075
16.55087203407758,78.30093392944602,107.69795237504883,False,6.669549694345822,25302.197397661075,11.968661014503105
16.59018055806155,78.45113102330303,124.21757407991943,True,6.09627842436723,24577.199593212667,12.127103804210748
16.666728570899483,78.46476203087727,128.74838822630105,False,6.071029195394994,24700.445889726365,8.73717311972177
16.635056781874905,78.76452697606639,157.42501152075025,False,3.370264387980015,23969.197194650496,12.837381620057577
16.359691436996577,78.52622609979876,125.7387459423991,True,3.4281074029331915,25078.48250062295,12.731074262774136
16.490524889856896,78.33083227262115,108.50875143677314,True,6.083406939718622,25433.158700369684,8.597568158303623
16.520869507009234,78.29034065711261,105.47780435135692,False,4.914224501999037,25540.36253717615,14.220358866259438
16.370474623159083,78.142488880679,85.64188752955532,False,6.386638623164693,26494.894356286833,9.571384291796303
16.37369996997359,78.40410838249888,113.1016596505713,True,4.501982127631085,25737.068940462963,11.72644411436301
16.600924193724286,78.4700251844963,126.5210000685438,False,5.516776218626129,24756.109005278035,9.011506542282202
16.671791666405213,78.72648645037013,154.8912076290965,False,4.070324949313276,23981.272555246225,10.736348788531043
16.54952101383447,78.49528161697046,127.19965307852962,False,4.604119629090308,22984.042162286492,5.86102150069774
16.46783914741255,78.1108337355424,85.4754554238635,True,4.993117282274078,22147.84019048011,9.206589487575553
16.476921822064952,78.50113428453797,125.59698940215122,True,3.699103844818304,25044.519274369042,12.628469628302806
16.38534942950079,78.41521819579899,114.49296453842092,True,4.546616405638181,25471.819701267563,13.38890681855664
16.523496461408538,78.28767930087045,105.30942892897198,False,4.423286580500925,22521.17234330524,8.40896604366926
16.372755369137902,78.54331751572732,127.75116205412596,True,3.9627874288859783,25200.36090456437,5.548547951416118
16.426662246282735,78.21758201395322,94.92650388557747,False,6.036857831528355,25968.925825618022,6.687717255069997
16.59997689694633,78.55553178156282,135.06081121803237,True,5.426103698377839,23545.99708647377,7.8299597519897475
16.658100292386063,78.51038625196486,132.84760086245427,False,4.733162186729361,24685.6907759231,9.948350234135791
16.51810287662251,78.33282388617208,109.65502634233721,False,5.296754132783597,25398.383773299847,7.631568623022762
16.40143673210338,78.2456694001715,97.14063478672416,False,4.789744897190358,26130.108846705967,8.70377362957881
16.37921546321586,78.5500596135536,128.56993106713858,True,4.32845935513371,25067.430671702874,5.171694277674278
16.575116592556174,78.53434427875285,132.0373059868431,False,3.8853816299662594,23190.53160337389,9.141523864220773
16.43211669637542,78.23834014010261,97.22202831541595,False,5.797679257714677,26016.1768662886,11.964210651029587
16.316206769610975,78.37478178313089,109.09401723231089,False,3.053319524965509,26441.463655924403,9.48904148868441
16.408073900210713,78.40815220747852,114.22970725382311,True,3.406210348034003,22536.547004328037,6.940198017332299
16.793107370445604,78.55114010195328,143.0993074423907,False,5.269051604738323,23519.92013292527,14.303268877773643
16.56744104112101,78.58811999634814,137.2380771105046,False,4.156882738754048,24690.164909931365,6.842267775429775
16.464234775437735,78.18214291666388,92.51843818638208,True,4.148918923925792,22369.89595962622,13.68326844364214
16.657569113284232,78.50588443392377,132.38173244644034,False,6.0747803287802355,24653.226837300987,6.906589774700369
16.486817243394338,78.22052102553408,97.20010387158185,False,6.966181877990531,25654.471315319457,6.509019007679243
16.49501545208099,78.39763559716107,115.47262308372585,True,5.1280218323882565,25221.97097847922,9.877572692312775
16.493466241849344,78.51331955018773,127.31191955534005,False,3.010334254355104,22919.142879958432,11.603073826795844
16.681211056554893,78.37895877920786,121.1292491016225,False,5.4056157335292045,22968.287457485454,9.529771704353157
16.474328818123688,78.36517658450344,111.51067320067081,True,6.023454814641603,25262.52621802832,10.081523964160628
16.491689418357083,78.30505074350951,105.92505312853211,True,3.7254071765786994,22531.039440873126,11.234657220942289
16.495276713373137,78.6429091545064,140.76796563620493,True,3.971674877446409,23885.836874821045,9.833276531156525
16.36808105037616,78.44198957423775,116.98764260231813,True,3.8337022781681513,25727.7748146483,14.568546043613447
16.52639152633013,78.15019888349204,91.78693911314117,False,6.13674014763438,22255.466050641935,6.513208216324514
16.483371733890376,78.177710530367,92.76703593931278,False,6.724339764167713,25807.39848871611,8.913384393153292
16.621308864446977,78.45734045310748,126.07443161888759,False,6.210120844507925,24844.776350831853,6.277259069070405
16.477832092065295,78.26550973135353,101.44028972942891,True,4.535382240889204,22388.96793678288,6.975571683537175
16.633932868027696,78.21084700331623,102.78207445992352,False,6.124411380438634,22670.020622150598,11.200389290085795
16.58138175978273,78.44611953316456,123.37955745056038,True,5.183220607828444,23475.33555672693,13.665506730131524
16.662203988354257,78.68370797611831,150.24171425009953,False,4.638847941688184,23750.980900531595,8.547727701769038
16.57106993829305,78.26316396598399,104.81144945187093,True,4.825556040177737,22745.97777229795,13.547599959010654
16.328732603228097,78.37910000362996,109.72130162941188,True,3.5350846411598247,26298.549276343158,8.8014193462786
16.61585575450993,78.23177059128885,103.8512182080988,True,6.887089204022445,22890.53874405529,12.092978563964994
16.378145064096355,78.26994369469762,99.11901666358234,True,6.294054634308823,26083.068490752514,6.109246400974737
16.475182982356973,78.35144358566286,110.12804911793262,True,3.8340919231121244,22745.087215450232,10.516963094216852
16.36908468050212,78.3525228067729,107.59116036314278,True,5.579656867547243,25864.63067448595,5.386386869419565
16.478937153000143,78.61740358926735,137.70797648671257,True,3.4208855321976004,23180.004780714065,6.42932420449485
16.483644645025887,78.46284251470338,121.82934850083309,False,3.380671164463113,22740.220505665635,8.043138324155304
16.39012339639353,78.5285446745693,126.49549305216902,True,3.5862360184225435,22934.76387918681,5.490374492977082
16.626116591680727,78.42855817887265,123.4324054676072,False,5.2812030982207485,24819.260246677055,13.724089602836418
16.574643315518138,78.54158471406669,132.7539874304131,True,4.276024463542445,23570.432820301157,13.213072136865883
16.497133360384655,78.37137215126414,112.85676321860606,True,6.3456321321275295,24862.289853398546,14.318237152494257
16.597598191707373,78.5253505500721,131.93704571999058,True,5.431055834443549,23382.570695882965,7.247290945592809
16.368741276499787,78.29514893312003,101.56032982539564,True,6.424578533774824,26149.029952450037,9.461359807974372
16.53527485867265,78.17030221421875,94.1457639067968,False,6.8528356748575,25671.28782248211,13.089807504793256
16.397369456261913,78.56249636331835,130.20056369977445,True,3.452492282001831,25096.304114234492,7.761893914368539
16.610458156122377,78.49371625100677,129.25684725090582,False,4.299016290520839,24810.79713924563,11.473364205107842
16.417321431351898,78.46282247948908,120.14901096540491,True,4.600438563415741,25142.603660894754,8.452583315118812
16.481905441639874,78.50000615955533,125.61591947244172,True,4.463408595738656,23451.78969437134,8.768945404918112
16.635164595480653,78.4951643856179,130.38851101307816,False,3.956635692827506,23119.573425801715,11.753725281515912
16.76650566531697,78.5066463702529,137.53433871001104,False,5.828924402101938,24426.54804715273,14.393414570450595
16.423097122691132,78.52842695070505,127.13701525171113,True,3.7157868800440053,24674.592203792694,13.099680978253044
16.564854042176567,78.27415594876832,105.62441374729997,True,5.817544023831288,22748.429041481253,8.480455316349094
16.286555427179547,78.43066150835105,114.70423932301881,True,4.555252734391241,26079.3628257209,5.692160549438901
16.576391158510813,78.49937931509979,128.54945239120428,True,5.119427013184191,24370.874774681604,14.689889933245672
16.423489147123128,78.29675684400382,103.01212679959504,True,5.625741509337443,25847.234218278438,8.402238487851095
16.59547484782038,78.43272641969399,122.58835102942977,False,5.593298545818556,24789.407169316593,12.193443100333937
16.404483184882512,78.29951590666457,102.81469957299606,False,3.9630814952034346,22206.898298384935,5.573749905809516
16.508886524528425,78.67148999247456,144.0836255417051,True,4.8640731245766675,24314.284773393738,5.117839817435725
16.591466890412157,78.40127153694657,119.30012679959597,False,4.347224509655373,22981.373014302837,11.41592815237417
16.8003555651672,78.37581598167635,127.2226306095539,False,6.916364242907394,23203.194073135983,13.641757090716068
16.4152645111733,78.27477184913346,100.51709768336677,False,5.516383634605096,25980.63087050451,9.326123444923368
16.408079323547963,78.31353416475092,104.36127477487135,False,4.3247978704272745,25998.50447034544,11.373586055712472
16.476808988220714,78.49650519887065,125.11512784538111,True,3.9991328015691487,24940.84875988805,12.029349011251092
16.459349549813286,78.5034744197178,125.38063203777016,False,3.052624240946965,25303.428700095585,13.49546337076012
16.420833516515348,78.49170999278688,123.24660646336785,False,3.3186693924956363,22644.251877331484,5.909182491221147
16.55294876511451,78.34896569481707,112.5691906393587,False,6.248508527126511,25168.521982686958,10.345338168679294
16.48096698721309,78.54309166796187,130.04805897222454,True,3.9591980895540195,24782.57105623583,9.422937661503077
16.5772876394983,78.35779946686058,114.41111489634172,False,5.568829263675841,25176.259669446845,8.402575968701221
16.641982973487444,78.34774138346826,116.25091187410041,True,6.804326350448091,23058.99588650537,8.70693740746989
16.39438355396712,78.32410054883482,105.14109794734546,True,3.483393081862225,22494.28903834983,9.15447409970713
16.56000949470104,78.33614995504642,111.56629467495904,False,6.736776227564718,25235.30092079903,6.7203242865197215
16.548393509223192,78.47699224348474,125.30470708580478,True,3.758373333451171,23199.380608542753,13.636983912110319
16.34270237500987,78.28504391348756,100.00693061377113,True,6.540980011008253,26324.540060140836,7.887870746536039
16.64323022042997,78.58540148452232,139.68307327126,True,5.914567813384906,24170.532323226515,8.997223016385592
16.376412513985958,78.11794169207836,83.24081565218783,False,6.284424485557196,26472.02622146999,10.84810279426936
16.38602528604837,78.43909356586022,117.01349937361839,True,4.423712548583248,25275.354725794008,11.862458042171486
16.483417361696407,78.19072761437226,94.07628553041565,False,4.158796013807084,22235.09885912639,9.905317534168468
16.35123205701719,78.32499044638035,104.36543822513582,True,5.366798286316106,26219.155827925744,9.426354793040396
16.406869727974453,78.2456292023596,97.2762644321931,False,5.472774608525331,26095.256914936777,8.666406926166916
16.673191569366132,78.60964714130648,143.28559006264555,True,6.43928853879688,23892.97151007991,10.041219284095702
16.3503103000916,78.26533053946825,98.06871198571261,False,3.487179453639249,22102.86810228496,7.332993050896649
16.326441805916875,78.4484578686789,117.03538024407504,True,4.619634536735385,25737.17294435278,5.202593760956919
16.415820487119607,78.47870803916389,121.77760681455369,True,3.900209865858804,25051.895762486027,14.151573816871366
16.536620000203254,78.52805248437002,130.1170158577528,False,4.428104843772623,24864.711814196104,6.885287339219107
16.4029174017358,78.51969929936925,125.80817532960955,True,4.054341012238925,24840.509330401903,9.005248736491641
16.46554773928826,78.4666061033939,121.71883639729059,False,3.4795264113898727,25336.264307867314,10.3855902579156
16.605167929830397,78.60997387160293,140.73927969683498,False,4.221471660358645,24496.991563795575,8.358847050178952
16.5278488217763,77.98442601232426,75.94229864283115,True,6.979587790019398,22031.867565212484,9.279218295030763
16.51093952380401,78.41717103471476,117.97494702378371,True,5.768792789250286,25006.106351903767,8.922261535757393
16.74484052008899,78.57893881089153,143.40190796893995,False,5.360519442343886,24375.547276450816,9.530820720424344
16.616096794855466,78.32967053003006,113.30784729982973,False,6.200635521023965,25106.24936224004,12.686128062695754
16.39232985777221,78.19633904998554,91.78654451197116,False,5.575786334780945,26309.505470272343,10.237259225876983
16.547298937046545,78.52774001878807,130.42844797760233,True,4.8562781044012056,24209.718218528422,13.695607263415457
16.530981039356668,78.06494204613075,83.73184612727601,False,5.065399372407422,22117.063955464113,11.741473272457874
16.35853371287626,78.60892731031683,134.46670420764838,False,3.1936939573071954,24398.55575637534,10.160277594668553
16.687181789890744,78.44671330034447,127.92987890298647,False,5.9745100169941985,23182.691901253893,8.326674091441646
16.54030464392443,78.69520439199475,147.38895424949104,True,4.428818613822948,24255.9845782123,5.7733627859709
16.353550959134246,78.30651530337457,102.46175314098646,True,6.33270226705447,26175.088053496867,8.128811787620895
16.54527356571892,78.35463636988912,112.84515422624762,False,4.650857249387831,25309.473963381457,11.218176082587021
16.57616169889779,78.20573134788475,99.4444209422736,False,5.726755130844868,22585.295096651465,9.942880179500326
16.515467920164276,78.45125899756003,121.5999315560991,False,4.74451786611324,25135.34960306503,6.315353013023758
16.34060228545164,78.46319980136369,118.79050063124915,True,3.6217509827830945,25848.082385773636,10.708711697431912
16.456718482840753,78.114600638619,85.43340667949096,True,5.076837676613318,22090.330216816874,7.9233768422730435
16.636654320086315,78.39088738498371,120.197871394557,False,6.859391369387078,24930.73208180915,7.685907966308568
16.408107863731324,78.22599136246066,95.27423960214075,True,3.983810320895094,22217.48088048015,8.08826975119404
16.59280342995797,78.58292833991405,137.5705310113566,False,3.76482454542862,24599.84378095458,11.870105632803227
16.689212534885986,78.3563632515462,119.37295499104759,False,6.372648800883759,23129.56185978203,11.640036899347699
16.443342517937452,78.38413291863473,112.58860171751145,False,4.520881955157723,25512.26796049088,5.8447752149449475
16.713952970451338,78.7265126009334,156.5289798445356,False,5.043110418193338,23766.1283882231,7.078982681590987
16.68126623275796,78.55447753822368,138.17255317960658,False,5.247698762780564,24390.573739521988,10.987767737100619
16.571579981729926,78.5622735457517,134.74743686736784,True,5.326194296226368,23351.499050409195,5.8703176397690315
16.695646877897758,78.4409710855772,127.7762495790569,False,6.227894121868989,24643.157332426963,12.624344131907616
16.621070868432255,78.47575699053976,127.8906265229478,True,4.631429816637777,23320.349627593234,12.426480265525974
16.53243039772869,78.38981268605687,115.92125000867357,True,5.025398360705378,22871.032469742502,6.791850465971329
16.45506374808306,78.59132151220582,134.4206909102554,True,3.331347137296052,23722.099652002045,14.86348298254007
16.687850395838826,78.23823169164876,108.2353923729828,False,6.5063153831232245,22822.98914164857,13.091427715077582
16.692692132267865,78.54778359676918,138.0105954706637,False,5.692109294451506,23265.88832886585,6.166944297887403
16.59018632381847,78.3037079572372,109.61989563586195,False,4.334904890569822,22722.877580354623,13.910380943544165
16.498801727595467,78.63947161272009,140.50229729807046,True,3.709733476143704,24477.479302405478,7.896279415386038
16.52598436036919,78.3447385669091,111.13975724147694,True,5.11637646703854,23013.80928831811,9.737162922519587
16.453654372285325,78.53287552897925,128.29697493308805,True,3.6990030682404766,23041.669372587796,6.391648076580969
16.50652999322267,78.27082516535955,102.98550219393914,True,4.462311414611356,22564.5870775204,9.4698552962203
16.698347514388967,78.35121478599923,119.35046291202596,False,5.1978643697262665,22961.162052129726,13.197727311635
16.61421453378296,78.39999910347511,120.11471594260469,False,4.95927568621744,23080.689555462075,10.655688376165639
16.337617829077658,78.20456629680722,91.4404943670106,False,5.218550406659675,26431.372996123406,5.741617397216549
16.622750122489105,78.37344704301077,117.87709569039023,False,6.9938895685302755,24979.327333494064,8.19930490257468
16.39538469257567,78.16109984685882,88.2158234170722,True,3.86146308868085,22082.236996399824,10.436005912035284
16.716364511079313,78.64278900978991,148.35577366643776,False,4.7814837449919825,24248.37081393193,9.464458481026465
16.383799046803073,78.41191388438783,114.11551369818382,False,3.214827301648096,25879.66133231179,9.830155818122677
16.57092061544475,78.2729518297707,105.76564578270322,False,6.238585474057305,25361.295144210406,14.93456901254136
16.528190644110545,78.15827833172823,92.65756570423633,True,5.342241646345546,22393.50743259731,9.943302782609589
16.555694837598416,78.2266425553141,100.56035014373627,False,6.703992348991785,25513.57834833203,14.813171457840234
16.413395997028633,78.37378771700048,110.76456570704846,True,5.63061388387979,25599.930326421814,5.584629370782176
16.595840925173018,78.42109408965416,121.44556004682804,True,4.90441398759606,23294.58719822917,13.867170521067752
16.44922285641363,78.30542212205926,104.62462257321974,False,5.119347708590645,25745.73018158941,9.164107405564149
16.570167833544403,78.52084654738466,130.49882623281036,True,4.80549153455588,23678.952498819985,13.589895691749382
16.550475264272244,78.22204801329157,99.88314311348508,False,4.3351736856275265,22501.336310965926,14.198456992731671
16.629763862560328,78.55298125901072,135.92351895718878,True,5.41816993469571,24320.2802754737,10.40554015930808
16.585904023724513,78.69879779133005,149.12248939935762,True,4.667810637371306,24206.8246361574,6.0274057414232365
16.775594690093826,78.56274801180555,143.3238296316781,False,6.282102107311058,24359.647448240186,8.665008079475086
16.75227358053731,78.73123488771874,158.58522304261862,False,6.472948587548722,23788.65091284338,5.713041160381155
16.528722306294956,78.25330216250754,102.07542765264412,True,4.351627956584522,22608.58343976756,13.179819007642052
16.546617219218792,78.29552885963093,106.99036610082813,True,5.766800114899604,23150.621078942844,14.79261537859053
16.354022836708012,78.35824097453565,107.91775074015331,True,4.723100414372652,26162.285551888715,11.795895477319135
16.417728140349176,78.43034184902754,116.7648349623325,True,3.973639280997606,25539.851791336918,8.814565751955747
16.867112419959312,78.57744726838881,149.48008733544953,False,6.957614170588899,23690.282521946785,12.430929450605447
16.591587569452148,78.3973064842421,118.91130534318746,False,3.952462678753721,22948.1662925801,14.969144523942436
16.641429626989147,78.26136792772954,107.94457301831658,False,5.641179978690692,22686.445138721036,9.716458680138388
16.689965404599366,78.73833946312864,156.76549545531014,False,6.0498142054858075,23864.113833561118,5.960286292504788
16.546257119822968,78.06138801374422,84.15227371832994,False,5.779616921262662,22189.014741173065,10.91994911836397
16.36949408364667,78.504233298651,123.57380785025114,True,3.3534834132909954,25458.31889964666,13.56132471628573
16.384617502732695,78.367771037461,109.5003996627219,True,4.144247158746364,25960.19347406157,11.919409262585544
16.69251676214148,78.39373904179519,123.09659441633926,False,5.733460997907354,23193.36311442278,12.934414314316056
16.43239321318238,78.38595590775907,112.49453230959037,False,4.020749546815981,25650.598846345034,9.70787742945101
16.594758972269883,78.22784990109722,102.45467849048528,False,6.873178123920747,25385.184376014095,12.746654176363599
16.485150341006875,78.51982115697011,127.75250667360119,True,4.768404699680245,24244.595215874775,11.205138428666388
16.399493833819815,78.22194045006762,94.62777749075828,False,5.208634926424827,26033.73771134867,6.754569430558286
16.794486564598,78.62512684473495,150.21084995967482,False,5.015064419505162,24192.6130791511,13.319946220526353
16.704809507304113,78.67971203079571,151.51718734913868,False,4.7259017781631965,24176.94057659473,8.453025710720592
16.768343658497546,78.6613612410508,152.47009132664115,False,4.861840436208132,24116.544217102593,11.746524303077226
16.37926247351065,78.25923645958679,98.02446366828126,True,6.668774991509244,26205.036749598883,9.290187395575286
16.51116865053325,78.47246628718355,123.63475780792635,False,3.093670795402488,22886.43612089787,14.204035498681517
16.7119122289254,78.49102757900938,133.36955722623614,False,6.879102160349369,24525.77874656914,8.752089617475466
16.432857425565512,78.41243344109155,115.25783944589384,False,3.45843047580266,22482.55684140774,6.4637256686598485
16.485717298218862,78.5483377343272,130.71737764282622,True,4.722052070271772,24353.27972668659,8.819978000557214
16.55932687572851,78.25117259035827,103.12648923535838,False,5.770380843991507,22524.206423185533,6.815774088929553
16.552022721655334,78.10714664309616,88.80096131364306,True,6.201076406605667,22507.03173703415,13.693339319402032
16.50561377944187,78.22500500808815,98.35045526333076,True,5.631938568585788,22679.213843493802,9.269783255228655
16.52106200081089,78.23833930987405,100.28186172736139,True,4.96076813366997,22602.530076482202,10.010399057693405
16.84260639604265,78.58649869529178,148.99998958462137,False,6.56138232646024,23716.08957605194,13.199449029207766
16.590530467987836,78.48633415860898,127.75614255886498,False,4.7389247823885965,24665.535455460733,13.928357155615394
16.50339121202865,78.46609620536144,122.74417438867488,True,3.9896437508385287,23285.33762545267,11.7486714615686
16.528219344211827,78.0391924008315,81.13506669685114,True,6.1233852742659245,22167.624508545006,10.802868643945834
16.545521314086646,78.29385527674876,106.78018288361902,True,5.257941759648863,22919.93017773354,11.451997120911123
16.525929220201316,78.62735150051759,139.9874074835856,True,3.5370892410087094,24306.670904865416,13.195519538777454
16.4191687015211,78.43976776875476,117.781718773478,True,4.319269256009651,25412.69444771889,8.470884896142099
16.353738815835353,78.41043693366431,113.41717945881953,True,3.3571473202736204,26118.51398239436,13.422045718988773
16.700662200428866,78.48898649137395,132.6460671613336,False,5.165075277931001,24566.735283629427,14.911549286568457
16.42832296386486,78.57508111125455,132.13247482495828,True,3.599752409772314,24773.17736883416,8.88802527778837
16.815830683522563,78.49957283768059,139.4601138297834,False,5.863558367597011,23408.321520747777,12.975592885884584
16.556590924195945,78.48239884268283,126.1345332858669,True,5.222029560160074,24487.441158337344,13.23653623262277
16.855985121044718,78.5466233115998,146.01773097224188,False,6.884312568135568,23524.6475929205,9.692891405006147
16.408205322355496,78.60805868574869,135.19361302505783,True,3.046564856944358,24694.752407238186,12.94730223577458
16.446800287129545,78.11677999645991,85.29336569196126,True,5.864445592660406,22001.756271272454,5.549813366832352
16.50856757509223,78.60114183025564,136.79710547667253,False,3.814719930604192,24806.338198057194,5.999256192769119
16.435968872968157,78.84785142207717,160.92999502497048,True,3.137918574014463,23945.884512460678,5.364155022239484
16.367408556730116,78.29621857508742,101.64562426398771,True,5.512683626887763,26301.95290571202,13.595207886733446
16.446287116307456,78.32968030978816,107.03975931665958,True,5.182861437742735,25669.76098965943,8.955300012835178
16.576335713322823,78.62479454977752,141.26474433413728,True,4.209464326761116,24069.55211683299,12.339461263119262
16.558101318323196,78.43262379977244,121.15979636003426,True,5.0293201588613226,23113.372973124053,7.958820757662089
16.36607904537229,78.39537641568316,112.0428145976031,False,3.2203634806100134,26109.86911029189,13.564479036718314
16.311108459877538,78.39185507714797,110.84073749224162,True,4.7087162370532045,26222.471737213666,8.063762294749495
16.43119504696121,78.22853539623479,96.1864171320107,False,5.307431722962922,26055.801277990206,11.889122477216413
16.411610813861348,78.21281222375485,94.00640917251327,False,6.498841397447324,26207.74077046904,14.070349681594205
16.59335512728226,78.11830108862989,91.95792770951076,False,6.388722147595431,22357.035829421806,9.164453725137962
16.42896563390715,78.33362080986005,106.97609833368683,True,6.188862005245307,25508.772136461932,13.477761296988316
16.70382223586206,78.55049725317113,138.76790225728934,True,6.6879742996386335,24128.536989174267,11.977123510086944
16.628321488659363,78.73401914791685,154.10103574193306,False,4.672333835745714,23723.034387094696,6.043175332132767
16.490265034885656,78.42630152501589,118.26450381836125,True,4.796198208714672,25178.466483140808,9.119965980948253
16.555307644142573,78.60614976227161,138.68905912678667,False,3.036785035495312,23225.16380677738,13.016327992230261
16.66291621833051,78.36960358503549,119.34815428397121,False,4.829349355793207,23014.060018423443,14.528673345979508
16.474308562778344,78.33135405999415,108.04318671354892,True,5.036378877380775,22829.945382159323,7.4124230302375835
16.789687775655906,78.7375276595457,160.8415662018118,False,5.220726443044098,23802.26342991917,7.678787257941489
16.363685524077688,78.16941455682947,88.28951169585457,False,6.8148712450634115,26138.646819018246,5.015796186033911
16.36267306391053,78.49399755786456,122.3818913885331,True,3.329013153007599,25632.23106011038,11.926874566100576
16.550426813036555,78.63633708989667,141.6304149046573,True,4.242380341081072,23980.675028154146,10.720723250239473
16.421095894607046,78.41023707789287,114.74544469617923,True,4.703885912916185,25346.14768592721,12.344308588405617
16.445717103985398,78.43217657520691,117.6320590526469,True,6.308165819774064,25212.182808539223,5.272520949514584
16.507758675777982,78.03640750412481,79.87229628060172,True,5.6126526827291645,22121.706509413852,11.64403701695888
16.57634150807256,78.30983124643276,109.6265339201599,False,6.218775616802299,25250.287257196287,11.998885907650752
16.490106627546062,78.4516554447606,120.86467793521565,True,3.4095047592606247,23053.954137530876,14.190515261261961
16.409399643101523,78.56465714004406,130.65572770074107,True,4.324433043780326,24924.114552001265,5.416314806190642
16.543441148057255,78.63170474625848,140.94525693342825,False,3.0717278058585022,23305.978708159648,11.22545149953863
16.722271836855054,78.3677367868171,122.14995614039466,False,6.694043115363249,24800.415165084523,14.481385390115289
16.3695606349895,78.18829711683594,90.39530686768832,False,5.876324485743988,26479.51271879128,11.218577396160603
16.581777489440224,78.48835102601038,127.63404298117028,False,4.44074049705125,23054.005517278314,7.346267382359294
16.769427592932182,78.66329745719392,152.70757144941453,False,5.019468036184916,24188.242038530498,9.088011647785347
16.36611408399408,78.54456976577977,127.77658060203065,True,3.0389872971456775,25417.26229255485,12.458169533331912
16.781657837569167,78.54305896434921,141.75316874611386,False,6.134042118809234,23620.704231033862,13.746219989528045
16.4917450044364,78.35673116307886,111.18909567951995,True,6.672507215044705,25158.970038525273,10.161198913480364
16.393266102596964,78.32671161380027,105.3887127856367,False,4.028860388716434,26057.24256973451,11.183398053832674
16.6295343550292,78.4778314320008,128.44110885154308,True,5.806881143036666,24428.7201353737,14.6639155423583
16.424000483927948,78.31302375999213,104.71105724216382,True,5.0497099912089265,25859.51805898966,11.541673008386425
16.453828851041653,78.22919037037221,96.95114839795416,False,5.667087641976991,25907.285255058727,9.598234495527015
16.554894725159752,78.52293458823793,130.19006211397988,False,5.2900004154579925,24786.083356720057,6.04643179578506
16.492016464030495,78.3049939652369,105.93034678710569,False,5.100961223795707,25595.93636340263,12.599815587710406
16.613617298800097,78.17547661818014,98.39479551286726,False,5.3632489945880195,22535.39904025641,14.063942252317524
16.596486642395234,78.6748376372993,147.0214235739889,False,3.427907943725604,23440.486495446054,9.091872122617069
16.405086168226987,78.43108706629015,116.56310641312793,False,3.353544411959872,25668.05687999697,8.236402282474533
16.67338970421445,78.83115562018114,165.4934401128729,False,4.2530449240993,23896.0573822329,6.252257602183074
16.453730308432103,78.48243316723604,123.05354308955802,False,3.3555343635711052,25340.11474121178,9.332137509386765
16.754070649280106,78.65766934931303,151.4641370690153,False,4.513650855683597,24111.103482592018,14.762427593316543
16.506092614629267,78.55284714641743,131.74475828978927,False,3.326318686454518,24950.449527256667,10.96371341938249
16.529811164761462,78.60498596125841,137.7969302843762,False,3.6645503469562715,24601.390183648462,9.434205849105089
16.464410223434143,78.19954906234662,94.28754480709885,False,5.8219420084909945,22194.813757236523,5.033651538439904
16.558507392703422,78.66030582369174,144.3333245715001,False,3.0965986310825078,23320.41055105253,10.001345872837268
16.61536714376704,78.31254015036835,111.60896639964194,False,5.355573027025187,22713.89979267651,7.985733465327441
16.416720674923006,78.55390427811481,129.67315292835013,True,4.396904184632909,24574.872012162064,7.164679552083236
16.760615667524103,78.62330625262031,148.4265004990916,False,6.007073661540515,24208.59873635618,8.413485818663775
16.845941366646038,78.57871762416778,148.45071783460884,False,6.204727576595705,24205.20164263221,12.928406952851025
16.4371896651136,78.31500496339996,105.27090957158399,True,3.46320239379307,22484.973442750474,10.967021199953564
16.547553545336463,78.55085028333858,132.79357180955714,True,4.598959830006896,24632.701104801807,8.14159656132251
16.585207656641998,78.32673076337112,111.66718250388271,False,4.417905098124803,22825.772779704763,13.365352859404979
16.35931032420504,78.28853931453253,100.67963911342294,True,5.550296432537957,26317.13527055086,10.511558244710223
16.367529350317692,78.43801067151166,116.55877370368837,True,4.29614578439135,25507.96135639974,11.57100917578969
16.576347246469062,78.40984763519603,119.55763615052459,False,5.586836718032231,25008.877000894747,8.89742392977611
16.683377836524016,78.26924182829457,110.86854651883056,False,6.330107244214131,22904.922395123547,13.254355440378859
16.464351123013934,78.1195046656811,86.21099155880826,True,4.343882375727564,22067.883709920236,10.160002127192186
16.71858890135787,78.59993580543353,144.2509653905187,False,5.3548393794407545,24316.535557557163,9.059243217647737
16.599945554606542,78.17902228520632,98.03309267822576,False,6.266564447923431,22476.10676643365,8.385480681031634
16.644268021713412,78.35740322582745,117.2918383900723,False,6.9333981480913,24922.140898705456,11.714588562606908
16.394133771988376,78.23229746456892,95.5675373867195,True,6.47355750076709,26279.956851891104,14.143619806102631
16.558687819360213,78.17878206784339,96.02414972319919,False,6.897893672171945,25589.471998941564,14.62219337715244
16.45410475267394,78.16112162938165,90.03651916208284,False,6.952750157497128,25936.24141495942,7.968780197206691
16.421172304844745,78.64603793336029,139.43130698474903,True,3.257705448398323,24080.38940524919,11.033198183893415
16.622563656926044,78.433824599064,123.80178044519316,False,5.388829412327519,23017.67202581705,7.126219936625331
16.396231513226617,78.26502847686434,99.0243063291435,True,3.0463664413335443,22175.28901940051,13.890137932782082
16.6180927929885,78.60414291948935,140.61457031291715,False,3.374982904060269,23352.897116087708,14.371269902574369
16.312631040749444,78.40585066615225,112.3438874532333,True,3.5979402196936223,26395.48090195847,11.106627423177533
16.76871357443315,78.29461574180115,118.02390163044693,False,6.928541390788993,22985.14651993955,13.388588000152989
16.331121329375925,78.15525949294957,86.13226133112477,False,5.6696691141681015,26475.033169217455,5.798469004565797
16.423444092716043,78.23709394896461,96.84393920236342,False,5.560370813625942,26070.036130940418,11.814153311596892
16.474857095855537,78.63674610211082,139.6210077181066,True,3.199573347241363,24450.877836333504,12.626842140732862
16.677815977928812,78.39373723126678,122.38170733944295,False,4.740122927034355,23038.229890224655,14.032571006635589
16.589990608914267,78.34235426753399,113.40923063323591,False,6.186672173375676,25085.100607575463,13.493529612329521
16.577046904680483,78.58622517887022,137.36425959087893,True,4.802156197391907,24100.41534428619,11.249754498097086
16.395737041733742,78.62235536613083,136.47338163629584,True,3.1309608760449374,23248.598794363614,6.553617858502787
16.440214361191178,78.31815139810915,105.67974489524116,False,4.4586281419922535,25824.66703916648,13.355204095425908
16.474154570994084,78.77536343601625,154.07217702528007,True,3.11924784112555,24098.822974008202,7.32543793326029
16.384676883340827,78.44760080829708,117.88146000252576,True,4.065620393188287,25492.899913830675,11.53411940729652
16.347862950777916,78.1449132379042,85.37934360390673,False,6.450838370739389,26389.022607689178,5.575984813660934
16.50607605308076,78.05603194750486,81.69131069710943,False,5.824642686180809,22048.601283569635,7.882072940119388
16.379758787170772,78.49222907096917,122.48564667848159,True,4.06523215450588,24983.830182057387,10.082828192358722
16.48755948503874,78.04826153510648,80.09756765404879,True,5.200335927011064,22138.57937283655,13.131711540700596
16.460755649119225,78.64737345063476,140.4003828252643,True,4.605834590827193,24411.08181644572,5.198994290976552
16.589735679288722,78.38554750163793,117.66945303702579,False,5.809123661292453,22891.89389373741,6.428128988489683
16.40349613295763,78.18670611408433,91.0850949254978,False,4.775647772380693,26239.634929311473,12.787468182903492
16.577324341395045,78.40314957418408,118.92659656532797,True,6.4909714701058,23022.35942233743,6.141560618676455
16.587723851037676,78.40196809344599,119.2191676557063,True,6.708987747328683,23094.90924731593,6.566460942040617
16.403533972310537,78.30892359598337,103.77127199510349,True,6.426365431629575,25862.928894003933,12.840387085987489
16.36064630831226,78.3589715828635,108.11221227397108,False,3.513700174105772,26022.712600644518,7.181602623415961
16.4114210647077,78.47083424997794,120.85910295130279,True,4.1284837913549275,25171.69715226099,10.64286599313817
16.448439774849277,78.19275888245946,93.06031238358503,False,6.618501689612243,25963.401390499443,8.335232916671975
16.364651323319375,78.22762206632206,94.39808234365816,True,6.7537907566910045,26251.061861302154,5.803851961127908
16.54589285267537,78.03302843225751,81.45465789084112,True,6.805118139320213,22342.412286636325,13.748062982336005
16.508413614766948,78.71429177990917,148.51072299591135,False,3.0472748190384187,23470.91373871383,8.073644679988453
16.45926573450936,78.43690719714905,118.47679159640013,True,4.37759041056106,23267.605779138317,9.240379069542868
16.565170735869593,78.34832238155668,112.98302897491575,False,4.75371927220627,25268.618491870788,12.730909095667819
16.534824097127963,78.3376058239262,110.7449767255878,False,4.6057651803864665,25395.084358198044,13.25475788093306
16.388944904171943,78.50551412918291,124.0508490883151,True,3.1145075117858685,22685.629297181382,6.3310868931844695
16.31658187762869,78.41516991626953,113.38082121177465,True,3.9799032294253647,26159.406189083576,8.0225661206827
16.56393182851174,78.15549980216919,94.0188863356051,True,6.780031896973991,22724.820096335832,13.073717197590206
16.537714511194995,78.04418555664365,82.0872046123619,True,6.636145422382128,22282.415681978113,11.46505624032166
16.366969050709194,78.64197252323659,138.08421898077646,False,3.520045936297196,24273.3637165161,7.041328164667604
16.443730704111722,78.55932723384049,130.82219456935485,True,3.198980497181523,24969.795329848774,13.80983502760087
16.564933349994956,78.10882298763303,89.6000917025942,False,5.8467377982695385,22320.152336444113,10.397500435833301
16.44601242456971,78.2201688274493,95.78047583773504,True,3.7047940157086554,22256.175626258268,11.484325984418415
16.502527073754184,78.32828502641169,108.65203114867296,True,4.1907405328948055,22769.41908197353,10.755531564623087
16.456543620575793,78.37328105201058,111.82671620284208,True,6.995902685735208,25306.082635829072,6.514679834383426
16.55809218646253,78.45867372669376,123.78752238524993,False,6.5323628570128225,24889.456129940583,5.986246357017192
16.30278222043555,78.49821425074563,122.04269142421678,True,3.6206924504571174,25781.190044957293,9.385793242659428
16.591465455193994,78.52174715309056,131.3492377360389,False,4.486666572149369,23202.47310561826,7.684083407344646
16.483347817855257,78.09511381070968,84.5297748529589,True,4.628952790474441,22192.229240149263,14.0586978042781
16.354093892633422,78.3168125201943,103.55548211049008,False,3.2366927506086003,22619.371588458198,13.313333765879982
16.7633922136595,78.58066912015192,144.44609620451385,False,4.957035200293921,24300.116795183523,14.735024455909628
16.45856051097553,78.47266248132657,122.16277487598006,True,3.76543449278155,22968.95166542393,7.412356921369042
16.477408771926797,78.38965607202563,114.11661725879391,True,6.268348115289302,25102.8278856211,8.821938631695481
16.438106880238745,78.30833272618129,104.60727995227353,True,6.549015675251633,25637.02683278896,12.21324836683525
16.316538709349064,78.32051296293179,103.3485255171679,True,5.482157178996776,26483.514991396478,8.504571589954587
16.59103009562695,78.59604027824577,138.83624358280707,False,3.890186391000219,24519.27691258312,11.009867480346431
16.696223737415078,78.49183404774374,132.7170736926166,False,5.084393007365765,23419.072904635,14.169630778024558
16.517971923588536,78.10820590980697,87.30794868127116,True,4.686869630959134,22240.19625630541,14.167506240188093
16.333143823876252,78.29287287908232,100.67271434215169,True,6.697654716709477,26345.583538217703,7.619510357384373
16.66595719898626,78.46783502676954,129.01413602469643,False,6.734377606835478,23111.33218825941,5.689638617293954
16.566702465338597,78.26909059623142,105.20476193280138,True,5.163793359129029,22790.28687095885,11.856803910458733
16.44313653880247,78.14436056713758,87.95982041790859,True,4.039928589155659,22133.936225991565,12.046285630036753
16.609525875458573,78.69335009906968,149.33760385608846,False,3.994891968585175,24346.962942297192,6.962549481015236
16.42064412609514,78.3288824102686,106.26973483080374,True,3.7805488911371232,22636.733736770886,9.201337392607982
16.5241137475056,78.2171792004606,98.2986803894818,True,4.782696903813294,22451.954127335815,9.515760381371049
16.58522868994302,78.55457881084642,134.43793487743883,True,5.891578889851029,23933.260453508396,11.42514392165601
16.38578511473011,78.60121809960923,134.07520789989636,False,3.1360893577994253,23815.45105047753,13.8307359234513
16.375083306224468,78.32450980372073,104.76888513083468,True,5.853678123147432,26105.615068071773,13.798883461832105
16.458417754985472,78.30201887851585,104.54856272589184,False,4.265175886648517,22351.750373283205,6.125161264863435
16.534854711034917,78.49316570234335,126.4994948922681,True,4.445606545319945,23504.860832881932,12.342076417242959
16.577725200740293,78.4370901792316,122.3363093790861,True,6.9982636704215215,24574.90844967048,10.113881903232649
16.394054587047354,78.52726436719458,126.43340679796118,True,3.7426923909871967,24573.689042477807,12.282331690744066
16.5567391871996,78.51659787480439,129.60807654481664,True,6.009138503542516,24711.250155761845,6.041539367599916
16.502012613753834,78.4449175214536,120.53069475346902,False,4.5644909120952475,25172.400739253044,7.4167334103644045
16.376096169474295,78.20788998655203,92.59103437074354,False,6.472535220580896,26323.54284593242,8.194396199206988
16.629991665562702,78.26257925152463,107.49046053293095,False,6.205920880889148,22675.56872635501,7.936978889761637
16.398718932955838,78.22918476243369,95.35973356048237,False,3.7966463226281664,22410.61725844571,11.63368439044549
16.415150180243536,78.56451486010353,130.75440595803818,True,3.0407536946070657,23345.928700006807,11.127167017062487
16.466016147091047,78.18318106141113,92.68613187600563,False,6.954255161525188,25919.262235716305,9.44926766916467
16.527550102700104,78.19309186119268,96.05586241107488,True,6.963507022870916,22555.857080031812,7.148079965841383
16.516111646050213,78.55857577770826,132.62304934029453,True,3.9772898662780123,24355.72982214152,14.553063697894334
16.578512039511555,78.53563270824255,132.28631834253807,False,3.9980279213469845,23192.16619604858,8.601983163511772
16.514243699281618,78.39585539682534,115.91179147139874,True,6.084876145707871,24776.006658131173,13.5680082613921
16.506256087058357,78.31203659173896,107.1350555029538,False,6.217559967245548,25456.722917706364,6.546799887213092
16.692414870365276,78.62760665472926,145.85150586627884,False,4.755223085228161,24224.359409089087,10.74230638885693
16.549178335745733,78.32064536759964,109.59420592369464,False,5.932557727425825,25310.509976611553,7.261862755196007
16.44441467712956,78.24929503150085,98.71444947386101,True,6.82022733094756,25888.468260138652,12.767012803216371
16.771317267193247,78.41822686779551,129.48624576145843,False,6.217761557246914,23221.738733519338,11.914775719970791
16.703854227583953,78.82666578646567,166.1393617580371,False,4.790363684863648,23977.170011403046,5.176781547789258
16.62740164118674,78.42015598951379,122.66029215056062,True,6.462228164272394,24616.140503944152,14.770881902934423
16.467861205329772,78.44148507755779,119.18345392938208,True,4.291615301598288,23330.899386187008,10.598966484713847
16.564401368817865,78.61145341917641,139.51882306519644,False,3.2470794282798887,24625.651115571036,14.436302549394998
16.348008363487242,78.5735498846736,130.57495622372537,True,3.02742570324142,24966.730079189776,14.019702516776364
16.4129116883188,78.14292836889788,86.84480205791678,False,6.180379604292211,26278.67743490159,12.468690884199226
16.395901417635727,78.46805767134958,120.24850094793803,True,4.007896660761214,25188.849010778144,12.72736353714139
16.82678820638927,78.74421477791262,163.1985166112435,False,4.624640507648237,23898.699194436675,12.939788263828675
16.54271246312244,78.21650214730928,99.00488656375538,False,5.789378807671584,22406.237582560367,6.545758903925549
16.321285968336674,78.3950217380992,111.30527418354879,False,3.091579189537284,22591.00678314713,8.292003569215103
16.418590355380577,78.30701261533359,103.9471293778683,True,5.058741309855902,25913.877767848717,12.385385032062253
16.375347897224284,78.33924207438442,106.31962618994514,False,3.4848765709596368,26152.706582101084,11.028672728739753
16.31166606824228,78.39027885886952,110.68031080332483,False,3.500332517062714,26032.31028812051,5.227455337770426
16.650153052869648,78.31658401935856,113.64326240015693,False,5.28191581282014,22964.000895853656,14.689237126738387
16.722817151692237,78.52037623939083,136.71447266968948,False,5.922556401078133,24309.813744539108,14.99916955547596
16.607288610992047,78.7681973860042,156.88886023436498,True,4.446270603797786,23973.63781320898,6.234421975971463
16.46590210701223,78.55894041013647,131.30776230532388,True,3.8573276234126848,24699.230808302593,9.602081959761392
16.70659252190443,78.72624083637626,156.20758627133682,False,4.8734694972689,23677.356928351306,6.3637270593356545
16.36895017923494,78.23879269384557,95.659732438842,False,4.638756441312262,26361.279805436185,9.13947864868221
16.83014705845631,78.71601408487899,160.646610216158,False,4.976478177973734,23958.968063433043,12.208651594724266
16.37187804668636,78.32943017779853,105.22045713119849,True,6.7351710934299085,25867.183711128342,6.657200034559347
16.700270940794322,78.42838178401772,126.78982719192676,False,5.549247657584833,23300.506873264236,14.24864352202275
16.349372393865647,78.29993924985688,101.69385572655759,True,3.382419037616267,22056.493931760222,6.2990898076183495
16.521183742486553,78.55660162958682,132.5691845058937,False,3.491949645302566,24808.053266785144,12.580936255102358
16.505139784479308,78.58166498381078,134.69104428484943,False,3.125401720250343,24852.05678544988,13.453946665876998
16.750810530282457,78.55742592341856,141.61013346570317,False,5.422436921282628,23469.833195519455,10.043285559454398
16.643808479596903,78.1343521362389,96.21150082434839,False,6.0897736725273095,22483.94795602738,13.243945022201968
16.569367783431755,78.29814444889928,108.18015633203534,True,4.959323200424512,22914.823894036395,13.966405159772942
16.476740020276498,78.46003159763289,121.3447103810763,True,4.638281216820376,23321.89898778108,8.33218727989753
16.72278148823682,78.40587869474257,125.76911231693724,False,6.560894763132535,24732.75822265884,12.002348702018134
16.602234009508695,78.81080777997674,161.09085593933537,False,3.11780163502044,23945.57266891334,10.824692496081498
16.47473985868115,78.34742926390363,109.70301704556366,True,6.870225355566527,25359.490968997416,7.419881998535036
16.55872861747173,78.51604215157583,129.61894066116122,True,5.566782271554721,24683.542774246624,6.963552740370882
16.597472630869486,78.43385740876383,122.78021154399752,True,6.302925004278839,23621.692374463833,14.639295806548859
16.50604227016333,78.36517509331115,112.51797279798087,False,6.078227019437603,25324.852956608862,5.694244238780685
16.38922090941739,78.16397034371415,88.34836001450691,False,6.539898392646018,26350.745319038928,9.218585313361801
16.55904556756492,78.63298720359543,141.5512748186235,False,3.416445446435471,24450.007114852517,13.007791405352071
16.390223043362216,78.41828254305815,114.91182323829177,True,4.280170687044171,25600.207161539987,13.331850054859382
16.588051131181626,78.36309906376441,115.37674417299995,False,5.391634498681167,25137.407310595976,10.542683444340133
16.362469163050946,78.29426830171718,101.34287983091122,False,4.172071148189495,26383.63799186331,13.943381548553333
16.560267649187644,78.25024739522215,103.07590275643305,True,5.369574078492798,22704.029941642984,10.272431644108558
16.62087723510251,78.60813024396982,141.11750383983082,True,6.604232220901162,23954.107298485942,7.987776795228619
16.389306772278594,78.30553318819194,103.08712558472868,True,5.6927812232248325,26085.404680559,14.134763507656714
16.641673295814833,78.8295364977064,164.25319355207014,False,3.246689251055287,23897.096693833566,10.376949929361501
16.38485688639517,78.61119571911846,135.11206238949808,True,3.4924641557482765,24544.3069252138,7.88949466660646
16.63131350575126,78.33823151652064,114.83457746954215,True,6.894049304056633,23187.685294077837,11.080205350525834
16.459816695234995,78.6810949016731,143.90242588318102,True,3.2817916389179,23342.567921055488,6.117507895871521
16.6298006122029,78.47119726847714,127.79550333860108,False,6.369880864350792,24632.735354966,8.857239696620466
16.671094043465118,78.4298435762903,125.5498042665129,False,6.946562128788846,23128.31382602863,6.722694046876827
16.479254227630125,78.27527066974562,102.48029862154847,False,3.6487490964634497,22341.917767663108,10.106201408551312
16.61898144110593,78.43214292001875,123.48599531126867,False,5.816244760858606,24869.473978910646,8.696106064081734
16.59343905940796,78.515596809009,130.80306351041963,True,6.232099222833826,23586.663690839046,8.191520541537006
16.671986891499756,78.66326039891851,148.57183381944986,False,6.805748685517132,23635.181415742634,5.26165515696242
16.75275899960709,78.53824412651166,139.86331024635322,False,6.37238126954337,23361.576785752703,7.061322722951907
16.526069647841577,78.1320314964519,89.99550720452744,False,5.9950397149043235,22277.255923025026,7.723160875796397
16.70933830822174,78.60791839293879,144.62867356431585,True,6.081438025798665,23780.67383119248,10.057217392839771
16.56058567898314,78.16804374173927,95.07167689267928,True,6.11245453780915,22642.943908668793,12.284289830547847
16.443493692143516,78.55125521215483,129.9741971471659,True,3.364450898712222,24851.11996508867,14.44179207771213
16.677093005468326,78.58950246930875,141.45036266274724,False,4.351133762003682,23435.66955957688,10.191173844530605
16.39167567376591,78.32864567560803,105.55536183823372,True,6.4206417737762465,25792.137700492065,8.52284234932211
16.760226221064585,78.6495828545382,150.95601585247468,False,5.951603307340511,24132.830622014128,8.317107101058557
16.42436907787114,78.33380618663395,106.87603472532204,True,6.806386371336382,25638.292290938516,5.039398700545964
16.611894413843437,78.24611962231353,105.03192701591526,True,6.365004391284183,22863.12672325298,11.680027431517964
16.41350216240181,78.36666358261951,110.02455742401042,True,5.608149318032815,25529.735747970473,9.856622465956784
16.489199977904896,78.39581814256314,115.10595888720269,True,5.13339522892095,22785.969647945785,5.529634319666834
16.416044971534525,78.20812091977542,93.64604061694185,True,3.4313550599165588,22061.57658374432,10.436446577638627
16.740546023980396,78.56750235266983,142.09619327511845,False,4.7352793273689056,24376.571506345943,14.904398539511037
16.70415213296287,78.6997114810991,153.47373927983608,True,6.847788764103809,23855.036107390315,6.288572126161251
16.52609790782992,78.53762285440456,130.76924104184016,False,3.185676866938721,22980.62300103181,10.09545010483766
16.408761478111067,78.09538295367751,81.84324281564058,False,6.857184796541604,26268.109942707597,11.32669374248492
16.520624577525933,78.68060666760427,145.33899185792058,False,3.375122798681023,24595.92608667472,6.684666092295802
16.40479394785191,78.29878597885902,102.74630450559573,False,6.0622259145803294,25852.726353039667,5.201316260408621
16.376893834336087,78.2975863295169,101.98492042046459,True,3.5189579811873686,22235.99115099378,7.308469797654417
16.56335798852398,78.38227316782373,116.30048308969315,False,4.2652234705784835,22742.995894785607,8.28478471765985
16.542208965800462,78.55581459316637,133.13095389137348,False,4.225112751884069,23097.8529759048,5.881579553504695
16.505912742760096,78.25315773688318,101.18566488577225,False,4.420393106164518,22423.91863006979,8.468072346992024
16.326371645570017,78.28099862001638,99.31150693743754,True,6.434925887854895,26466.770819457743,7.825235646364035
16.49352395002569,78.81306762510096,158.4399018130784,True,3.723525732946783,23836.611874869857,5.172381873685993
16.550192948104225,78.21142747819972,98.82857858308878,False,6.485391164947956,22439.15568801935,6.233125914759143
16.50882958908725,78.60203585465322,136.89666558593527,True,4.500083466462426,24011.341642970587,9.589520562107227
16.2920973394204,78.48740014705638,120.79012589836209,True,3.2861593490328307,26344.947963159186,13.891682283772106
16.595030478001497,78.47031209784743,126.32195471852559,True,6.512598234847815,24663.151075940496,8.071018484654218
16.392449918137146,78.25967993985266,98.37616965328516,True,6.068546491206807,26228.943723522905,14.440959226085692
16.55946589189564,78.2355054653739,101.59375481124371,True,4.78858716740695,22638.937249257247,13.253354287117006
16.547278208642595,78.34431037523566,111.88609650605784,False,5.61569772836437,25228.072764053763,12.828129586125712
16.445247874247144,78.37360695662713,111.54968316476356,True,5.709000076321243,25211.039969535203,12.448814707667369
16.594299569982372,78.53844462353614,133.13363730649786,True,4.5995304363327225,24420.72345217363,13.839255916211924
16.5663665141692,78.54178333908318,132.49078761861,False,5.1931860268383065,23109.97619777856,5.032085184096875
16.775065161104546,78.77773626838858,164.13037320187684,False,4.615111732153288,23896.567364893253,8.851094310405465
16.725298391001008,78.57312791078127,141.93853148881902,False,4.915959257876107,24337.09979155758,13.528700348555635
16.39249768551124,78.33374815555261,106.10696329333472,True,5.813325588445745,25880.192204044175,14.85993687395734
16.471857414995892,78.48865291394937,124.16947326543426,True,4.6602096973251745,24433.658052302802,12.805820577179027
16.477741129120897,78.29555323391422,104.49535656718318,False,4.616269271834204,25650.952857635668,9.505056518948582
16.763724934441598,78.5762849908163,144.04102828040803,False,6.0872665333428335,23445.159083426075,7.242169595519428
16.532341557185397,78.60117779144488,137.47986811655608,True,4.1690019174335955,23455.707641750352,7.224963006662655
16.4925835314569,78.53863197570756,129.90001766042678,False,4.383369377947604,24976.990487269926,5.238921093765374
16.32806022674842,78.31755382264393,103.20112236289073,True,4.710713468916977,26477.47038739521,10.065227084266265
16.456567374163765,78.36384662565094,110.85424989358857,False,3.911396767223154,22469.147008368822,6.293774269134827
16.463345633900524,78.19916508497076,94.2119869351223,False,6.4839545023342975,25944.597027229967,12.623376812286153
16.549635794022684,78.16697872805801,94.46327956204424,False,4.600739782832484,22386.77915222065,14.072031818070558
16.40390497053022,78.26405478973071,99.11280114243107,False,4.313274790099259,26190.905209950244,14.934037061818188
16.443084191810396,78.667125569111,142.08263859050618,True,3.248692258420549,23959.386689455572,11.47179078476012
16.61940871581902,78.82083878626531,162.64966659412084,False,3.8945171065531565,23946.676625206965,6.4084761512701345
16.57957978680106,78.55711715935865,134.4979538708876,True,5.4150997036142225,23949.95658843327,12.68435683311483
16.587695069793476,78.67775238425203,147.03151513018364,False,3.1928492737948098,23546.016003182394,13.139680813419645
16.64169584486169,78.62148965299708,143.23296384631826,True,6.885298589658661,23916.54474075754,7.862661087737138
16.499779111342075,78.19813156741422,95.43760696600678,False,6.9828619378218,25710.56531709648,8.294323955951748
16.506167628937764,78.52545079162715,128.92530229540938,False,3.5648246364472955,24949.52559606666,12.191521259451385
16.349457193665618,78.28041444235913,99.63991621969005,False,3.201273006175505,22390.746907904275,12.620873195666318
16.717704589664525,78.71806258106436,155.84273416165524,False,4.679172557641474,23651.337284153225,6.847240548341233
16.289489297309796,78.44065851873393,115.79447039856514,True,4.063148008685883,26126.203652279564,6.071737031749614
16.477285070183413,78.42925484708203,118.18663387157899,False,3.6612142625371766,25395.02767611015,11.913693076117015
16.345815990361064,78.47751160887869,120.38017944512787,True,3.411564474507685,25782.72949818947,7.949835429962872
16.32567287616796,78.37770259244941,109.53032597080292,True,4.951308292977121,26395.530932598445,13.099185138205593
16.34543607326719,78.14495643070815,85.33282426451868,False,6.507268808122953,26294.656781913498,5.429858818858589
16.744876953048003,78.58284771043544,143.78149458782204,False,6.943896674255536,24274.813046682084,7.7588678174962435
16.485104875801134,78.4246845064196,117.94445471224397,True,4.35522506875334,25228.214422822253,12.233859081869888
16.49603360347275,78.49828217763115,125.83531635624406,True,4.5871030045339936,22993.14858135179,5.451264225953176
16.700699255376943,78.67066721206787,150.45335094795416,False,5.612716725195819,24195.011267738086,6.626383035644543
16.51585884614,78.39574874626403,115.95477633911928,False,4.536379709514601,25289.838896124813,9.288257869917853
16.513848175764135,78.2164387178153,97.81438068596428,True,6.621773449513011,22542.343835976502,6.610878795281381
16.722910177779475,78.453571899542,130.3066519348527,False,6.172635175477502,24663.839778270198,9.74985390815499
16.418386007613435,78.3933222975101,112.91845494794686,True,5.3634699626534985,25302.1979964643,10.48035473646382
16.490102154552776,78.22702339818579,97.97468744758913,False,5.635890218405375,22301.45242745667,5.4074985923128445
16.639465824989454,78.38524942654058,119.7744979897199,False,5.851209076165357,22923.344780125324,7.070198742556851
16.53053632475718,78.19699818629267,96.56689396860551,True,5.643414571512987,22512.005789994517,8.796182491647144
16.488156796985088,78.61118428822425,137.29404078105625,True,4.403794659916597,24490.729377438773,6.4401461792663195
16.665433468035896,78.78057847727202,160.103493581681,False,5.162827041221892,23910.450450114637,5.904531847117318
16.74230181014641,78.72765917146248,157.81024223627438,False,4.182145034451972,24066.12054287458,10.678596501531494
16.376334170740073,78.26394026104744,98.45140951227097,False,4.134905041806503,26321.017408973625,11.507547136452697
16.662773315542296,78.60619271846588,142.52397112607662,False,5.696252531813801,24452.117386636655,5.829388503203833
16.32039281547079,78.37961120182246,109.66063171517953,True,4.709396513894307,26417.486442318248,12.25787774737483
16.541331499341844,78.2497692550794,102.23290695845193,False,6.363045611762297,22495.710908637117,5.808708129241726
16.43273726713404,78.4973611616418,124.10328562601785,True,3.8802553867437086,22937.199717859756,5.8513573116266855
16.4564736753528,78.35669909421836,110.11473089020113,True,4.04334374674551,22953.859337175978,11.451270086151919
16.628549059399738,78.10144413482065,92.33147139681562,False,6.4601371317034015,22486.855641977283,14.942635954905318
16.31149791149958,78.40881313013196,112.64454538593144,True,4.432289441055314,26350.669028113865,11.797919270125748
16.468991731069035,78.33522734864675,108.27629441518071,True,6.889135129228999,25469.893800689773,6.105911068157173
16.40793893392188,78.52706728932976,126.68099450441349,True,3.529120593388748,25171.64339896901,9.570242195960653
16.657110354496034,78.51183746091432,132.94872960003406,False,6.428600951751077,24560.494021983788,7.512548833439449
16.53162815844448,78.22256572709492,99.13967186098412,False,5.209874976821562,22440.705395675595,7.792100121443256
16.43882138532599,78.24564449236901,98.17124337861975,False,5.146718725489218,25984.35948859313,11.947542842837239
16.52997179908513,78.11822714803647,88.8271177461975,False,5.133682534262647,22219.466337837195,9.894158810004665
16.5040280799632,78.35640929330695,111.55930641823679,True,3.7297032935198144,22733.52100195092,11.920707047007465
16.693570453912425,78.5073699047138,134.10541892941666,False,6.102189453168523,24469.56838480184,10.448530658994452
16.632628873986796,78.6408071737336,144.83517751992898,False,4.614309062294046,24390.57395059764,7.0477371703125655
16.37521369631146,78.13143803141479,84.61086522894095,False,5.505024908541367,26437.279254417947,11.609006155123868
16.55838419599514,78.46223436065603,124.15758339024605,True,5.566768911148469,23659.053556789204,13.68575819077144
16.47663951578236,78.33578067880045,108.56895058149162,False,6.470755847664169,25471.55479665829,6.034525536152571
16.60034122330608,78.03793747493762,84.91909882146497,False,6.707001341514948,22281.782928380297,12.716962461177106
16.490555336513577,78.05775034260247,81.15838028538379,True,5.148876246268186,22158.065040273534,12.958147096533878
16.351224783771933,78.37371080882238,109.50090512493341,True,3.824261644546996,26194.574102054168,11.840120597797668
16.375358578023825,78.351405242636,107.59628239065977,True,5.101486300804247,25977.72693634336,11.397184436322252
16.449899110536467,78.13570259106379,87.3161090120298,False,6.996415013143061,26050.25508444809,10.139689760584176
16.568163187774424,78.32591090177023,110.87693401314641,False,4.1684558288529185,22675.96104329514,11.11440402170843
16.67746628736611,78.79870052913728,162.3617368153584,False,3.9458509493133183,23899.03912754975,8.45146053505685
16.514642609639115,78.37800432799806,114.1107254468018,True,5.961197693324087,24931.729505552696,14.82909468766649
16.554528452411663,78.3757900854438,115.31518371362722,True,6.562052187202932,24917.352529505155,12.543608063636949
16.611172248764674,78.69073278968735,149.1271921620415,False,3.7812653310360775,24186.53182450368,10.125847434346689
16.471673561497347,78.37510810298696,112.45140093970579,True,5.85133320088002,25091.68287842103,12.821130378968329
16.516978542487614,78.28196086660039,104.49107855790314,True,6.814054400507221,22633.635999181366,5.558472290327297
16.753368608218466,78.62878040293613,148.62329606639642,False,5.253985523892306,24026.002927354115,14.865669256833302
16.504051026592695,78.11307375399684,87.17376793153267,False,6.539275668892667,22176.107517497207,6.426363368674851
16.504898359947695,78.44465672827245,120.59296452982167,True,5.73661190031325,24553.506172383546,11.592731086312437
16.59256121259294,78.61554979357791,140.86634910169786,True,5.670718534807689,24298.139178121015,6.390945344278833
16.360927685610502,78.35755081606291,107.9677584532088,False,3.540887023022361,26115.658050838087,8.281311542121673
16.461722341575154,78.23491886745475,97.79191730299608,True,3.905305663997077,22346.940526356615,10.599096562345519
16.263235075180933,78.44812831463732,116.38391759846843,True,3.95959582459623,26348.245630611098,6.525067226125511
16.360885622685306,78.313981103523,103.3837026374414,True,4.487217747982356,26259.782874967263,10.626061919520671
16.360647684787338,78.45384025493011,118.11079411435477,True,3.5109944332237726,25788.531580084717,8.094766532098404
16.359931620705375,78.4453704803171,117.2053468738438,True,3.77925721429182,25790.008322974652,14.711198406932471
16.565531357700646,78.3239838649985,110.57865703033511,False,6.270537978986197,22694.10382281268,5.7543879908366256
16.334966683329817,78.37623095692264,109.5088059885393,True,4.051330481612975,26354.072485513992,13.777048149044278
16.563472178697147,78.71146837635966,149.73299371356362,False,3.2350840074234526,24415.834477187767,8.652111649702375
16.37931680366907,78.62258520499557,136.2239832986295,True,3.679181890333086,24844.03084125577,5.409325917248726
16.450255378806677,78.4222160313532,116.71647561461106,True,3.988306248898501,23312.24094098593,13.433719272810558
16.364306595533634,78.60993868681646,134.65736484017918,True,3.6167441103611258,24826.49416607957,6.018848431134357
16.42649645553149,78.42730920419292,116.65235074994925,True,4.325885920915031,22706.63487180407,5.22744246912148
16.650180326731245,78.70812207209465,152.25047334198297,True,4.184825737976185,23865.781298242822,10.826910756007516
16.483038886598255,78.3249391444061,107.66425152668174,True,6.129764627738493,25423.14446042622,12.342524993721941
16.530908682399527,78.42391275461604,119.32319649925684,True,4.647153590724608,25053.965062645933,13.390256460061737
16.37988410539995,78.13662168948105,85.26871833712336,False,6.031291678052783,26309.66691324584,7.975660156646031
16.651706397511205,78.26746651032833,109.04362977262693,False,5.861945567177598,22711.576422315353,9.303566005544823
16.646843947361553,78.54825184966914,136.12782891758525,False,4.346647383517444,23392.677930628197,11.14823873909661
16.34976898955281,78.46360572889975,118.96911781035735,True,3.9977897866052503,25619.582195345654,8.649687322383123
16.72997336977356,78.36121648780124,121.94835769209207,False,6.861466219959718,23238.635647159266,14.396180216267036
16.706098236459564,78.47953011282576,131.98647776671538,False,5.633238681480212,24622.727361950565,10.75832174483927
16.340643131839688,78.32817576865217,104.52111859760359,False,3.4136256803794844,26269.651546985628,8.100798198931887
16.67964779285595,78.39443363992257,122.53666541638682,False,6.072148083707997,23224.89028072235,11.706605612028339
16.56361689625323,78.69556900077363,148.10485377589765,False,3.119228781742337,23587.136571798834,12.211722600762615
16.650480757871726,78.43344699557066,124.96846539897918,True,5.470079893989086,23389.527107960603,14.775526108110764
16.58357721688513,78.12103557633665,91.70572099550893,False,6.4830214917927,22358.882090784267,8.832807539127204
16.468040493209603,78.59132680169539,134.72881026811376,True,3.206939281023912,24730.74021847768,13.56038254545662
16.63287828084193,78.42225978694674,123.1025473326071,False,5.235740896997756,24900.131520745053,10.912614802941407
16.451761720752316,78.58802733284884,134.00100078456282,True,3.2478308694546025,24877.46309336714,10.036701499398974
16.71852605046963,78.58694971221465,142.979895225319,False,6.294894017960859,24108.64581210618,10.86764626050055
16.73483755911771,78.52346712870202,137.5818175866064,False,6.09576931370136,23635.70671012955,14.306551568391972
16.539436469189038,78.37086182419105,114.25990592068274,False,3.596994432010546,22692.10420802154,12.571441525238845
16.469593898887698,78.48953662965894,124.20062547245959,True,4.312229990930753,24596.9355049278,14.231413621718872
16.452774436490735,78.15535836997597,89.40645620649302,True,4.0906903119167595,22174.14409056796,11.628058079437336
16.62660074076074,78.40836351905828,121.4671078436495,False,4.9686562031957635,24938.23603410015,14.15494219196376
16.64659702068718,78.60950530874022,142.22069304569823,False,5.125983774422257,24492.799192238846,6.065779140743892
16.41229242630033,78.25825158531724,98.72681685158842,False,4.1069350995723575,22146.497352355113,5.830425165719348
16.62033451830108,78.27075926229227,107.80487693026315,False,5.841181970113087,22759.805213997966,9.671247791681537
16.41857612316114,78.4192920378361,115.63102441381984,False,3.7760020134315835,25604.902123489668,7.422296780307391
16.450564437537267,78.44799815485511,119.3981090471677,False,3.2013942453242437,22662.135426540557,8.371236033022633
16.546837784131377,78.12034859577325,89.81923551412574,True,6.23084633046556,22352.144454230238,9.008040272101852
16.5279327794313,78.54320679363738,131.39763825394252,False,3.642073513181236,22999.67922938737,7.058400033608225
16.756710424358126,78.32738866867201,120.29935694233849,False,6.815130579096631,23084.070670495512,13.555195540941531
16.341716151510727,78.32247838425906,103.93760249491397,True,5.719680906960512,26334.937193264363,10.31223734419883
16.744933581928045,78.76387872571524,161.4946544790548,False,4.4085657293605856,23966.57520175581,8.980387049979502
16.608254656536893,78.5228927018867,132.08937220952276,False,4.0010537340358,23183.582391456708,9.938920306746535
16.357042101951397,78.48086567674406,120.90551202358407,True,4.725085185756773,25426.272490998468,5.068235831578125
16.476162773831806,78.69891047154499,146.13053634609795,True,3.7631705038784546,24074.388016173994,7.1014353437446545
16.59370593877952,78.5426256499353,133.53336356341975,False,4.263895520269507,24508.15169568424,14.4236460592182
16.348970983824568,78.55591426507164,128.7211960773387,False,3.7660892233804995,24905.132861515136,7.308193064556033
16.346560283881058,78.47614342480757,120.2464364416852,True,3.0788022240872723,22423.851530650754,5.30974404817774
16.446804584587905,78.35051596531093,109.20497296445696,True,4.908829317495559,25606.53418674895,11.668528249555465
16.415752291894147,78.14923047617165,87.57750028633684,False,5.976479844226561,26262.550790744383,13.235046518107037
16.605877405311446,78.2137871086022,101.64179988981299,False,6.252157018326681,22628.88867525434,9.26307735383558
16.525130750157054,78.42917402272955,119.66323023124689,False,4.143301202198405,25183.196398060336,11.989258289784406
16.372992749507684,78.24538862809493,96.43782774679296,True,6.322342047684035,26372.227301101626,12.36002720848977
16.615984816697292,78.4143509061802,121.604231974091,False,5.9036821108194,24948.370945232113,7.756068611048886
16.568195482519705,78.49139140706434,127.45080644698886,True,5.8256488359944285,24305.22424289135,12.081328490025147
16.480061938860434,78.5044774139739,126.02772755635334,True,4.865472185847268,23138.951227241545,5.489119155109393
16.340681134402853,78.31972132574714,103.62955499711342,True,5.119189143870257,26469.270683387396,13.249408844647526
16.293841498041136,78.49805512377094,121.93943967818483,True,3.51168488090239,25997.998180828334,11.637004245318145
16.506580584609996,78.2833339574011,104.24768726221394,False,6.4281135050086,25519.40014331484,6.947518945711248
16.57852270178035,78.1958045602591,98.59599126351519,False,5.622861960990303,22442.967500431056,8.323355545656419
16.434668435624495,78.45828105942658,120.07356132494975,True,4.478249924592969,22886.554600137282,5.299393581309099
16.56246009131965,78.75161175737924,153.8317255920367,True,4.589853014126737,24128.401738490647,5.130237831720136
16.61379344760618,78.35702132078954,115.87569608021708,False,4.69953862748687,22797.98542607877,9.269902901674044
16.502913381151412,78.4644158261721,122.55732417661238,True,4.672430391984912,24741.245724161075,13.926063761793671
16.500772586188376,78.38899955400232,114.77277861454643,False,3.6863722293007215,22695.23086329393,9.198044657764164
16.373520014733362,78.50563948541976,123.78988288811851,True,3.9173999510470066,24980.429507109944,9.954746990168431
16.40238895999659,78.39053416598415,112.26221530587736,False,3.657146540298332,23036.686711826635,11.449258420483405
16.551600829804197,78.10664209312745,88.73204649822567,True,5.892724039722577,22345.54138079858,10.841165765962291
16.348668875092528,78.73164835659577,147.33898964355424,False,3.180779686765045,24078.92677261498,5.977626136099765
16.46559082324286,78.32245267501713,106.86259666839341,False,4.727947150875071,25668.384482279205,10.90708349865313
16.411710838487657,78.55269524930631,129.44551121465904,False,3.1727659142429285,25237.62713143205,7.910489173552393
16.3618036870445,78.60845363411654,134.4636478236852,True,3.57907688592815,25010.348706672667,5.337482587062093
16.50460287586105,78.501812439113,126.44821568249382,True,4.614499653327366,22967.903077535633,5.288554909877944
16.543183049886945,78.49284106981979,126.73966686441364,False,3.9577702271915576,25004.355358059558,8.774480140882446
16.45946293783286,78.14843260854475,88.94226861457562,False,3.749415623921933,22085.526352246332,13.355833564416624
16.32288125854721,78.23065770850896,93.93857386203031,False,4.817230306278253,26234.50232680674,5.266087617152251
16.425345528565156,78.28560760574902,101.90794352862008,False,4.433287031363772,26008.85711709552,14.787606182942895
16.46848491791532,78.35786921722526,110.5852301977769,True,3.7785065693414794,22577.6069885482,8.13763946939611
16.367540227224858,78.32998489525869,105.19331483595923,False,4.117786344137166,26104.600408302857,7.279570827495526
16.491356934923537,78.43998031644979,119.70178502687119,True,3.5681997505948555,22912.013618651057,10.18556607522461
16.693997114315753,78.66103262143125,149.2256242649628,False,5.386431358817258,24325.707402498992,5.763517361018867
16.442185945120556,78.32073693666403,106.00170495826634,True,4.753200262296424,22615.221920364227,6.369520854596116
16.571860594318995,78.35288653586798,113.70422808715624,False,5.148267077518542,25208.433701916852,12.280053150993652
16.534996403687398,78.28907749145641,105.88992516418172,False,5.292929209528403,25469.81997027717,10.970308804054957
16.541434513165928,78.35972616158176,113.21304141670299,True,6.468571472604925,25154.489145428164,8.994935718475528
16.51308373382604,78.29341321216684,105.4993944267769,True,4.390931264578267,22696.509749852798,10.899421528637076
16.73792100336191,78.69975848732476,154.87781947213404,False,5.2375862131238184,23771.058791403208,8.105636897883091
16.369726104285323,78.44975384917356,117.83445949622511,True,4.194242796589895,25440.676704215264,11.041223879842388
16.709978945396344,78.68617986414588,152.3692909951964,False,4.172583254699017,23676.963711847457,10.772599073988195
16.571717353083493,78.23604793244596,102.18763846370095,False,4.603142917257723,22522.377123449427,11.60176872378559
16.45931236517444,78.64238597723327,139.8470116455973,True,4.410567614202096,24429.446663026636,5.519438381148554
16.62306702005656,78.42841543691851,123.28939052349718,False,5.750929279372477,24783.413432158333,12.00883830505694
16.374655719241886,78.3137202717126,103.62876368940472,True,4.692551633730335,26145.373283866156,10.107285568396147
16.409403238001783,78.36756453736324,110.02218714628064,True,3.2001438632512023,22751.309754398048,14.267819735440154
16.290908702150077,78.48308375396061,120.32018258326862,True,3.0009938747459137,26415.532649082972,13.430954201063761
16.46179667559075,78.16596585384036,90.79646323402454,True,4.694407588573146,22320.81128770722,9.911371911629637
16.656131821556244,78.54386664136662,136.07123874159862,False,4.63944512845298,24542.034858666415,11.343111487318591
16.59733781040048,78.47284379872096,126.66379854929906,False,5.384195712038753,24734.23803666669,9.67294547521713
16.712200258898594,78.63928160930334,147.83332015550937,False,4.36307926668764,23589.721917526018,11.064265540611151
16.575197067935285,78.3234131390934,110.91942356913505,False,6.4829643916256,25231.80000105095,8.03456885424625
16.615262949228388,78.39706423596982,119.87023661539006,True,5.446866284090838,23135.29106665506,10.018163537304371
16.338644345375204,78.23393073077362,94.55047443276032,True,5.917136131674486,26379.925165101955,5.299325941823584
16.46808011694501,78.29078370455852,103.6977278135546,True,3.6015886012052976,22417.085468822588,10.582328728314891
16.695444955725815,78.69067252651317,152.22674533078492,False,3.954580267504435,23596.006486104354,9.723491016557187
16.51287962722708,78.30529937754474,106.69001047997718,False,4.620612954525119,22560.863298876015,7.360298376607798
16.802785752171445,78.66466635392058,154.40307214733213,False,5.445002754608241,23982.670854800836,13.286304154935687
16.280363145107383,78.49535598549716,121.53712321007283,False,3.7101954326698268,26247.635817190698,13.216418062518665
16.380606387665033,78.22086249591221,94.04952851867486,False,6.125904698859625,26312.917289261622,9.845475608618257
16.494774844737094,78.35408245628813,111.01701866289429,True,4.305253287506827,23101.74508666278,14.77470846479023
16.56304360061708,78.19978127177968,98.2634740292479,True,6.002502999584699,22604.034842479945,9.62718600579401
16.78086303503447,78.5585601216315,143.18617318973114,False,5.6553680382516465,23474.605727074268,9.864096069413062
16.492881003974887,78.47339676115185,123.18227442941553,True,3.3586991297802484,23013.46574516431,11.988649000464502
16.48264453340591,78.00365096814716,75.52887238915866,True,5.694055157797864,22025.19142871194,11.599419127077386
16.629614745195568,78.35769223288423,116.64675175566768,False,6.194172688954513,22982.405168906625,8.089947144777291
16.825199200750628,78.42426053929553,133.06313769536237,False,6.987829195337971,23346.10770000068,14.400729203004333
16.34017003517003,78.38025854148216,110.01372824737082,True,4.356016166748334,26275.485877353283,14.047673088623304
16.358096933204347,78.72854469702108,147.12788907820175,True,3.1434839054773827,24364.376374738822,5.636706328332339
16.38964447003512,78.4522061727359,118.46112485385764,True,4.43396003969965,25470.566021741,6.536112790990889
16.547838568543522,78.17361627656686,95.02794693360148,True,5.340560162260726,22517.938989808816,11.899513470872526
16.451950986166572,78.4149624547155,116.00981718132905,True,5.163493269758569,25168.939454969295,9.943128583539702
16.345707908176443,78.34811941093753,106.70914813540271,True,3.1251049705930174,22121.935424367468,6.378644170038427
16.541508112151952,78.79692072150249,157.93320680265631,True,3.124687200399922,23977.94382118057,8.908150092423341
16.545998356933403,78.62894442765756,140.7384166127526,True,4.75729544091015,23882.952474414284,9.008996508851732
16.418197135812164,78.12031037553716,84.69039836330273,False,6.511011236462929,26204.85697317668,10.781506682781819
16.269585252851343,78.53739848371553,125.93789080195684,False,3.2855709363123577,25920.886097378952,12.761575947769597
16.808810456567198,78.64417346733286,152.7316114759437,False,6.318356900230278,24122.98861857603,8.585281319917538
16.66499292830325,78.51758855937419,133.84952595001764,False,5.144531725363819,24527.384678993585,11.672967020796666
16.573831347384882,78.16287906733521,95.20353522541237,True,6.530957693646692,22648.93064263869,11.641335390410505
16.366555000538963,78.20773363470427,92.35830311009524,False,4.425548944451865,26424.819358714358,10.356749163887892
16.71641501074349,78.40957187253244,125.7953983904784,False,6.264017442869029,23216.43737003326,10.93752104068429
16.620881535179887,78.69058872534758,149.44374740515008,True,5.227577252867281,24066.87350958392,6.6022310490304825
16.47984505603029,78.51582285531768,127.19529694903677,False,3.626049927973577,25060.939543997218,9.756786919266945
16.442660027366987,78.39665004355764,113.86782892525737,True,3.804326338058946,22901.761615969437,9.320469844598577
16.68411908431325,78.24490886656181,108.64680061161503,False,6.881469508362924,22809.42814329682,10.653190798985841
16.59188439426376,78.59742585688802,139.00609206048549,True,4.21729161994438,23586.255440891397,10.29620514952083
16.42532259063246,78.76586964917058,152.1096271231262,True,3.1736381774122586,24459.05030489977,5.0278675861501485
16.459324737211364,78.26465235096653,100.74933696652771,False,4.764256848035451,25813.86538135402,10.130927593990457
16.567154933814123,78.37376868683104,115.597603935028,False,5.331232597577649,25157.04190911021,9.858896713197701
16.620768249448236,78.64172325994394,144.4988985400963,True,5.764674594513778,23829.821680742145,7.550821152982565
16.479000227822794,78.61143061277437,137.0886576192303,True,3.002347341500448,23201.534133384906,9.325018068559263
16.49073661556572,78.64107160479848,140.46181614432356,False,3.75739414793513,24671.481023779896,5.9099158253209065
16.345606874409963,78.23890341362066,95.20116527662849,False,3.023859267083895,22100.213417972387,13.728377557585333
16.457954120193158,78.57445231360383,132.72979366660954,True,3.835822407747893,24012.834044498544,13.77444127518425
16.60644291572147,78.4437633993159,124.12383371632659,True,5.552121546752331,24674.243681919143,14.198810314629743
16.651371052293026,78.46013589820171,127.62008249363184,False,4.221796577564186,23110.948188128124,12.86856779172172
16.465817480914428,78.13954308114667,88.27829142589523,False,3.7777274965522465,22074.854886976616,13.685504996170906
16.61871674141523,78.4108656171105,121.37596905514242,True,6.05017809051293,23349.49657358345,11.31824376602258
16.523890176909827,78.05109142411102,82.05919556609794,False,5.1335066598355255,22104.72131226721,12.40729478455396
16.43428399489552,78.39091510214162,113.05741402654174,True,5.551065126998923,25286.59899050238,9.61354373744663
16.46112210786211,78.21159923660527,95.39893342824197,False,6.213896814743855,25921.683868235392,11.387209766360975
16.36308918420726,78.60880556160618,134.51963492580373,False,3.950563324484003,24666.755655811845,5.638023936167994
16.417268989589708,78.37138365027658,110.60619245983895,True,3.236036569570803,22600.692537393865,10.711471430950272
16.583120874784438,78.39435132353792,118.27792116861379,False,5.654085400836723,25060.09520797088,8.37221486828951
16.667414006930933,78.64303042083883,146.37557417397232,False,6.183595955846462,23588.72421655523,5.764633941822204
16.50370006988677,78.47675112579253,123.84690142132779,True,5.070795645332375,24761.667027160824,9.419958412170963
16.778911294280825,78.53892500767404,141.2224322042642,False,6.2351070481265705,24300.158040076145,12.911498467451722
16.661229304622285,78.48904364844553,130.88326375902267,False,4.4452408978483895,23278.25220657125,13.400580377210197
16.723705405099633,78.74151834765651,158.41173296172528,False,5.860630777874444,23983.164324795944,6.2192005473212655
16.677465392527793,78.77087884969518,159.56062989337883,False,5.107732829715538,24015.255585657735,5.675149168994421
16.415018434707527,78.5070462204692,124.72711582907534,True,4.309783718914105,24804.73737689154,8.878716373688878
16.646257660359094,78.59586079640052,140.84472998738656,True,5.681920375877543,24189.601644378174,8.8716776105303
16.42909936015273,78.51572147959341,125.93889185660463,True,3.4906236309701133,25090.04914139026,13.533537398806349
16.369369458985965,78.38417569906454,110.92446644471613,True,4.987553013118232,25799.473962926164,10.874346530954963
16.512353833229188,78.27977639656304,104.10009794349153,False,5.773492900808851,25548.804560323413,12.89539405916148
16.499525382402865,78.18235304623914,93.85197974125325,True,5.865683327662812,22326.27040948968,6.6113835824547085
16.356427667074044,78.45624708407095,118.29608003204034,False,3.4813650130995604,25715.443121183514,5.520999418025626
16.601522143176986,78.34464459926255,114.12762345474562,True,5.973579381644221,23253.466766007336,14.525335334887068
16.453330028152642,78.64581321617956,140.07166032768993,False,3.434629327747651,23125.757317130887,5.212693354459047
16.387500245397522,78.18752481401161,90.74815727919463,False,6.189628771128776,26378.755790960928,11.935842203403588
16.442783049640713,78.18889416994035,92.48223447066441,False,5.6429450479254815,25957.08872349464,9.11353247924354
16.536977035693823,78.49548081922111,126.80447060237229,False,3.955065833867958,24995.88472478939,9.230680114290603
16.34501892452337,78.32098873687565,103.83598118557904,True,5.278185891823659,26461.901891428366,14.571291374956726
16.50743961525197,78.30259333507125,106.2222261710375,True,6.678812362292097,25405.16383807559,11.746277246043867
16.342395402416486,78.31992249116108,103.67927811245077,False,3.199945164163576,26449.915907559985,13.102667900640716
16.486205678757543,78.06921623385122,82.0941925180427,True,5.848543374152385,22085.30235021944,8.04791440980582
16.634840169969074,78.74375070966923,155.31030377319476,True,5.709739289626803,23788.25445656975,5.150592902002731
16.534693582361736,78.4395407713546,121.03804915167142,True,5.497371242493238,23308.234781183433,8.180540858286923
16.389279444034653,78.34413888846345,107.12333552173061,True,5.516953922723348,25861.020306515456,13.148756082041631
16.347740888235005,78.30444012072138,102.13893136145572,False,4.265998264934341,26304.162120822606,7.490696983033121
16.528291782578403,78.75562008309593,153.3082761949025,False,3.0894242244167858,23510.910349807295,7.16628171784866
16.520890362768135,78.46436772195634,123.11157283590737,False,4.540905258888046,25036.39870718189,8.511380375135944
16.486798737778148,78.24161638867078,99.32848480311458,False,6.441312242309014,25713.55778243647,9.199255287933351
16.667071966693605,78.4842400777607,130.6672663464761,False,5.086885920085628,23404.933980403188,12.992796475606081
16.565046691779486,78.5722201793369,135.5405427276092,False,4.092396605913963,23164.477163096646,6.520089260976732
16.397579744998975,78.35471474757655,108.41135730565715,False,3.9238290121581296,25932.496106177743,9.502694622824599
16.614852039483377,78.39199231949371,119.35360782503814,False,5.091613952948436,25024.543127578698,11.43748734672258
16.508099488371165,78.11506390052321,87.5439406910006,True,6.255598998195463,22245.253608175004,7.509498595575078
16.40372427105953,78.30397155080054,103.26014796486164,False,3.1703199981376935,22213.782539451044,9.1642276261103
16.39177423807431,78.47866724799928,121.28196869255775,True,3.340665630713909,22730.70317386697,6.336055582220768
16.443851061663434,78.30076228992455,103.98919494052032,False,4.924143756961546,25767.248559967276,7.495773701537955
16.61599311098239,78.46694802261598,126.81111893851504,True,6.094719241533433,23523.697056975638,10.684791020045822
16.702522411904543,78.5472459396977,138.3927291374555,False,5.680445804803341,24463.194302399414,8.740671103284757
16.562577215401216,78.32347113723038,110.40814472634618,False,5.571477865270916,25295.337919994818,9.397798956792109
16.649094584442935,78.52909604557645,134.31992062831532,True,6.194617750124529,24101.399789387047,13.876087118605895
16.399511915297232,78.43008123591794,116.33964997331115,False,3.846822816165027,25609.931771250187,5.952260216813954
16.607546001097315,78.39376325643094,119.2186025539177,False,5.206427226167185,25019.099396732065,11.26570265268726
16.657722452839987,78.68945281549911,150.65005993407996,True,4.676010917867635,23918.389560348704,10.208479478624948
16.68316818096624,78.4310236372651,126.22651568371164,False,6.253282238038084,23042.432020390806,6.596185265602818
16.70703749473918,78.48161296986557,132.23166093981462,False,6.8676887330682055,23416.386608741403,8.837931832051126
16.79722271594696,78.64037273236139,151.80411031751512,False,6.304894985804265,23586.442032462503,6.626282167590557
16.681952158231045,78.67314231279457,149.94732030150084,False,5.257886294067241,24140.865057511557,7.414367401415152
16.708018149812265,78.36011647908127,120.68923200353113,False,6.675532711176043,23123.394277265244,10.905514192523732
16.4952304763252,78.31031973357408,106.5801314193864,False,3.4407723837977375,22458.516110025877,12.71733060248375
16.53769381583394,78.27802766174298,104.8935728809381,False,5.3175614450381685,25489.291987123415,12.198475320400222
16.645097017217786,78.34361797361349,115.99904880995952,False,6.573329498065489,23035.39779701971,9.015376516044853
16.48533352008993,78.19387963589988,94.46418521755474,False,5.598126829523784,25829.253503113643,13.01202501382898
16.59391464885581,78.37128145014997,116.4289065336268,True,5.386996107375429,23160.07518145338,11.96157679244575
16.704993509566833,78.77410611375487,160.9174980458317,False,5.030432901511052,23875.78506654029,6.592165928805512
16.55806401452211,78.62302333911077,140.50115055458775,False,3.347657544683084,23365.921213683338,10.274407309474892
16.327371980468463,78.53346261251852,126.05950003476129,False,3.508046775955878,25117.539074259796,9.761688276206268
16.53643904270689,78.23467437594088,100.53674761649881,False,6.011889436665443,25552.288972535884,10.805463612709723
16.47057606368548,78.4124822703446,116.26643453983804,True,3.963091306678352,22775.473283371277,7.273529555737107
16.724013279584913,78.49019352189916,133.86588651398338,False,6.199953444118328,24596.268283196143,8.379235120066184
16.431231047917265,78.54981877792677,129.55068082545355,True,3.377342171976079,25120.506932540284,8.264564521847255
16.703084306310014,78.29756124758532,114.56883883582236,False,6.085884485044261,22981.91435468477,14.754446930221517
16.576754070095586,78.62391007857615,141.1882867261082,False,4.773759883502912,24597.872612039868,5.0222900750288035
16.511607642079444,78.36534274348938,112.72224200330318,True,6.21540016998628,25120.355102772308,11.378112747272038
16.27684406194899,78.49697818497636,121.68281751333916,True,3.0584728187944408,26405.117818563973,10.914681180287275
16.413445472511693,78.16072283621773,88.6891945043392,False,6.002355111577119,26111.208140269606,8.236076803732548
16.40970466588584,78.45508347455733,119.17371857822117,True,4.6450943046898585,25022.924795172396,9.895328666783584
16.688355721498574,78.32828233451795,116.67106915166885,False,6.877833087914778,24949.63075142933,13.864068971014904
16.473320049188565,78.32391180353687,107.25064991577449,True,4.006079735749299,22518.721086119134,7.8956449839134715
16.674816251886742,78.481284052015,130.72125551223132,False,4.624708268451679,23145.022708261546,9.80046149315182
16.357658275355917,78.19699404130024,91.04192367753217,False,5.6612751716225524,26386.704903094418,6.3571998580946545
16.56610081038584,78.36044905302381,114.22778934286676,False,5.8232317839798675,25108.069190259677,12.365566760488255
16.32584785643011,78.31760609210711,103.17356576036293,True,5.75146039091975,26238.16455326096,5.7798412467436595
16.55824638044339,78.4785242904131,125.79989457935805,True,6.32534429551441,24777.574706683343,6.568218036480551
16.419998213526704,78.1632120632429,89.14099836642156,False,6.747530622561441,26159.862814825407,8.57274730880696
16.67939468207168,78.33027753635378,116.40189767561303,False,5.890365532212108,22914.07406699475,9.889980947944242
16.369046864548352,78.15105857273542,86.49977081065845,False,5.053732536222237,26437.823313873174,11.056563471374048
16.42400207201476,78.28781796006166,102.10038754804224,False,5.986566184944308,25763.61273285897,5.03962767198132
16.70717703899347,78.3431860655287,119.05260780836119,False,6.925687861220293,24886.86117852106,13.30849661629049
16.570113161271948,78.76390428522278,155.31812954796507,False,3.015828989174285,24101.95614490804,12.182784902331889
16.48956487066501,78.34647821225661,110.07257357384516,True,6.056702151913981,25374.265702382596,8.6105651852994
16.702885082395632,78.58219628661423,141.8263464825777,False,4.7303892292122285,23453.04898841284,9.754854706566544
16.535960870730648,78.13717663599986,90.9425009075047,False,5.735292846394608,22277.859669314115,8.060846488690917
16.633809593057574,78.54737775700634,135.52238972015775,False,3.8642972684056334,24648.342981131107,14.793663957036982
16.35505425502737,78.48959613320062,121.79679575033876,True,3.9151454225583877,25328.004095947654,9.303146484591263
16.58236561398134,78.65946999681306,144.99505087798534,True,6.091175970253321,24136.04666596948,5.55041510363838
16.373806054154663,78.10634553883149,81.97021335291514,False,6.0422529271443,26485.632979853777,12.556569314870062
16.658378024133096,78.64292759926029,146.0145561090917,True,5.655819373721485,23785.87315113044,8.07003019943686
16.367776800823464,78.53643542066011,126.94406080908038,True,3.1759433951860725,25440.907989576484,8.98708183752155
16.47140775599172,78.03502198597076,78.0956335323244,True,4.75307295696588,22023.068684771173,14.241103283990315
16.469208035264213,78.52525898117516,127.89309638451009,False,4.04944472577542,25090.667158842676,5.56432803828381
16.6105435723439,78.80843546199495,161.10396097342348,False,3.247114849139246,23856.86257426613,9.772497642458598
16.416011316884653,78.52960849942092,127.11167181152597,True,3.807337092892077,24348.57262747959,13.804227405201624
16.61486002917804,78.39029939622107,119.18742475825758,False,5.539807001715027,24998.755421464717,10.440782824329794
16.556036225436323,78.56760775397174,134.77630683937477,False,4.262817502627952,24628.397759309966,8.540661873043843
16.7214798429151,78.3259826400918,118.2087524712119,False,6.420624241833979,22987.460697677532,11.083894520214454
16.74843955861078,78.47629876417359,133.74313569398197,False,5.854181247111411,23403.555544943778,13.14514906603821
16.3743277941641,78.35534897265414,107.98990342834719,False,3.927221921882759,26004.468032120298,7.415410452549481
16.678402303530994,78.33412858017739,116.71706254360058,True,6.490264328402981,23185.012461746177,14.90808678695802
16.294383856574772,78.45278306915783,117.13015538316395,True,3.234260911804604,26477.42960384294,13.056157842116173
16.273058217418104,78.42831357749326,114.34195276835179,True,4.458499023051875,26196.65931029999,5.355725933526594
16.578015282577525,78.47569634224699,126.22291871519924,True,5.256571471270062,23405.118935658185,9.393858000975007
16.618375176199855,78.55519805415372,135.7091017732465,True,5.299280163859832,23637.074623583507,9.868680997073469
16.39364292757444,78.47432816779363,120.86239827854526,False,3.3605223444226673,25580.465602800035,8.159893788152992
16.607245460042805,78.0943834553461,90.48244457853369,False,5.881847741460604,22395.848655739326,14.864353815380392
16.688597830469487,78.44496605021226,127.82755521959696,False,6.792621200581914,24584.197228177964,11.600877187872182
16.701887792200562,78.32796702141731,117.34619465410685,False,5.886506836456728,23021.64540145525,13.804533266616211
16.73994172607787,78.74620375183656,159.54129265711174,False,5.3904076607095455,24043.65621425889,6.242169679726732
16.64368540699346,78.62449737421832,143.6095545342234,False,4.113535078961171,24390.087196455846,10.413252976478242
16.488944543491073,78.40437445739828,115.97505021032818,False,4.413864844170783,25333.852488415585,9.78886469182851
16.39280810982234,78.50038247558733,123.58371701010452,True,3.117989581224298,25531.095633485733,12.260900063969018
16.31013407358362,78.45200936224126,117.21325239997533,True,4.08707066294224,25949.53390203146,8.964968688016356
16.62445697524309,78.35113363552502,115.77520583345571,True,5.355211689719457,23104.694083430135,13.954394868103353
16.5312330822319,78.4845983228188,125.5085383410472,True,5.077257754659579,24408.707231707063,13.71471731377041
16.418993197125562,78.49629348070243,123.68609420760858,False,3.492488445061689,25372.433031942477,6.373369396913166
16.610600411671935,78.44780706658915,124.6930222165366,False,4.381069013095708,22956.70695426912,8.412536624874388
16.345514582176314,78.34615602894317,106.49879458296186,True,5.205346558906573,26117.402784460734,7.688728383700189
16.65106167355949,78.51834906826237,133.3380651693898,False,5.1012961302057604,23330.88259238779,8.607450692927651
16.464008045522128,78.29803287476359,104.31151792329858,True,3.549141705350935,22506.386592150702,12.64745521926036
16.49305035633745,78.27032489003045,102.45177201362955,False,6.323628518883038,25594.434713430514,6.847590612557484
16.633289838681787,78.48452157540412,129.25778377001498,False,6.428073926063663,23135.519636985227,5.590382189690941
16.748618909167895,78.3880863584252,125.45484660951975,False,6.433324370675976,23127.769319617004,10.468436193735547
16.37980958848635,78.35072872996804,107.6149442708358,True,5.554907106007774,25868.756812889154,12.857844362414482
16.461372230488827,78.33679099340483,108.20798955730064,False,6.0514198907174475,25537.038398222987,6.018383243573395
16.61897818279291,78.08584558298729,90.35880106773573,False,6.160600013037172,22365.369556109472,13.350073962182963
16.496855197720866,78.39472530679798,115.23285842077618,True,4.990505871678598,22915.310685122433,6.607965213849907
16.543136297165113,78.81533545990692,159.88334075885822,True,3.6602209459989914,23794.55133530576,5.645371178974711
16.632326865506773,78.67543490957236,148.31321541594014,True,4.566178824113194,23909.399612217934,10.678295964143395
16.497707497597204,78.21917003516171,97.46612447310201,False,5.728445316555696,25753.40196685442,12.447108876571644
16.39847147828205,78.26608430653853,99.1888039843891,False,5.96135915948337,25931.738027730593,5.014892079536405
16.291239942040885,78.40643819000913,112.17217015765274,True,3.4458109842997695,26488.47454114677,8.150294282318413
16.432195200813087,78.4939558130867,123.73546573083328,True,3.465405381608097,22785.539403922157,6.32327764555267
16.448822740818745,78.14821732880964,88.54591410006613,True,4.341790295934015,22180.770087486337,10.42684178648432
16.706087303184457,78.46113547745624,130.21426341250708,False,6.931620740166196,24470.675175548044,12.755031276191525
16.51608206304591,78.41611150403327,118.03445074135693,False,3.560679969733214,22802.567750840888,10.704819169086221
16.513377294634154,78.74662946913834,151.9935830206819,False,3.1749228134215084,24289.6756971853,7.608073483025248
16.585526753030386,78.66928926948057,146.09846111885028,False,3.8092812935733673,23481.513701754102,7.466879899137815
16.509058437181118,78.28995884727857,105.00518058076472,False,5.981912948594349,25516.286201567586,11.547777920035832
16.615556112071758,78.04461658154416,86.41686501214348,False,6.7689638598273705,22317.999485999022,13.348595223773666
16.617044353000495,78.78358482341604,158.77082067699374,False,3.1385104758151074,23728.19422245003,10.587655259288749
16.526588870440108,78.60391597977382,137.59295480170337,False,3.3047852776546933,24699.037639032835,11.486349607057111
16.54557540968432,78.37953432715685,115.35757640992222,False,6.0219996200335,25097.27188502308,9.450091536503413
16.750944371574217,78.69985853521194,155.4481925007766,False,4.739215060457453,23825.538993359256,11.30990800130813
16.37072738162159,78.36572294367556,109.00987513638398,False,3.592552993947069,26155.38420905002,14.675497975450295
16.483745501444986,78.19366810025421,94.38409283864542,False,6.2699886594375105,25860.135279965212,13.064473258244142
16.277424069601146,78.35649330278402,106.73209575973526,False,3.4703730457398785,26351.500290054344,5.0811786871513185
16.634187512758256,78.36896687086984,117.95093399447305,False,4.832357729323997,22901.707113324945,10.336544126273584
16.46592163341882,78.18712006185085,93.08125002696445,False,3.9168545067441856,22161.860624691646,10.112099551926018
16.58980041806205,78.62312047663669,141.5410036754764,True,6.4138000056155535,24204.861798233782,5.855661054243669
16.735525161748363,78.57836214752436,142.91434168635718,False,4.774963418007211,23538.790899268173,13.241983357646856
16.50136717179016,78.35747849166785,111.57950354742846,True,6.7718081806515755,25174.864996378055,9.295956778490867
16.63324423676002,78.47596155825073,128.40912163757136,True,5.695256032880785,23509.828092354233,11.995557226081072
16.367752319978376,78.38632368507213,111.12052629129887,False,3.5432296319776175,22695.56103272721,7.597367055222218
16.454411597844814,78.38066589721187,112.52960280860721,True,4.925292987641628,25358.82526183088,14.478640075483023
16.693152358198535,78.45739209178487,129.2411294865112,False,6.337906184272377,24698.00533261148,8.351127969085406
16.38693902821451,78.55530144099167,129.2555059389533,False,3.5596801799415414,24429.73927035124,11.726717813374648
16.540341253081625,78.46345762163733,123.65768603041575,True,6.131279833140697,24671.425143254706,8.580198415770294
16.5809524604957,78.25437205450291,104.38876746763117,False,6.995459698114918,22596.57749794922,6.132022930462523
16.300159876820317,78.32541250648194,103.66024340455321,True,4.069674985085219,26415.0392427825,5.252407950091014
16.655912024307845,78.63098217287752,144.72588452143228,False,3.731571451597636,24398.042383096625,13.799213127118271
16.628034500415286,78.40060023543934,120.76760426916215,False,5.591730321990534,24937.537469855873,10.79752028189274
16.45544578895707,78.48012800708577,122.85757386349042,True,3.4252116958931196,23119.70436075973,10.912398718158263
16.763706670687633,78.66562304193329,152.67286090234884,False,6.166610210972763,24194.14022377743,6.403443256855849
16.32047745723133,78.5251351091026,125.09400217292756,False,3.719476533264771,25231.000742217882,8.11071709910959
16.537298924724976,78.27155062447854,104.23292643604462,False,5.286499968987694,25500.86803994405,12.273052994448232
16.327412484965805,78.6424335739636,137.62458096184906,False,3.1108400056592522,24025.588108304764,8.857251230102168
16.581384632184008,78.63505635662614,142.47507929488893,False,3.7724506741956545,24431.60242129045,9.842642998568357
16.52510977637281,78.3819525506917,114.86992396645421,False,5.783315095856221,25222.42236948373,7.159309224876028
16.633743479642444,78.67238106933753,148.05586546150116,False,5.43628066041852,23605.34945600349,5.665950245994551
16.54222291827346,78.60834635008823,138.5112385861152,False,3.565196414163382,24600.615383057277,10.170823594349763
16.350681425552605,78.28657281942019,100.31045018206834,False,3.760530173686539,26486.356583094275,13.009558308697969
16.795975933063325,78.80901134958619,168.10174901253143,False,5.937497413601303,23909.353323956657,5.37363068710016
16.63179806999613,78.55816872266453,136.5203966710853,True,6.99536195154175,23562.04156635475,6.434160920691136
16.315800419431827,78.45094288479552,117.16592704242879,True,4.0542065338899675,26065.031990231695,13.902489291399753
16.778819542535942,78.42659096426264,130.67100910503123,False,6.172214832153978,23260.79032984503,12.765705297880519
16.34497912827001,78.55300334034406,128.35786064608044,True,3.2257085542273156,24919.398280964073,12.83342363311289
16.593801496575136,78.54911527454533,134.19099319484326,True,4.885762718582226,24212.22473673943,13.948415878582175
16.599010026598165,78.41336084786461,120.80522012034056,True,6.697238012996809,24648.846287497916,13.08999182964256
16.68588916890395,78.56412739249902,139.3190608622377,False,5.390209356510857,23442.97536268464,8.082719477488187
16.598794102234418,78.46415388113604,125.852023803109,False,4.397731076753537,24916.325647131514,10.816411956156966
16.480165906594436,78.31255099026845,106.30750611001393,True,5.877604551772507,25511.343780587627,14.775213953778442
16.46359420272746,78.17237282555496,91.50775822067513,True,5.27853645096602,22347.75881000728,7.972445875363578
16.352572736438134,78.3008906057872,101.85190134123792,True,5.019725932355627,26346.725162336592,10.771429466077503
16.822841473308987,78.56884091597965,146.3036815179146,False,6.250249717529074,23637.466178803166,12.674564439925566
16.716820817161967,78.5218458632985,136.57618164667352,False,6.1190829779543545,23560.68353395989,11.199898700950289
16.682733050852335,78.46465382809754,129.461041293444,False,4.76648263506991,23161.081653380188,10.807256845670423
16.35481943436631,78.27714061202089,99.39559543750084,True,5.67589937237281,26333.676120899498,9.112364334725978
16.519329373277667,78.10567049196551,87.12183633662492,True,5.354305206445309,22274.908267236107,11.018083603209174
16.451922193943595,78.21243944326838,95.18030650540307,False,4.351242221035812,22192.87936057668,7.159748980027642
16.609442702970238,78.70972481454761,150.9992483446724,False,3.720189262366168,24346.550138027036,7.302028889178844
16.547460283025696,78.32779745066193,110.24139262092194,False,5.213417807204784,22597.986907083814,6.026451274724555
16.346518629391397,78.37032249082264,109.06542858618465,True,4.294698107687646,26207.50573233782,11.557562057451864
16.34748877968156,78.24396884374225,95.76918267146709,True,6.054751229607742,26455.5621682371,8.729345860568149
16.562609856107755,78.33167334954938,111.22450310088274,False,6.378319605851884,25147.22572101825,13.906922489341694
16.542236741655927,78.27022541274617,104.29895120853851,False,5.639241998685914,22501.2146678353,6.119717116517046
16.477915267355264,78.6228403253647,138.24815043554682,True,4.046701353715839,23275.746408670475,5.237677575346751
16.75018750842394,78.73116328508073,158.4892317037951,False,4.949492604703796,24061.587958322845,7.518226892625871
16.35800101560381,78.19591159572913,90.93583065653111,True,6.743114668195069,26469.692161935905,8.504218485751965
16.485083338686472,78.06624941542378,81.75420378397361,True,4.722858694520577,22049.892214697968,11.7534204607861
16.438115700159408,78.17731152981065,91.1496468856092,False,4.157991041036151,22069.82677965122,7.6467196151058765
16.3814803861603,78.1230621112589,83.90475358015416,False,6.170600947287486,26491.097943530396,14.05348365598494
16.68308377478619,78.45560864043867,128.60003079380502,True,6.837308774334658,23522.499350413593,12.201379843582709
16.8136940551047,78.64685399333067,153.22733577024243,False,5.308760503972739,24038.3272549644,14.850028067357696
16.48812340182263,78.21749061790271,96.94232628988813,False,5.447138721736861,25822.262168199664,14.666327567637666
16.55926459829369,78.17610905895265,95.79143475545645,True,5.3236109228664805,22555.086680735083,13.096923483604364
16.423500409768202,78.3009747780148,103.44931964168484,True,5.432272049913158,25898.352022771403,13.8590166684932
16.591294574546197,78.33944699929155,113.1780707754273,False,6.099000454626826,25167.195950451205,8.366034190101272
16.419849961698613,78.26961456397818,100.10481263205675,False,4.702547765686198,25992.97557262177,9.033203746029843
16.496210164388664,78.25283260027415,100.79755259065945,False,5.0466316477312985,25708.598153215633,13.14092175046798
16.385184206883668,78.32806168410016,105.35254095330123,True,3.4817416441879274,22572.636598445253,9.707584905343353
16.721179438419554,78.52744762675918,137.32086988142896,False,5.050833985854772,23291.79522883134,8.96068148924579
16.53428916619164,78.3702873167742,114.01552353903605,False,6.4199127619197345,25225.30316204115,5.873869385377545
16.48716533839033,78.5907518405762,135.1492782819252,False,3.3394667379672676,24887.96950571216,8.131361321992228
16.64889710291911,78.49123857645782,130.57187821693896,False,6.630080586952699,24620.290686731823,7.403931607971791
16.381340371957418,78.286134800674,100.88246573755953,True,3.55371844306259,22365.684099341535,8.897224344233635
16.50209694211895,78.44503376059944,120.5451946385033,True,4.816286866232495,24934.422690601503,12.02563712137655
16.774042965388666,78.66862844244137,153.43625819809347,False,5.30958243320312,23858.327996862274,12.754299067676278
16.688622729359313,78.2556063750039,109.88500937753994,False,6.917863767088372,22797.634067003477,9.638284111308527
16.40511702106539,78.32824403281556,105.82193978603686,True,5.720007814733397,25798.27070932822,6.795255647339365
16.539133466399775,78.34540683210342,111.68893734888668,False,5.379325457068701,22719.376968043154,6.303957445994557
16.335884734388213,78.28390589857432,99.77107409757205,True,5.559139913427055,26346.58748217526,6.696144583761726
16.431987754625343,78.3565394629125,109.43111081653468,False,4.451946326288814,25614.93399138884,6.1038385299155165
16.646020215965883,78.29543377241978,111.41811155669623,False,6.876345944472483,25105.138125462287,13.585276828752782
16.47393208429244,78.21092752406604,95.77127922777935,False,6.782418951400661,25806.98229157769,7.93649142357031
16.64015840317203,78.72218487694332,153.3119368392696,True,4.118766665702823,23944.936949996445,10.0430622825853
16.363587665238843,78.61367428132009,135.04185821966973,True,3.2257025021441397,25087.703238689723,6.137942796043826
16.434605163771494,78.44636432534578,118.83104749172776,True,3.869772348226506,25371.47075566781,13.698464871457464
16.448064301681086,78.84106733522746,160.43668455866302,True,3.205035816535181,24014.742413035056,5.2553935974577275
16.552971527703836,78.43321486365959,121.034610105426,False,6.442539238274451,24974.18014440534,6.327882754536689
16.54083855000259,78.51616633925633,129.03874101660728,False,4.42613778050216,24828.994419711176,8.316893063003237
16.80954831608865,78.56569274277476,145.31676773747182,False,6.58644192408841,24180.443503156504,13.113001255785363
16.49895857474471,78.16943916977522,92.5425268595662,True,5.006579180883861,22268.95442159688,8.136414887632633
16.435666672848654,78.53187292280029,127.77307524635692,False,3.2415646931443023,25245.791261551232,7.8601190405531005
16.541233015250857,78.31408243986824,108.62994937117439,True,6.500769619524874,22730.930036436195,5.884601409878205
16.426872093150884,78.60373464371959,135.10486758883698,True,3.8878360565485166,24184.175586414894,8.622148987708435
16.820574359713113,78.59104466799872,148.27620213742486,False,5.887992102197828,24220.57789656063,11.930338182503368
16.41269680106537,78.49906959965463,123.84288662752758,True,3.1367326763007806,23242.081633595735,13.22816887496231
16.44039594334412,78.32014356096347,105.89049694034617,False,3.0903042187914362,22364.958273095835,12.857009477012713
16.380625153896524,78.27165037231308,99.35228165656198,False,4.367476862772292,26289.765553977908,12.544125185808292
16.533071992881208,78.46771226225628,123.84788788336938,False,5.1841824415282485,25031.16426527829,5.311977507553349
16.438985005849283,78.33867607925643,107.7668540960632,True,6.281256461232688,25432.743880627997,12.058414844741959
16.684969639375716,78.4079319557544,124.08893775123948,False,6.823225619179524,23236.11505583838,9.2321924913551
16.465413162153364,78.51597300988097,126.83227848049042,False,3.201655589401808,22799.93958459881,7.421922695163197
16.53642214561565,78.51494873220378,128.77239686180593,False,3.7662752086874463,24853.923783098016,14.092549074769746
