test_year,model,horizon_h,level_hpa,vector_rmse,component_mae,bias_ms,bias_u,bias_v,correlation,speed_rmse,direction_mae_deg,n,fit_s
2022,persistence,6,100,4.634158134460449,2.538562059402466,0.005598786287009716,0.005593973211944103,-0.0001414214784745127,0.9127238098137325,3.0889737606048584,13.48067855834961,362549,0.0
2022,persistence,6,70,4.39000129699707,2.4263319969177246,0.0012088294606655836,0.0011950782500207424,0.00018739931692834944,0.8023635696917328,2.79496693611145,21.1281795501709,362549,0.0
2022,persistence,6,50,4.300375938415527,2.3894243240356445,0.002568622352555394,-0.002545810304582119,0.0003547364904079586,0.7163953629327353,2.6972246170043945,21.962120056152344,362549,0.0
2022,persistence,6,30,4.6779351234436035,2.604081392288208,0.009960947558283806,-0.009824044071137905,0.0016395123675465584,0.6961090804891851,2.91867995262146,20.390653610229492,362549,0.0
2022,persistence,6,20,5.059319972991943,2.8214378356933594,0.010578841902315617,-0.010581260547041893,0.00010036687308456749,0.706878051745716,3.1591408252716064,22.09689712524414,362549,0.0
2022,persistence,12,100,6.19662618637085,3.415827989578247,0.01203983835875988,0.011953107081353664,-0.0013997878413647413,0.8473431373077338,4.135189056396484,18.72608757019043,362549,0.0
2022,persistence,12,70,5.612290382385254,3.1119885444641113,0.002545800292864442,0.00254654698073864,5.242994302534498e-05,0.686400273271794,3.5807220935821533,27.834028244018555,362549,0.0
2022,persistence,12,50,5.280776023864746,2.923701286315918,0.00453671021386981,-0.004530987702310085,-0.00015604756481479853,0.5837723225990133,3.3436789512634277,26.776559829711914,362549,0.0
2022,persistence,12,30,5.749745845794678,3.1879818439483643,0.01948987878859043,-0.019397666677832603,0.001892085187137127,0.5558603783833259,3.6201348304748535,24.744953155517578,362549,0.0
2022,persistence,12,20,6.1943039894104,3.4354026317596436,0.02236183173954487,-0.022345252335071564,-0.0007315423572435975,0.5786928244704196,3.92543888092041,26.83041000366211,362549,0.0
2022,persistence,24,100,7.551719665527344,4.138106822967529,0.02397761307656765,0.02347625605762005,-0.004845599643886089,0.7893201583581884,5.15982723236084,22.443710327148438,362549,0.0
2022,persistence,24,70,5.9872260093688965,3.2786478996276855,0.0068920813500881195,0.00676538422703743,0.0012463802704587579,0.6823563173186421,3.9857773780822754,28.820068359375,362549,0.0
2022,persistence,24,50,5.276386260986328,2.8725903034210205,0.010850013233721256,-0.010780719108879566,-0.0011490301694720984,0.6343399767181184,3.6041650772094727,24.243188858032227,362549,0.0
2022,persistence,24,30,5.609941005706787,3.026362657546997,0.041435886174440384,-0.041293222457170486,0.003344954689964652,0.6466202125351379,3.9002678394317627,20.62409782409668,362549,0.0
2022,persistence,24,20,6.019396781921387,3.2643942832946777,0.04672177881002426,-0.04672247916460037,-0.0003578889009077102,0.6662690991543362,4.190200328826904,22.81606101989746,362549,0.0
2022,persistence,48,100,9.571155548095703,5.2485857009887695,0.04550294950604439,0.0438365638256073,-0.012269234284758568,0.6923719909579716,6.694830417633057,28.305313110351562,362549,0.0
2022,persistence,48,70,7.186824798583984,3.918776750564575,0.014585173688828945,0.014438295736908913,-0.002043382730334997,0.5980665917619711,4.913012981414795,34.31947326660156,362549,0.0
2022,persistence,48,50,6.3003249168396,3.411680221557617,0.025374338030815125,-0.02537575177848339,0.0007905397214926779,0.5531163305752649,4.53171968460083,28.465505599975586,362549,0.0
2022,persistence,48,30,6.696239948272705,3.581799268722534,0.08802676945924759,-0.08801369369029999,0.0013156731147319078,0.5828007881823718,4.93622350692749,24.022048950195312,362549,0.0
2022,persistence,48,20,7.152968406677246,3.8416383266448975,0.09906518459320068,-0.09904894232749939,-0.0013233101926743984,0.6071824731478572,5.254437446594238,26.557268142700195,362549,0.0
2022,persistence,72,100,10.577630043029785,5.787959098815918,0.0652448907494545,0.060639627277851105,-0.02407759055495262,0.6502539382981931,7.524960517883301,30.63180160522461,362549,0.0
2022,persistence,72,70,7.627458095550537,4.135981559753418,0.020007340237498283,0.019319672137498856,-0.005216768477112055,0.591718518670717,5.366984844207764,35.51999282836914,362549,0.0
2022,persistence,72,50,6.629153251647949,3.5650174617767334,0.042099226266145706,-0.04208963364362717,-0.0010642021661624312,0.5635409953263681,4.951570510864258,29.09607696533203,362549,0.0
2022,persistence,72,30,7.200080871582031,3.8116965293884277,0.13856467604637146,-0.13851796090602875,0.0026333234272897243,0.5899791438554315,5.528465747833252,25.148073196411133,362549,0.0
2022,persistence,72,20,7.950291156768799,4.206141948699951,0.15226079523563385,-0.1522567719221115,-0.0008435345953330398,0.5764790368463795,5.990152359008789,28.850788116455078,362549,0.0
2022,tide_persistence,6,100,4.526171684265137,2.4760515689849854,0.005834737326949835,0.005803431384265423,-0.0006030291551724076,0.9169078251666885,3.0231595039367676,13.104690551757812,362549,0.1
2022,tide_persistence,6,70,4.2478179931640625,2.346059799194336,0.0013856744626536965,0.0013601394603028893,-0.0002644073683768511,0.8151930628393788,2.7087173461914062,20.36798858642578,362549,0.1
2022,tide_persistence,6,50,4.115400314331055,2.2842819690704346,0.0024708304554224014,-0.002470396226271987,-4.859139153268188e-05,0.7408938975699033,2.5968267917633057,20.829299926757812,362549,0.1
2022,tide_persistence,6,30,4.346860408782959,2.417466163635254,0.010243364609777927,-0.010111740790307522,0.0016382005997002125,0.7400430293458498,2.748241662979126,18.42410659790039,362549,0.1
2022,tide_persistence,6,20,4.738932132720947,2.6401913166046143,0.01042165607213974,-0.010411645285785198,0.00046109064714983106,0.7461166467453981,3.012166976928711,20.070920944213867,362549,0.1
2022,tide_persistence,12,100,6.132546901702881,3.3787102699279785,0.011965938843786716,0.011864915490150452,-0.0015459891874343157,0.8508083604165936,4.096999645233154,18.4271183013916,362549,0.1
2022,tide_persistence,12,70,5.495851516723633,3.048074960708618,0.002333718352019787,0.002333755139261484,4.001698471256532e-05,0.7014871625796317,3.524460792541504,27.08902359008789,362549,0.1
2022,tide_persistence,12,50,5.130447864532471,2.841031789779663,0.004880729131400585,-0.004880581982433796,-4.3570686102611944e-05,0.6105955106229183,3.2845113277435303,25.73995590209961,362549,0.1
2022,tide_persistence,12,30,5.381065845489502,2.970811605453491,0.01994427852332592,-0.019747646525502205,0.002795565640553832,0.6197419113562204,3.47957444190979,22.096994400024414,362549,0.1
2022,tide_persistence,12,20,5.846193313598633,3.2337517738342285,0.021954555064439774,-0.02195347473025322,0.00017832146841101348,0.634457660604161,3.8113906383514404,24.18750762939453,362549,0.1
2022,tide_persistence,24,100,7.551719665527344,4.138106822967529,0.02397761307656765,0.02347625605762005,-0.004845599643886089,0.7893201583581884,5.15982723236084,22.443710327148438,362549,0.1
2022,tide_persistence,24,70,5.9872260093688965,3.2786478996276855,0.0068920813500881195,0.00676538422703743,0.0012463802704587579,0.6823563173186421,3.9857773780822754,28.820068359375,362549,0.1
2022,tide_persistence,24,50,5.276386260986328,2.8725903034210205,0.010850013233721256,-0.010780719108879566,-0.0011490301694720984,0.6343399767181184,3.6041650772094727,24.243188858032227,362549,0.1
2022,tide_persistence,24,30,5.609941005706787,3.026362657546997,0.041435886174440384,-0.041293222457170486,0.003344954689964652,0.6466202125351379,3.9002678394317627,20.62409782409668,362549,0.1
2022,tide_persistence,24,20,6.019396781921387,3.2643942832946777,0.04672177881002426,-0.04672247916460037,-0.0003578889009077102,0.6662690991543362,4.190200328826904,22.81606101989746,362549,0.1
2022,tide_persistence,48,100,9.571155548095703,5.2485857009887695,0.04550294950604439,0.0438365638256073,-0.012269234284758568,0.6923719909579716,6.694830417633057,28.305313110351562,362549,0.1
2022,tide_persistence,48,70,7.186824798583984,3.918776750564575,0.014585173688828945,0.014438295736908913,-0.002043382730334997,0.5980665917619711,4.913012981414795,34.31947326660156,362549,0.1
2022,tide_persistence,48,50,6.3003249168396,3.411680221557617,0.025374338030815125,-0.02537575177848339,0.0007905397214926779,0.5531163305752649,4.53171968460083,28.465505599975586,362549,0.1
2022,tide_persistence,48,30,6.696239948272705,3.581799268722534,0.08802676945924759,-0.08801369369029999,0.0013156731147319078,0.5828007881823718,4.93622350692749,24.022048950195312,362549,0.1
2022,tide_persistence,48,20,7.152968406677246,3.8416383266448975,0.09906518459320068,-0.09904894232749939,-0.0013233101926743984,0.6071824731478572,5.254437446594238,26.557268142700195,362549,0.1
2022,tide_persistence,72,100,10.577630043029785,5.787959098815918,0.0652448907494545,0.060639627277851105,-0.02407759055495262,0.6502539382981931,7.524960517883301,30.63180160522461,362549,0.1
2022,tide_persistence,72,70,7.627458095550537,4.135981559753418,0.020007340237498283,0.019319672137498856,-0.005216768477112055,0.591718518670717,5.366984844207764,35.51999282836914,362549,0.1
2022,tide_persistence,72,50,6.629153251647949,3.5650174617767334,0.042099226266145706,-0.04208963364362717,-0.0010642021661624312,0.5635409953263681,4.951570510864258,29.09607696533203,362549,0.1
2022,tide_persistence,72,30,7.200080871582031,3.8116965293884277,0.13856467604637146,-0.13851796090602875,0.0026333234272897243,0.5899791438554315,5.528465747833252,25.148073196411133,362549,0.1
2022,tide_persistence,72,20,7.950291156768799,4.206141948699951,0.15226079523563385,-0.1522567719221115,-0.0008435345953330398,0.5764790368463795,5.990152359008789,28.850788116455078,362549,0.1
2022,climatology,6,100,10.13955020904541,5.4747443199157715,2.2333528995513916,2.2308173179626465,0.10767265409231186,0.6668799054621879,7.9693684577941895,29.93351936340332,362549,0.1
2022,climatology,6,70,7.139620304107666,3.7849905490875244,1.0800704956054688,1.070515751838684,0.14334538578987122,0.6302151052410803,5.887841701507568,35.52762985229492,362549,0.1
2022,climatology,6,50,7.588472366333008,3.861088514328003,0.9255976676940918,0.9204200506210327,0.0974854901432991,0.5767871957996773,6.686407566070557,36.44118118286133,362549,0.1
2022,climatology,6,30,11.653895378112793,5.519010543823242,0.08050061017274857,0.0576525516808033,0.056127503514289856,0.5127314047442799,10.604737281799316,36.29315185546875,362549,0.1
2022,climatology,6,20,11.9639253616333,5.868448734283447,2.578721284866333,-2.5787220001220703,-0.006574547849595547,0.5017431479862721,10.030784606933594,46.50290298461914,362549,0.1
2022,climatology,12,100,10.139202117919922,5.474389553070068,2.2380526065826416,2.235569715499878,0.10668165981769562,0.6670331948614033,7.9701385498046875,29.924694061279297,362549,0.1
2022,climatology,12,70,7.139142990112305,3.7848222255706787,1.0808470249176025,1.0712593793869019,0.14365017414093018,0.6303531589397052,5.887726783752441,35.52223587036133,362549,0.1
2022,climatology,12,50,7.590030670166016,3.8618545532226562,0.9235420823097229,0.9183568954467773,0.09744475781917572,0.5767367980349452,6.688466548919678,36.422298431396484,362549,0.1
2022,climatology,12,30,11.652994155883789,5.518949508666992,0.07567611336708069,0.049146633595228195,0.05749984458088875,0.5127728735163313,10.603021621704102,36.3139762878418,362549,0.1
2022,climatology,12,20,11.963104248046875,5.868323802947998,2.5888712406158447,-2.5888724327087402,-0.006196021102368832,0.5017876653824571,10.025928497314453,46.559059143066406,362549,0.1
2022,climatology,24,100,10.137165069580078,5.472527027130127,2.246687173843384,2.2443459033966064,0.10384023934602737,0.6674221539043185,7.970273017883301,29.90456771850586,362549,0.1
2022,climatology,24,70,7.137274742126465,3.783515453338623,1.0847359895706177,1.0749626159667969,0.1452772319316864,0.6305290480362256,5.8869524002075195,35.494930267333984,362549,0.1
2022,climatology,24,50,7.5931010246276855,3.8635377883911133,0.9180843234062195,0.912962794303894,0.09656517952680588,0.576718026860711,6.692435264587402,36.37508010864258,362549,0.1
2022,climatology,24,30,11.650561332702637,5.518828868865967,0.06623540073633194,0.030861690640449524,0.0585775189101696,0.5127648214595406,10.600044250488281,36.33209228515625,362549,0.1
2022,climatology,24,20,11.961710929870605,5.868408203125,2.6101977825164795,-2.610198497772217,-0.006449779961258173,0.5014970448966507,10.017573356628418,46.68638229370117,362549,0.1
2022,climatology,48,100,10.128519058227539,5.4661688804626465,2.261345624923706,2.2593250274658203,0.09697293490171432,0.6683449166413965,7.965954780578613,29.868131637573242,362549,0.1
2022,climatology,48,70,7.131072044372559,3.7790651321411133,1.0908925533294678,1.0815472602844238,0.14247897267341614,0.6311217706840871,5.883715629577637,35.4339485168457,362549,0.1
2022,climatology,48,50,7.599668025970459,3.867089033126831,0.9051191210746765,0.899696409702301,0.09865272045135498,0.5765239734001331,6.700924873352051,36.28718185424805,362549,0.1
2022,climatology,48,30,11.644342422485352,5.518011569976807,0.05789948254823685,-0.010023989714682102,0.05703404173254967,0.5128593540719293,10.59221076965332,36.364540100097656,362549,0.1
2022,climatology,48,20,11.954671859741211,5.8668532371521,2.656654119491577,-2.656653881072998,-0.006383905187249184,0.5014917485096856,9.99659252166748,46.90462875366211,362549,0.1
2022,climatology,72,100,10.122899055480957,5.462296009063721,2.272303342819214,2.2707464694976807,0.08572091162204742,0.6692532377682407,7.960933208465576,29.856679916381836,362549,0.1
2022,climatology,72,70,7.1269426345825195,3.7758407592773438,1.0943082571029663,1.0853402614593506,0.1397971212863922,0.6314634779593225,5.881132125854492,35.37553024291992,362549,0.1
2022,climatology,72,50,7.6086201667785645,3.87141489982605,0.8896387219429016,0.884311318397522,0.09694597125053406,0.5764571987682163,6.711618900299072,36.20595169067383,362549,0.1
2022,climatology,72,30,11.632887840270996,5.51530122756958,0.08029868453741074,-0.054693467915058136,0.05883749946951866,0.5129477464162977,10.578131675720215,36.39777755737305,362549,0.1
2022,climatology,72,20,11.948958396911621,5.865880012512207,2.7039947509765625,-2.7039902210235596,-0.004872832912951708,0.5011729597445447,9.97569751739502,47.11042404174805,362549,0.1
2022,moving_average,6,100,5.446505069732666,2.9955971240997314,0.013115269131958485,0.01311392243951559,-0.0003238025528844446,0.8790577106200164,3.739100217819214,16.27739906311035,362549,0.0
2022,moving_average,6,70,4.541252613067627,2.5111849308013916,0.003558538621291518,0.003545269602909684,0.00027582343318499625,0.7750840277586077,3.053830623626709,22.45456886291504,362549,0.0
2022,moving_average,6,50,4.118874549865723,2.272150993347168,0.00558666605502367,-0.005547199863940477,0.00066806108225137,0.7020042753654676,2.8007795810699463,20.13837242126465,362549,0.0
2022,moving_average,6,30,4.424339771270752,2.4333181381225586,0.024218328297138214,-0.02401505969464779,0.003116730134934187,0.6912610351732658,3.0261330604553223,17.90542984008789,362549,0.0
2022,moving_average,6,20,4.762849807739258,2.6253561973571777,0.02581949532032013,-0.025767475366592407,0.0015941079473122954,0.7135294653888111,3.2748336791992188,19.716106414794922,362549,0.0
2022,moving_average,12,100,6.472538471221924,3.5547187328338623,0.019541867077350616,0.019473057240247726,-0.001582169672474265,0.833116952515396,4.463255882263184,19.489885330200195,362549,0.0
2022,moving_average,12,70,5.197235107421875,2.8597073554992676,0.004901822656393051,0.004896735772490501,0.00014085783914197236,0.7155331400171827,3.5176076889038086,25.888917922973633,362549,0.0
2022,moving_average,12,50,4.621877193450928,2.5266213417053223,0.007532315328717232,-0.007532376330345869,0.0001572800538269803,0.638204674055016,3.198293924331665,22.09009552001953,362549,0.0
2022,moving_average,12,30,4.966490745544434,2.7016003131866455,0.033762428909540176,-0.03358868882060051,0.0033693001605570316,0.629279325845212,3.4708313941955566,19.40999984741211,362549,0.0
2022,moving_average,12,20,5.325545310974121,2.907224655151367,0.03753865510225296,-0.03753146901726723,0.0007621986442245543,0.6600046976880307,3.7376248836517334,21.51506996154785,362549,0.0
2022,moving_average,24,100,7.868210792541504,4.311835289001465,0.03140886127948761,0.03099619783461094,-0.005027980078011751,0.7660470685800104,5.4946699142456055,23.654491424560547,362549,0.0
2022,moving_average,24,70,6.0083699226379395,3.2768571376800537,0.009215257130563259,0.009115583263337612,0.0013348034117370844,0.6488268245918648,4.133114337921143,29.709510803222656,362549,0.0
2022,moving_average,24,50,5.266619682312012,2.842797040939331,0.01380612887442112,-0.013782108202576637,-0.0008357068290933967,0.5700164916638198,3.768827199935913,24.287120819091797,362549,0.0
2022,moving_average,24,30,5.681474685668945,3.052333354949951,0.05569363012909889,-0.05548424646258354,0.004822175018489361,0.5635612956639239,4.120229244232178,21.42898178100586,362549,0.0
2022,moving_average,24,20,6.050899982452393,3.2656633853912354,0.06191769242286682,-0.061908699572086334,0.0011358533520251513,0.6057696179712192,4.393438816070557,23.812795639038086,362549,0.0
2022,moving_average,48,100,9.484549522399902,5.18589448928833,0.05284170061349869,0.051356516778469086,-0.012451617047190666,0.6893665655727548,6.772825717926025,28.05011558532715,362549,0.0
2022,moving_average,48,70,6.87535285949707,3.7189865112304688,0.016907962039113045,0.01678849570453167,-0.001954958774149418,0.5999858271072134,4.873150825500488,33.20592498779297,362549,0.0
2022,moving_average,48,50,5.9674248695373535,3.197327136993408,0.028403697535395622,-0.028377145528793335,0.001103864167816937,0.5372489147362809,4.499061584472656,26.75505828857422,362549,0.0
2022,moving_average,48,30,6.476863384246826,3.4279370307922363,0.10224735736846924,-0.10220471769571304,0.002792893908917904,0.5449394538512387,4.9856181144714355,23.496496200561523,362549,0.0
2022,moving_average,48,20,7.006518840789795,3.711665630340576,0.11423304677009583,-0.11423516273498535,0.00017043392290361226,0.5664514382593947,5.336634635925293,26.66303253173828,362549,0.0
2022,moving_average,72,100,10.37033748626709,5.648288249969482,0.07234550267457962,0.06815958023071289,-0.024259980767965317,0.6528899136630462,7.511215686798096,29.96214485168457,362549,0.0
2022,moving_average,72,70,7.269809722900391,3.9042487144470215,0.022272514179348946,0.021669872105121613,-0.005128347780555487,0.5934152380445963,5.2870354652404785,34.05124282836914,362549,0.0
2022,moving_average,72,50,6.25238037109375,3.318100690841675,0.04509502649307251,-0.04509105905890465,-0.0007508777780458331,0.5528216301274445,4.855321407318115,27.262006759643555,362549,0.0
2022,moving_average,72,30,6.968888282775879,3.6434316635131836,0.1527673751115799,-0.15270893275737762,0.004110537003725767,0.5469880900380634,5.5172624588012695,24.634855270385742,362549,0.0
2022,moving_average,72,20,7.8040900230407715,4.056167125701904,0.16744381189346313,-0.16744297742843628,0.000650213158223778,0.5250164212052146,6.037079811096191,28.84882164001465,362549,0.0
2022,linear,6,100,4.187439918518066,2.2860770225524902,0.04065290465950966,0.04014158248901367,-0.006430499255657196,0.924532757693949,2.8752903938293457,12.002950668334961,362549,8.5
2022,linear,6,70,3.5257585048675537,1.9471983909606934,0.02460245043039322,0.002867909846827388,-0.02443484403192997,0.8562639564124063,2.379798173904419,16.8825626373291,362549,8.5
2022,linear,6,50,3.303542375564575,1.831630825996399,0.05502267926931381,0.033247917890548706,0.04384376108646393,0.8011023819626646,2.221804618835449,15.90159797668457,362549,8.5
2022,linear,6,30,3.4335224628448486,1.9053637981414795,0.10116434842348099,0.07011749595403671,0.07292147725820541,0.8124009083324455,2.331570863723755,13.442801475524902,362549,8.5
2022,linear,6,20,3.879450559616089,2.1536574363708496,0.1230580061674118,-0.08308949321508408,-0.09077040106058121,0.8034005648874195,2.652677297592163,15.662220001220703,362549,8.5
2022,linear,12,100,5.48147439956665,3.0139663219451904,0.0945131704211235,0.09382925927639008,-0.011360205709934235,0.8711113017557852,3.868584394454956,16.233346939086914,362549,8.5
2022,linear,12,70,4.351944923400879,2.40816068649292,0.010676170699298382,0.0016141245141625404,-0.010553402826189995,0.7894844986294471,3.0695648193359375,21.35968589782715,362549,8.5
2022,linear,12,50,3.9339163303375244,2.173107147216797,0.06290053576231003,0.047194212675094604,0.041584212332963943,0.7295144173291503,2.8049449920654297,18.733104705810547,362549,8.5
2022,linear,12,30,4.093249320983887,2.248972177505493,0.1598966270685196,0.1451379954814911,0.06709520518779755,0.7567964426599085,2.964287281036377,15.767712593078613,362549,8.5
2022,linear,12,20,4.612653732299805,2.5328238010406494,0.18400149047374725,-0.16751202940940857,-0.0761316791176796,0.7451608329631145,3.3401970863342285,18.137958526611328,362549,8.5
2022,linear,24,100,6.732342720031738,3.693941354751587,0.19237534701824188,0.19235442578792572,-0.0031004617922008038,0.8129901523055685,4.93520450592041,19.672271728515625,362549,8.5
2022,linear,24,70,4.983944416046143,2.7350857257843018,0.0218841303139925,0.013591298833489418,0.01715131662786007,0.7429568363203918,3.641857385635376,24.214405059814453,362549,8.5
2022,linear,24,50,4.383620262145996,2.387871265411377,0.025568950921297073,0.002039589686319232,0.02548760548233986,0.6944245221760486,3.2808823585510254,20.03033447265625,362549,8.5
2022,linear,24,30,4.622332572937012,2.489086627960205,0.21363915503025055,0.21038177609443665,0.03715705871582031,0.7280250822102442,3.5201029777526855,16.779098510742188,362549,8.5
2022,linear,24,20,5.187313079833984,2.799626350402832,0.23458898067474365,-0.23151163756847382,-0.03786061704158783,0.7141303258980928,3.9265520572662354,19.569128036499023,362549,8.5
2022,linear,48,100,8.31814956665039,4.556149482727051,0.3806929588317871,0.3803267478942871,0.016687272116541862,0.7296957543865122,6.388576984405518,24.144977569580078,362549,8.5
2022,linear,48,70,5.954356670379639,3.231555223464966,0.05525640398263931,0.03082546778023243,0.04586075618863106,0.6616590558995252,4.528275966644287,29.04190444946289,362549,8.5
2022,linear,48,50,5.169621467590332,2.770995855331421,0.09134525060653687,-0.08073531836271286,0.042731210589408875,0.6246155755620537,4.076667308807373,22.857160568237305,362549,8.5
2022,linear,48,30,5.648163318634033,2.98818302154541,0.24100910127162933,0.24051398038864136,0.015425306744873524,0.6449630881449113,4.538029670715332,19.737363815307617,362549,8.5
2022,linear,48,20,6.246430397033691,3.2888617515563965,0.2890699803829193,-0.2884053587913513,-0.019611788913607597,0.6587063561303241,4.977548122406006,22.701183319091797,362549,8.5
2022,linear,72,100,9.131973266601562,4.985232830047607,0.5162526965141296,0.5157531499862671,0.022419976070523262,0.6903680232475069,7.174994468688965,26.143110275268555,362549,8.5
2022,linear,72,70,6.425838947296143,3.4660720825195312,0.08848446607589722,0.05262366309762001,0.07113805413246155,0.6316681279946226,4.98207426071167,30.992450714111328,362549,8.5
2022,linear,72,50,5.53948450088501,2.9435834884643555,0.14233405888080597,-0.13409292697906494,0.04772493988275528,0.6026846519465457,4.460338592529297,23.94856834411621,362549,8.5
2022,linear,72,30,6.227397918701172,3.2358558177948,0.2255104035139084,0.22391003370285034,0.0267779640853405,0.6336045573132822,5.134507656097412,20.947603225708008,362549,8.5
2022,linear,72,20,7.002079963684082,3.6111605167388916,0.31039130687713623,-0.3092350661754608,-0.026794740930199623,0.6210997395608647,5.687284469604492,24.86917495727539,362549,8.5
2022,ridge,6,100,4.187353610992432,2.286118984222412,0.040914688259363174,0.040361661463975906,-0.006705001462250948,0.9245374902344139,2.8754618167877197,12.003752708435059,362549,8.5
2022,ridge,6,70,3.525803565979004,1.9473453760147095,0.02474827878177166,0.002780583221465349,-0.024592220783233643,0.8562557126579873,2.3801357746124268,16.884944915771484,362549,8.5
2022,ridge,6,50,3.303300619125366,1.8317312002182007,0.054647307842969894,0.03302909806370735,0.0435357466340065,0.8011235884507271,2.2219297885894775,15.910748481750488,362549,8.5
2022,ridge,6,30,3.4329111576080322,1.905453085899353,0.10111089795827866,0.07018869370222092,0.0727769061923027,0.8124406177345342,2.3311755657196045,13.454322814941406,362549,8.5
2022,ridge,6,20,3.8790719509124756,2.153752565383911,0.12300863862037659,-0.08304254710674286,-0.09074777364730835,0.8034006312786814,2.6523451805114746,15.6724214553833,362549,8.5
2022,ridge,12,100,5.481574058532715,3.01418399810791,0.094478078186512,0.09375642985105515,-0.011654582805931568,0.8711106967129665,3.868691921234131,16.23672866821289,362549,8.5
2022,ridge,12,70,4.3518571853637695,2.4083046913146973,0.010758836753666401,0.0013376424321904778,-0.010675311088562012,0.7894842547435728,3.069581985473633,21.36368751525879,362549,8.5
2022,ridge,12,50,3.933570146560669,2.1731655597686768,0.06247469782829285,0.04680193215608597,0.04138471186161041,0.7295612236269192,2.804590940475464,18.738637924194336,362549,8.5
2022,ridge,12,30,4.09272575378418,2.249013900756836,0.15976561605930328,0.14503248035907745,0.06701121479272842,0.7568348365103164,2.963502883911133,15.774454116821289,362549,8.5
2022,ridge,12,20,4.612884521484375,2.533184766769409,0.18390117585659027,-0.16744935512542725,-0.07603071630001068,0.7451488032240445,3.340240955352783,18.14586067199707,362549,8.5
2022,ridge,24,100,6.732266426086426,3.6939165592193604,0.1923915147781372,0.19236455857753754,-0.003319788258522749,0.8129982588769338,4.9349517822265625,19.673694610595703,362549,8.5
2022,ridge,24,70,4.9836955070495605,2.734950065612793,0.021776072680950165,0.013541930355131626,0.017055153846740723,0.7429668264895747,3.6415889263153076,24.213294982910156,362549,8.5
2022,ridge,24,50,4.383350372314453,2.3877651691436768,0.025433098897337914,0.0018601795891299844,0.025364765897393227,0.6944388027917723,3.2804675102233887,20.030471801757812,362549,8.5
2022,ridge,24,30,4.62209415435791,2.489042043685913,0.2135123312473297,0.21026836335659027,0.03708985075354576,0.7280160961996281,3.5196452140808105,16.780454635620117,362549,8.5
2022,ridge,24,20,5.187682151794434,2.79984974861145,0.23438425362110138,-0.23130740225315094,-0.037853386253118515,0.7141144849255661,3.926806688308716,19.571149826049805,362549,8.5
2022,ridge,48,100,8.317978858947754,4.555979251861572,0.3804325759410858,0.3800811767578125,0.01643199287354946,0.7297213244572183,6.388125419616699,24.148658752441406,362549,8.5
2022,ridge,48,70,5.954239368438721,3.2314515113830566,0.0551779679954052,0.030796397477388382,0.04578462615609169,0.6616603933806341,4.528093338012695,29.04046058654785,362549,8.5
2022,ridge,48,50,5.169806003570557,2.771082639694214,0.09145353734493256,-0.08088216185569763,0.0426812507212162,0.624591500376013,4.076750755310059,22.858850479125977,362549,8.5
2022,ridge,48,30,5.648261547088623,2.9881832599639893,0.24084186553955078,0.24034811556339264,0.015399092808365822,0.6449595341710063,4.537924289703369,19.73855209350586,362549,8.5
2022,ridge,48,20,6.246635437011719,3.2889554500579834,0.2888472378253937,-0.2881822884082794,-0.01959161087870598,0.6587198440432391,4.977726936340332,22.702354431152344,362549,8.5
2022,ridge,72,100,9.131475448608398,4.984921455383301,0.5157669186592102,0.5152885913848877,0.02220705710351467,0.6903952238574782,7.174036502838135,26.145177841186523,362549,8.5
2022,ridge,72,70,6.4256439208984375,3.46590518951416,0.08843100816011429,0.05259989574551582,0.07108499854803085,0.6316902314301195,4.981651306152344,30.992298126220703,362549,8.5
2022,ridge,72,50,5.539731025695801,2.943669080734253,0.14243213832378387,-0.1342093050479889,0.04769505560398102,0.6026805842272807,4.460536003112793,23.9498291015625,362549,8.5
2022,ridge,72,30,6.227571964263916,3.2359094619750977,0.22526010870933533,0.22366344928741455,0.026768364012241364,0.6336071211073242,5.134548664093018,20.948993682861328,362549,8.5
2022,ridge,72,20,7.00214958190918,3.6112897396087646,0.31020113825798035,-0.30904296040534973,-0.026745641604065895,0.621098998459626,5.687371253967285,24.87026023864746,362549,8.5
2022,gradient_boosting,6,100,4.052919864654541,2.2100296020507812,0.07540633529424667,0.06238577887415886,0.042355574667453766,0.929951177812813,2.7943615913391113,11.491913795471191,362549,148.9
2022,gradient_boosting,6,70,3.331728935241699,1.8356094360351562,0.024492846801877022,0.007478625513613224,0.023323269560933113,0.8744699911664626,2.2645339965820312,15.526108741760254,362549,148.9
2022,gradient_boosting,6,50,3.062116861343384,1.692147135734558,0.05452163890004158,0.02271576039493084,0.04956312105059624,0.8376183018287224,2.0838332176208496,14.266009330749512,362549,148.9
2022,gradient_boosting,6,30,3.1861207485198975,1.765350341796875,0.05006738752126694,0.029669474810361862,0.040328558534383774,0.8449072641443264,2.1739108562469482,12.291239738464355,362549,148.9
2022,gradient_boosting,6,20,3.5966897010803223,1.9941418170928955,0.19097638130187988,-0.1312950998544693,-0.1386854201555252,0.8408070524769964,2.480325937271118,14.160057067871094,362549,148.9
2022,gradient_boosting,12,100,5.319468021392822,2.922468423843384,0.2034422606229782,0.17511774599552155,0.10355290025472641,0.8804934769366669,3.7591769695281982,15.552040100097656,362549,148.9
2022,gradient_boosting,12,70,4.135676860809326,2.2828168869018555,0.09489797055721283,0.07792773097753525,0.054155535995960236,0.8166490305313283,2.9389657974243164,19.8234920501709,362549,148.9
2022,gradient_boosting,12,50,3.691514015197754,2.034419536590576,0.097675621509552,0.0662614107131958,0.07176382839679718,0.7784346403244414,2.6556105613708496,17.058597564697266,362549,148.9
2022,gradient_boosting,12,30,3.871102809906006,2.123462677001953,0.056293025612831116,0.04134964942932129,0.0381980836391449,0.7930713792131645,2.8218369483947754,14.649969100952148,362549,148.9
2022,gradient_boosting,12,20,4.306390762329102,2.360321521759033,0.3148795962333679,-0.3041842579841614,-0.08137538284063339,0.7952979598342821,3.1558499336242676,16.514408111572266,362549,148.9
2022,gradient_boosting,24,100,6.5834126472473145,3.6058835983276367,0.450198233127594,0.43007686734199524,0.1330583393573761,0.8253171791624543,4.826488018035889,19.203737258911133,362549,148.9
2022,gradient_boosting,24,70,4.808077812194824,2.637709379196167,0.16208869218826294,0.1519468128681183,0.0564330518245697,0.767450514545609,3.5305495262145996,22.962902069091797,362549,148.9
2022,gradient_boosting,24,50,4.2027387619018555,2.2884812355041504,0.09589681774377823,0.08227287232875824,0.04926792159676552,0.7343766759781902,3.147937536239624,18.904682159423828,362549,148.9
2022,gradient_boosting,24,30,4.440833568572998,2.386826753616333,0.06118201091885567,0.048845358192920685,0.036844443529844284,0.7613330946861958,3.3906326293945312,16.157392501831055,362549,148.9
2022,gradient_boosting,24,20,4.919419288635254,2.6600005626678467,0.39017319679260254,-0.3901091516017914,-0.006974030286073685,0.7550585096930704,3.738649606704712,18.4731502532959,362549,148.9
2022,gradient_boosting,48,100,8.13219928741455,4.436568260192871,0.9429356455802917,0.9384666085243225,0.09185859560966492,0.7452147359851193,6.1913743019104,23.95387077331543,362549,148.9
2022,gradient_boosting,48,70,5.751864433288574,3.13193941116333,0.22472931444644928,0.20218952000141144,0.09809892624616623,0.6821302113888973,4.36528205871582,27.9089412689209,362549,148.9
2022,gradient_boosting,48,50,5.039031505584717,2.7040810585021973,0.06255131959915161,0.04954482242465019,0.03818468376994133,0.6481650938526646,3.954791307449341,22.197887420654297,362549,148.9
2022,gradient_boosting,48,30,5.424545764923096,2.8627381324768066,0.06999921798706055,-0.06682076305150986,0.020855484530329704,0.6778176920228205,4.321282863616943,19.366336822509766,362549,148.9
2022,gradient_boosting,48,20,5.985930919647217,3.1711816787719727,0.5017563700675964,-0.501676082611084,-0.008963542059063911,0.6777906805473646,4.774938583374023,21.838092803955078,362549,148.9
2022,gradient_boosting,72,100,8.882721900939941,4.8417863845825195,1.1926381587982178,1.1893839836120605,0.08797285705804825,0.7037479572951002,6.855885982513428,26.26235008239746,362549,148.9
2022,gradient_boosting,72,70,6.208582878112793,3.3617470264434814,0.263023316860199,0.24658231437206268,0.09153980016708374,0.649538192082532,4.765664577484131,30.57811737060547,362549,148.9
2022,gradient_boosting,72,50,5.418574333190918,2.883775472640991,0.06944472342729568,0.028156204149127007,0.0634816586971283,0.6170889167780256,4.338141918182373,23.47687530517578,362549,148.9
2022,gradient_boosting,72,30,5.937472343444824,3.093010187149048,0.22682274878025055,-0.2179785519838333,0.062720388174057,0.6498872868283312,4.8198323249816895,20.767757415771484,362549,148.9
2022,gradient_boosting,72,20,6.685025215148926,3.4720237255096436,0.6355149745941162,-0.6352582573890686,0.018098825588822365,0.6309771108300556,5.427984714508057,24.13426971435547,362549,148.9
2022,lstm,6,100,4.040560722351074,2.203512191772461,0.23187905550003052,0.18344059586524963,0.14183127880096436,0.9309607725774012,2.783010959625244,11.470985412597656,362549,47.4
2022,lstm,6,70,3.3132474422454834,1.8231281042099,0.3767912685871124,0.27799007296562195,0.2543415129184723,0.8771511983126525,2.240480422973633,15.385720252990723,362549,47.4
2022,lstm,6,50,3.016941785812378,1.664658784866333,0.2744998335838318,0.09344276785850525,0.25810468196868896,0.843912836470744,2.03991961479187,13.972862243652344,362549,47.4
2022,lstm,6,30,3.1466009616851807,1.7388256788253784,0.17207980155944824,0.11741483956575394,0.1257980316877365,0.8497863819538041,2.1435647010803223,11.984916687011719,362549,47.4
2022,lstm,6,20,3.5623297691345215,1.975063681602478,0.2907997667789459,-0.11980772018432617,0.264970600605011,0.8434924397271126,2.4536566734313965,14.019853591918945,362549,47.4
2022,lstm,12,100,5.309273719787598,2.9183342456817627,0.39721935987472534,0.35684433579444885,0.17448945343494415,0.8816720356223072,3.7463316917419434,15.638278007507324,362549,47.4
2022,lstm,12,70,4.098379611968994,2.2635369300842285,0.4401529133319855,0.4351915717124939,-0.06588104367256165,0.8196315639577072,2.892009973526001,19.645221710205078,362549,47.4
2022,lstm,12,50,3.671449661254883,2.020993709564209,0.3522673547267914,0.28907811641693115,0.2013138383626938,0.7786123664981668,2.592430353164673,16.98040008544922,362549,47.4
2022,lstm,12,30,3.8456380367279053,2.105316400527954,0.09331981092691422,0.05471440404653549,0.0755961537361145,0.7910247283692193,2.7765355110168457,14.491472244262695,362549,47.4
2022,lstm,12,20,4.26418924331665,2.341113805770874,0.258932501077652,-0.10592658817768097,0.2362731546163559,0.7964696170602195,3.1133575439453125,16.408252716064453,362549,47.4
2022,lstm,24,100,6.631967067718506,3.6378207206726074,1.0169272422790527,1.013533353805542,0.08290297538042068,0.8267195332098689,4.884222984313965,19.71332550048828,362549,47.4
2022,lstm,24,70,4.7563300132751465,2.612055540084839,0.2494385540485382,0.11555806547403336,-0.22105632722377777,0.7703467210491166,3.4502944946289062,22.916797637939453,362549,47.4
2022,lstm,24,50,4.179068088531494,2.27308988571167,0.2884359657764435,0.26542818546295166,0.11288280040025711,0.7333416658260038,3.089691162109375,18.88208770751953,362549,47.4
2022,lstm,24,30,4.4478440284729,2.3887712955474854,0.28857070207595825,-0.07276774197816849,0.27924618124961853,0.7627642368318897,3.37933611869812,16.223800659179688,362549,47.4
2022,lstm,24,20,4.879131317138672,2.6415719985961914,0.5188581943511963,-0.4497348964214325,0.25873684883117676,0.7598466419726353,3.718623638153076,18.18545913696289,362549,47.4
2022,lstm,48,100,8.196294784545898,4.481123924255371,1.5926305055618286,1.5865414142608643,-0.1388937085866928,0.7468421741804376,6.218700408935547,24.676767349243164,362549,47.4
2022,lstm,48,70,5.6851582527160645,3.092076539993286,0.08075670152902603,-0.009005161933600903,-0.08025356382131577,0.6849763447376068,4.24368953704834,27.691635131835938,362549,47.4
2022,lstm,48,50,5.003220558166504,2.683530330657959,0.45911744236946106,0.4376774728298187,-0.1386563777923584,0.6475127063110433,3.8407046794891357,22.213899612426758,362549,47.4
2022,lstm,48,30,5.402238368988037,2.860520601272583,0.46900567412376404,-0.2558511793613434,0.3930778205394745,0.6809390786970236,4.2712483406066895,19.469572067260742,362549,47.4
2022,lstm,48,20,5.911144256591797,3.138017177581787,0.5810929536819458,-0.5712594985961914,0.10643411427736282,0.6864292095796879,4.702763080596924,21.482322692871094,362549,47.4
2022,lstm,72,100,8.933586120605469,4.871159553527832,1.865261435508728,1.8361642360687256,-0.32831746339797974,0.7076058906882983,6.845763683319092,26.907461166381836,362549,47.4
2022,lstm,72,70,6.151427745819092,3.332364797592163,0.2987585961818695,0.23226410150527954,-0.18791072070598602,0.6474991778170487,4.647186279296875,30.44508171081543,362549,47.4
2022,lstm,72,50,5.378221035003662,2.859203577041626,0.22186125814914703,0.21930250525474548,-0.033591076731681824,0.6168376303035302,4.2247538566589355,23.180206298828125,362549,47.4
2022,lstm,72,30,5.914736270904541,3.093229055404663,0.5706964731216431,-0.3632470667362213,0.4401695430278778,0.6506147254680448,4.768303394317627,20.89142417907715,362549,47.4
2022,lstm,72,20,6.586134433746338,3.426841974258423,0.7795746922492981,-0.7672832012176514,0.1379326581954956,0.6464378512441195,5.323617935180664,23.58762550354004,362549,47.4
2022,tcn,6,100,4.060645580291748,2.214956521987915,0.3744893968105316,0.14334633946418762,-0.3459705114364624,0.9301020376974708,2.7801973819732666,11.532279968261719,362549,40.2
2022,tcn,6,70,3.302755832672119,1.8174049854278564,0.0734073743224144,0.07076536864042282,0.019517578184604645,0.8752093773251677,2.2215185165405273,15.416613578796387,362549,40.2
2022,tcn,6,50,3.0493674278259277,1.6827590465545654,0.22938646376132965,0.2033931463956833,0.10606032609939575,0.8380954669332672,2.047637462615967,14.197417259216309,362549,40.2
2022,tcn,6,30,3.1621227264404297,1.7506639957427979,0.1566208451986313,-0.1261066198348999,0.09288281202316284,0.8490499607893207,2.1642870903015137,12.076536178588867,362549,40.2
2022,tcn,6,20,3.5566892623901367,1.969122052192688,0.30195093154907227,-0.2980491816997528,0.04838232696056366,0.8439989851366649,2.4464833736419678,13.967552185058594,362549,40.2
2022,tcn,12,100,5.290652275085449,2.907017707824707,0.2740798592567444,0.10287023335695267,-0.2540430426597595,0.8816612740493446,3.7140419483184814,15.554985046386719,362549,40.2
2022,tcn,12,70,4.082667350769043,2.2546842098236084,0.1064445823431015,0.08598487824201584,-0.0627470463514328,0.8172277553315785,2.859210968017578,19.68720054626465,362549,40.2
2022,tcn,12,50,3.691838026046753,2.033097505569458,0.25220784544944763,0.24083317816257477,0.0748818963766098,0.7776620098185689,2.626194715499878,17.09455108642578,362549,40.2
2022,tcn,12,30,3.8283891677856445,2.1016952991485596,0.2539539337158203,-0.20330488681793213,0.15218602120876312,0.7943649707609921,2.775637149810791,14.491683006286621,362549,40.2
2022,tcn,12,20,4.269073486328125,2.3395285606384277,0.5556394457817078,-0.53277987241745,0.15774419903755188,0.7984188813526911,3.1119282245635986,16.40447425842285,362549,40.2
2022,tcn,24,100,6.548810958862305,3.595214366912842,0.4243987798690796,0.4133426547050476,-0.09625470638275146,0.8266925681574859,4.783415794372559,19.349891662597656,362549,40.2
2022,tcn,24,70,4.752872943878174,2.6110050678253174,0.12012767791748047,0.11278174817562103,0.041365813463926315,0.7708306061434408,3.4508371353149414,22.965011596679688,362549,40.2
2022,tcn,24,50,4.203700065612793,2.2829720973968506,0.40208813548088074,0.38733527064323425,0.10792883485555649,0.7344383157064542,3.145876169204712,18.904281616210938,362549,40.2
2022,tcn,24,30,4.392940521240234,2.3703384399414062,0.22154200077056885,-0.20576968789100647,-0.08210165798664093,0.7626796624151784,3.3458704948425293,16.03252601623535,362549,40.2
2022,tcn,24,20,4.893746376037598,2.645493507385254,0.7272459268569946,-0.6952179074287415,0.2134612798690796,0.7580102422103363,3.7055039405822754,18.305896759033203,362549,40.2
2022,tcn,48,100,8.090574264526367,4.4332780838012695,1.0764620304107666,1.0682684183120728,-0.13252948224544525,0.7461802128599291,6.100158214569092,24.14362144470215,362549,40.2
2022,tcn,48,70,5.676087856292725,3.0957930088043213,0.2013409435749054,0.1043713241815567,0.1721770167350769,0.6866745086019009,4.2497406005859375,27.90582847595215,362549,40.2
2022,tcn,48,50,4.986614227294922,2.6675050258636475,0.33457958698272705,0.3335140645503998,0.026663510128855705,0.6569697447145817,3.896134853363037,22.02027130126953,362549,40.2
2022,tcn,48,30,5.365312099456787,2.844513416290283,0.24135828018188477,-0.23049220442771912,0.07159961760044098,0.6879385589422364,4.307716369628906,19.018016815185547,362549,40.2
2022,tcn,48,20,5.9077277183532715,3.1352312564849854,0.7705075144767761,-0.7622502446174622,0.1126527264714241,0.6872807022032752,4.680243015289307,21.55626106262207,362549,40.2
2022,tcn,72,100,8.819504737854004,4.819427967071533,1.2377876043319702,1.2280912399291992,-0.1545819342136383,0.7060720202501455,6.759365081787109,26.16490364074707,362549,40.2
2022,tcn,72,70,6.1273603439331055,3.3261220455169678,0.445064902305603,0.44372114539146423,0.0345512293279171,0.6485634621876347,4.6535468101501465,30.302820205688477,362549,40.2
2022,tcn,72,50,5.365955352783203,2.8489882946014404,0.21887481212615967,0.2106856405735016,0.05930832400918007,0.6255324460854096,4.266025066375732,23.246089935302734,362549,40.2
2022,tcn,72,30,5.946462154388428,3.105046033859253,0.47911104559898376,-0.4788666367530823,0.015366952866315842,0.6601099323274009,4.9007134437561035,20.513442993164062,362549,40.2
2022,tcn,72,20,6.609399318695068,3.4374499320983887,0.8970922827720642,-0.8956086039543152,-0.05146542564034462,0.6477917390861834,5.34675931930542,23.737031936645508,362549,40.2
2023,persistence,6,100,4.595983028411865,2.5214426517486572,0.0033777959179133177,-0.002718303119763732,0.0020045600831508636,0.9110300850581139,3.0416717529296875,15.217918395996094,362549,0.0
2023,persistence,6,70,4.413802146911621,2.4423460960388184,0.0012241709046065807,0.0011305718217045069,-0.00046848185593262315,0.8079897861995318,2.805647134780884,23.0895938873291,362549,0.0
2023,persistence,6,50,4.341560363769531,2.4156594276428223,0.006517195608466864,0.00640684412792325,0.0011995407985523343,0.7327507866597778,2.735238790512085,22.876922607421875,362549,0.0
2023,persistence,6,30,4.559967517852783,2.53602933883667,0.012657777406275272,0.012623395770788193,0.0009312943438999355,0.710273176754686,2.8359029293060303,19.58396339416504,362549,0.0
2023,persistence,6,20,4.756176471710205,2.6404285430908203,0.013082141056656837,0.013049815781414509,0.0009511701646260917,0.7339651791413497,2.9219651222229004,18.71703338623047,362549,0.0
2023,persistence,12,100,6.136579990386963,3.385922431945801,0.0057838717475533485,-0.004665834829211235,0.003419335698708892,0.8440121601283028,4.038773059844971,21.208717346191406,362549,0.0
2023,persistence,12,70,5.628607273101807,3.122896909713745,0.002838617656379938,0.0019919774495065212,-0.0020206880290061235,0.6951310106860356,3.559354543685913,30.547714233398438,362549,0.0
2023,persistence,12,50,5.314112663269043,2.9474856853485107,0.014046411961317062,0.013927800580859184,0.0018399907276034355,0.607546916925812,3.362556219100952,27.876192092895508,362549,0.0
2023,persistence,12,30,5.435510158538818,3.0117247104644775,0.025139309465885162,0.02513009123504162,0.0004072188166901469,0.5918992487036582,3.37848162651062,22.89519500732422,362549,0.0
2023,persistence,12,20,5.641867160797119,3.1091277599334717,0.02630101889371872,0.026295576244592667,0.0009044111939147115,0.6293455034962558,3.4525623321533203,21.937461853027344,362549,0.0
2023,persistence,24,100,7.576294898986816,4.155436038970947,0.0114370658993721,-0.009583871811628342,0.006240494083613157,0.774894527190703,5.010430812835693,26.31551170349121,362549,0.0
2023,persistence,24,70,6.047152042388916,3.305109739303589,0.003127266652882099,0.0017860301304608583,-0.002570891287177801,0.675152100591177,3.897547721862793,32.41064453125,362549,0.0
2023,persistence,24,50,5.270461559295654,2.862133026123047,0.02850203774869442,0.02828744240105152,0.003521343693137169,0.6408816574715566,3.479125499725342,25.803926467895508,362549,0.0
2023,persistence,24,30,4.987794399261475,2.716203451156616,0.047767624258995056,0.04772954061627388,0.002059686928987503,0.6871387729150451,3.3419952392578125,18.527860641479492,362549,0.0
2023,persistence,24,20,5.373774528503418,2.9044690132141113,0.052233483642339706,0.052160102874040604,0.0030083120800554752,0.69920946789084,3.5395233631134033,18.134902954101562,362549,0.0
2023,persistence,48,100,9.709389686584473,5.3074727058410645,0.023914963006973267,-0.021120518445968628,0.011224811896681786,0.6542771292733318,6.413661479949951,33.81175231933594,362549,0.0
2023,persistence,48,70,7.229145050048828,3.9398019313812256,0.001960272202268243,-0.0017276651924476027,0.0009451039368286729,0.5661880860995381,4.677873134613037,38.469303131103516,362549,0.0
2023,persistence,48,50,6.218977451324463,3.367504835128784,0.05266457423567772,0.05264107882976532,0.001644059782847762,0.5337168610178078,4.184776782989502,30.439937591552734,362549,0.0
2023,persistence,48,30,5.9310712814331055,3.1877126693725586,0.09243500977754593,0.09232732653617859,0.004467077553272247,0.6084196848179855,4.145207405090332,21.95854949951172,362549,0.0
2023,persistence,48,20,6.497331619262695,3.4516713619232178,0.10699781030416489,0.10675987601280212,0.007189703173935413,0.6311513388304111,4.511037349700928,21.82942008972168,362549,0.0
2023,persistence,72,100,10.764148712158203,5.884506702423096,0.03905284404754639,-0.03584332391619682,0.015504609793424606,0.5946046881316923,7.151292324066162,37.09030532836914,362549,0.0
2023,persistence,72,70,7.70981502532959,4.202332496643066,0.005355391185730696,-0.0034157559275627136,0.0041306945495307446,0.5415749168977476,5.143983364105225,39.92742156982422,362549,0.0
2023,persistence,72,50,6.4873948097229,3.5145041942596436,0.07456156611442566,0.07453170418739319,-0.00042049004696309566,0.5388280788722212,4.59771203994751,30.663944244384766,362549,0.0
2023,persistence,72,30,6.373053550720215,3.3996098041534424,0.1396561861038208,0.13960322737693787,0.004071345087140799,0.6016804259947004,4.638313293457031,23.194074630737305,362549,0.0
2023,persistence,72,20,7.10354471206665,3.738877773284912,0.16169585287570953,0.1616235375404358,0.004244132898747921,0.6138972967886068,5.068096160888672,23.75206756591797,362549,0.0
2023,tide_persistence,6,100,4.495989799499512,2.4623823165893555,0.002941453130915761,-0.0025082856882363558,0.0015365078579634428,0.9150134125164009,2.9819462299346924,14.838772773742676,362549,0.1
2023,tide_persistence,6,70,4.27863073348999,2.3658928871154785,0.0015851159114390612,0.0012934552505612373,-0.0009164249640889466,0.8200862143651724,2.7267661094665527,22.301223754882812,362549,0.1
2023,tide_persistence,6,50,4.169270992279053,2.3179025650024414,0.006536007858812809,0.006485471501946449,0.0008126669563353062,0.7534708280506861,2.634772777557373,21.836776733398438,362549,0.1
2023,tide_persistence,6,30,4.262083530426025,2.3711161613464355,0.01237470656633377,0.012339032255113125,0.0009432767401449382,0.7499130628094386,2.685974359512329,17.84762191772461,362549,0.1
2023,tide_persistence,6,20,4.456724643707275,2.472140312194824,0.013297412544488907,0.013231314718723297,0.001319131231866777,0.7678842938693686,2.7705845832824707,17.105403900146484,362549,0.1
2023,tide_persistence,12,100,6.08710241317749,3.357403039932251,0.005766970571130514,-0.004750247113406658,0.003269640263170004,0.846904999997652,4.010828971862793,20.91806411743164,362549,0.1
2023,tide_persistence,12,70,5.526858329772949,3.064021587371826,0.00269987597130239,0.0017849445575848222,-0.0020260547753423452,0.7084291366867251,3.512033700942993,29.766103744506836,362549,0.1
2023,tide_persistence,12,50,5.191162586212158,2.8798580169677734,0.013737926259636879,0.013595347292721272,0.0019744765013456345,0.6290928488100613,3.307128667831421,27.059696197509766,362549,0.1
2023,tide_persistence,12,30,5.14154577255249,2.8471200466156006,0.024838317185640335,0.02480236440896988,0.0013246169546619058,0.6454696706389973,3.2890701293945312,20.848522186279297,362549,0.1
2023,tide_persistence,12,20,5.353802680969238,2.946904182434082,0.026767699047923088,0.026705490425229073,0.0018144475761801004,0.675420134913048,3.353614091873169,20.02416229248047,362549,0.1
2023,tide_persistence,24,100,7.576294898986816,4.155436038970947,0.0114370658993721,-0.009583871811628342,0.006240494083613157,0.774894527190703,5.010430812835693,26.31551170349121,362549,0.1
2023,tide_persistence,24,70,6.047152042388916,3.305109739303589,0.003127266652882099,0.0017860301304608583,-0.002570891287177801,0.675152100591177,3.897547721862793,32.41064453125,362549,0.1
2023,tide_persistence,24,50,5.270461559295654,2.862133026123047,0.02850203774869442,0.02828744240105152,0.003521343693137169,0.6408816574715566,3.479125499725342,25.803926467895508,362549,0.1
2023,tide_persistence,24,30,4.987794399261475,2.716203451156616,0.047767624258995056,0.04772954061627388,0.002059686928987503,0.6871387729150451,3.3419952392578125,18.527860641479492,362549,0.1
2023,tide_persistence,24,20,5.373774528503418,2.9044690132141113,0.052233483642339706,0.052160102874040604,0.0030083120800554752,0.69920946789084,3.5395233631134033,18.134902954101562,362549,0.1
2023,tide_persistence,48,100,9.709389686584473,5.3074727058410645,0.023914963006973267,-0.021120518445968628,0.011224811896681786,0.6542771292733318,6.413661479949951,33.81175231933594,362549,0.1
2023,tide_persistence,48,70,7.229145050048828,3.9398019313812256,0.001960272202268243,-0.0017276651924476027,0.0009451039368286729,0.5661880860995381,4.677873134613037,38.469303131103516,362549,0.1
2023,tide_persistence,48,50,6.218977451324463,3.367504835128784,0.05266457423567772,0.05264107882976532,0.001644059782847762,0.5337168610178078,4.184776782989502,30.439937591552734,362549,0.1
2023,tide_persistence,48,30,5.9310712814331055,3.1877126693725586,0.09243500977754593,0.09232732653617859,0.004467077553272247,0.6084196848179855,4.145207405090332,21.95854949951172,362549,0.1
2023,tide_persistence,48,20,6.497331619262695,3.4516713619232178,0.10699781030416489,0.10675987601280212,0.007189703173935413,0.6311513388304111,4.511037349700928,21.82942008972168,362549,0.1
2023,tide_persistence,72,100,10.764148712158203,5.884506702423096,0.03905284404754639,-0.03584332391619682,0.015504609793424606,0.5946046881316923,7.151292324066162,37.09030532836914,362549,0.1
2023,tide_persistence,72,70,7.70981502532959,4.202332496643066,0.005355391185730696,-0.0034157559275627136,0.0041306945495307446,0.5415749168977476,5.143983364105225,39.92742156982422,362549,0.1
2023,tide_persistence,72,50,6.4873948097229,3.5145041942596436,0.07456156611442566,0.07453170418739319,-0.00042049004696309566,0.5388280788722212,4.59771203994751,30.663944244384766,362549,0.1
2023,tide_persistence,72,30,6.373053550720215,3.3996098041534424,0.1396561861038208,0.13960322737693787,0.004071345087140799,0.6016804259947004,4.638313293457031,23.194074630737305,362549,0.1
2023,tide_persistence,72,20,7.10354471206665,3.738877773284912,0.16169585287570953,0.1616235375404358,0.004244132898747921,0.6138972967886068,5.068096160888672,23.75206756591797,362549,0.1
2023,climatology,6,100,9.770639419555664,5.3001580238342285,1.4704340696334839,-1.4602667093276978,-0.17267315089702606,0.6569269590395641,7.187308311462402,35.461116790771484,362549,0.1
2023,climatology,6,70,7.50529670715332,3.944241762161255,2.329023838043213,-2.3290107250213623,0.006737892981618643,0.5836329444906105,5.716984748840332,44.13275146484375,362549,0.1
2023,climatology,6,50,8.131985664367676,4.0093207359313965,2.967355489730835,-2.967193365097046,0.037316977977752686,0.525824386711959,6.218621730804443,43.901729583740234,362549,0.1
2023,climatology,6,30,10.955307006835938,5.063803672790527,0.6675301790237427,-0.6674930453300476,-0.0012894984101876616,0.5000414059045739,9.154256820678711,47.62948226928711,362549,0.1
2023,climatology,6,20,12.913799285888672,5.9517822265625,2.026888847351074,2.0268330574035645,-0.012304549105465412,0.51418778333974,11.241257667541504,39.44230270385742,362549,0.1
2023,climatology,12,100,9.774614334106445,5.302171230316162,1.4736378192901611,-1.4636788368225098,-0.17107760906219482,0.656795644746035,7.1903228759765625,35.46871566772461,362549,0.1
2023,climatology,12,70,7.505229949951172,3.9442062377929688,2.329122304916382,-2.3291118144989014,0.005628748796880245,0.5836534344488131,5.717144966125488,44.1386833190918,362549,0.1
2023,climatology,12,50,8.133454322814941,4.009640693664551,2.9607465267181396,-2.9605660438537598,0.03845815360546112,0.5257922831131466,6.218720436096191,43.936031341552734,362549,0.1
2023,climatology,12,30,10.956891059875488,5.063790798187256,0.6554502844810486,-0.6554110646247864,-0.0006611464777961373,0.5000684695025103,9.156808853149414,47.60823440551758,362549,0.1
2023,climatology,12,20,12.912107467651367,5.950656414031982,2.0406389236450195,2.0405900478363037,-0.01117860246449709,0.5143260715150022,11.242390632629395,39.40304946899414,362549,0.1
2023,climatology,24,100,9.784049987792969,5.306821823120117,1.4805742502212524,-1.4710359573364258,-0.16783444583415985,0.6564977933411609,7.198116779327393,35.48672103881836,362549,0.1
2023,climatology,24,70,7.506771087646484,3.945427417755127,2.330551862716675,-2.3305394649505615,0.00549091724678874,0.5835659719878952,5.7186198234558105,44.15558624267578,362549,0.1
2023,climatology,24,50,8.1356840133667,4.009875774383545,2.947122573852539,-2.946911573410034,0.0402357392013073,0.5254487405108264,6.2174296379089355,44.00883102416992,362549,0.1
2023,climatology,24,30,10.959296226501465,5.06346321105957,0.6321889162063599,-0.632150411605835,0.0005927212769165635,0.4996905609060867,9.16081428527832,47.57847213745117,362549,0.1
2023,climatology,24,20,12.909793853759766,5.949033260345459,2.0672523975372314,2.0672056674957275,-0.009799945168197155,0.5141029915090009,11.245986938476562,39.32562255859375,362549,0.1
2023,climatology,48,100,9.807695388793945,5.3188676834106445,1.4962316751480103,-1.4873675107955933,-0.1626933366060257,0.655851191503851,7.217538833618164,35.539554595947266,362549,0.1
2023,climatology,48,70,7.51313591003418,3.949522018432617,2.3365886211395264,-2.3365635871887207,0.009457740932703018,0.5834954854062566,5.725103855133057,44.19749069213867,362549,0.1
2023,climatology,48,50,8.141182899475098,4.01132345199585,2.924630880355835,-2.924440860748291,0.038520362228155136,0.5253026487701902,6.217499256134033,44.142642974853516,362549,0.1
2023,climatology,48,30,10.96679973602295,5.064004421234131,0.5877637267112732,-0.5877159237861633,0.0034850521478801966,0.49936499091870146,9.171822547912598,47.51359939575195,362549,0.1
2023,climatology,48,20,12.908051490783691,5.946506500244141,2.1231725215911865,2.123152732849121,-0.004728653468191624,0.5142170665593004,11.256832122802734,39.175132751464844,362549,0.1
2023,climatology,72,100,9.823512077331543,5.325917720794678,1.5151715278625488,-1.506885290145874,-0.15825681388378143,0.6556599073593764,7.231863975524902,35.55581283569336,362549,0.1
2023,climatology,72,70,7.518914222717285,3.952594757080078,2.3408050537109375,-2.34076189994812,0.013094162568449974,0.5837654611156138,5.7332611083984375,44.2078971862793,362549,0.1
2023,climatology,72,50,8.144817352294922,4.012266635894775,2.9046084880828857,-2.904433012008667,0.03661772981286049,0.525379922873609,6.21609354019165,44.274436950683594,362549,0.1
2023,climatology,72,30,10.975903511047363,5.064779281616211,0.5406315922737122,-0.5406022667884827,0.0035742581821978092,0.49924250514059,9.1847505569458,47.450225830078125,362549,0.1
2023,climatology,72,20,12.913755416870117,5.9469170570373535,2.179391860961914,2.17936372756958,-0.006784304045140743,0.5146892369630258,11.27418327331543,39.018680572509766,362549,0.1
2023,moving_average,6,100,5.4361677169799805,2.9947965145111084,0.006674325559288263,-0.005907332058995962,0.0031120784115046263,0.8727870462047893,3.6559174060821533,18.91696548461914,362549,0.0
2023,moving_average,6,70,4.577771186828613,2.530384063720703,0.004252898972481489,0.004119631834328175,-0.001067661796696484,0.7766206916541945,3.0245466232299805,25.075910568237305,362549,0.0
2023,moving_average,6,50,4.132411956787109,2.279345989227295,0.0163161288946867,0.01627039723098278,0.0011830772273242474,0.7196775817729294,2.762007474899292,21.14693832397461,362549,0.0
2023,moving_average,6,30,4.058786869049072,2.2460763454437256,0.03136695548892021,0.03134673088788986,0.001141691580414772,0.7287120866488328,2.6994354724884033,16.335561752319336,362549,0.0
2023,moving_average,6,20,4.300091743469238,2.361572742462158,0.033068668097257614,0.03303421288728714,0.0015376528026536107,0.7505937314265011,2.819488048553467,15.84798812866211,362549,0.0
2023,moving_average,12,100,6.483518123626709,3.5626933574676514,0.00906306691467762,-0.007854870520532131,0.004526855889707804,0.8219118359286908,4.342933177947998,22.87333106994629,362549,0.0
2023,moving_average,12,70,5.232463359832764,2.8753678798675537,0.0056273615919053555,0.004981037229299545,-0.0026198667474091053,0.7136401153188864,3.443366527557373,29.035120010375977,362549,0.0
2023,moving_average,12,50,4.6097941398620605,2.51600980758667,0.023856153711676598,0.0237913616001606,0.001823529601097107,0.6561772306899962,3.09435772895813,23.259740829467773,362549,0.0
2023,moving_average,12,30,4.4487786293029785,2.4392995834350586,0.04385501891374588,0.043853431940078735,0.0006176229217089713,0.6806838881955237,2.999319076538086,17.43743896484375,362549,0.0
2023,moving_average,12,20,4.764216899871826,2.5873396396636963,0.04630415141582489,0.04627997428178787,0.001490896800532937,0.7030950927538474,3.165133237838745,17.021718978881836,362549,0.0
2023,moving_average,24,100,7.93867826461792,4.342926979064941,0.014735332690179348,-0.012772896327078342,0.007348013576120138,0.7426542290249678,5.304037570953369,28.188444137573242,362549,0.0
2023,moving_average,24,70,6.028637409210205,3.281010389328003,0.005733231082558632,0.004775103647261858,-0.003170069307088852,0.63572116889701,3.959531784057617,33.466400146484375,362549,0.0
2023,moving_average,24,50,5.199220180511475,2.7984559535980225,0.038310252130031586,0.038151007145643234,0.0035048818681389093,0.5776551759117328,3.5166852474212646,25.810638427734375,362549,0.0
2023,moving_average,24,30,4.973475933074951,2.6866443157196045,0.06649287045001984,0.06645286083221436,0.00227008736692369,0.6233581533736533,3.435818910598755,19.019481658935547,362549,0.0
2023,moving_average,24,20,5.4303483963012695,2.9002044200897217,0.07223563641309738,0.07214449346065521,0.0035947945434600115,0.6463308085351116,3.717921495437622,18.83018684387207,362549,0.0
2023,moving_average,48,100,9.658441543579102,5.265244007110596,0.02726580947637558,-0.024309569969773293,0.012332338839769363,0.6408579898422088,6.4622673988342285,34.03588104248047,362549,0.0
2023,moving_average,48,70,6.9148030281066895,3.74685001373291,0.001308129751123488,0.0012613811995834112,0.00034592440351843834,0.5557592229015286,4.6242594718933105,37.44164276123047,362549,0.0
2023,moving_average,48,50,5.855985641479492,3.148510694503784,0.0625237450003624,0.06250465661287308,0.0016275935340672731,0.5097156217495266,4.124094486236572,28.484392166137695,362549,0.0
2023,moving_average,48,30,5.693073272705078,3.0310757160186768,0.11114853620529175,0.11105065792798996,0.004677477292716503,0.573814444998466,4.137016773223877,21.3627986907959,362549,0.0
2023,moving_average,48,20,6.3058671951293945,3.2988157272338867,0.1269811987876892,0.12674430012702942,0.0077761877328157425,0.6059080444581592,4.535236358642578,21.601425170898438,362549,0.0
2023,moving_average,72,100,10.53084945678711,5.7407684326171875,0.04241879656910896,-0.03903241828083992,0.016612133011221886,0.5919702548612006,7.090831756591797,36.80485153198242,362549,0.0
2023,moving_average,72,70,7.325688362121582,3.960751533508301,0.0035591176711022854,-0.0004267203330527991,0.0035315202549099922,0.5394383205111257,5.039207458496094,38.550479888916016,362549,0.0
2023,moving_average,72,50,6.038838863372803,3.231882095336914,0.0843949019908905,0.08439525216817856,-0.00043695230851881206,0.5384510198735576,4.470271110534668,28.217058181762695,362549,0.0
2023,moving_average,72,30,6.067231178283691,3.1937313079833984,0.1583801954984665,0.15832658112049103,0.004281742963939905,0.5774120075716193,4.565880298614502,22.208789825439453,362549,0.0
2023,moving_average,72,20,6.861930847167969,3.5585544109344482,0.1816711127758026,0.1816079020500183,0.004830625373870134,0.5886755748820183,5.028076648712158,23.312978744506836,362549,0.0
2023,linear,6,100,4.155777454376221,2.273014545440674,0.03649299219250679,0.01685151271522045,-0.03236900269985199,0.9224659735013891,2.835347890853882,13.78135871887207,362549,6.3
2023,linear,6,70,3.5367472171783447,1.9536012411117554,0.005584079772233963,0.002661940874531865,0.0049090213142335415,0.8607313620982255,2.4062535762786865,18.493593215942383,362549,6.3
2023,linear,6,50,3.2946057319641113,1.8252017498016357,0.08246798813343048,-0.07988207787275314,-0.020485546439886093,0.8170433275041784,2.238027572631836,16.668428421020508,362549,6.3
2023,linear,6,30,3.283121109008789,1.8214576244354248,0.018905820325016975,-0.0179176963865757,-0.006032558158040047,0.8285893971489997,2.210397720336914,12.87065601348877,362549,6.3
2023,linear,6,20,3.6703567504882812,2.0266802310943604,0.03557438775897026,0.026186631992459297,0.02407905086874962,0.8170415018959825,2.4568428993225098,13.122960090637207,362549,6.3
2023,linear,12,100,5.440365314483643,2.996572256088257,0.06427214294672012,0.010889430530369282,-0.06334321945905685,0.8661893501831817,3.7886803150177,18.8211669921875,362549,6.3
2023,linear,12,70,4.368978023529053,2.41729474067688,0.0118715800344944,-0.010408872738480568,0.00570753263309598,0.7941318542011023,3.0849435329437256,23.72858428955078,362549,6.3
2023,linear,12,50,3.9356822967529297,2.1719048023223877,0.1293584704399109,-0.1285906732082367,0.014080319553613663,0.7439689916431352,2.802480697631836,19.92394256591797,362549,6.3
2023,linear,12,30,3.798501491546631,2.0981481075286865,0.04232906922698021,-0.042328253388404846,-0.00021026791364420205,0.7752576498796325,2.6618573665618896,14.68027400970459,362549,6.3
2023,linear,12,20,4.199596405029297,2.298945188522339,0.0693836584687233,0.06366212666034698,0.02759072184562683,0.7677081903505691,2.9239723682403564,14.733094215393066,362549,6.3
2023,linear,24,100,6.718955039978027,3.692671775817871,0.09324891865253448,-0.017887134104967117,-0.09151426702737808,0.7991050349510203,4.802236557006836,23.542491912841797,362549,6.3
2023,linear,24,70,4.9985175132751465,2.7442686557769775,0.04131118580698967,-0.03907962143421173,0.01340336911380291,0.7395242583323214,3.603720188140869,27.408126831054688,362549,6.3
2023,linear,24,50,4.34172248840332,2.3727099895477295,0.16225460171699524,-0.1560976803302765,0.044267021119594574,0.6998487986797268,3.200202465057373,21.506669998168945,362549,6.3
2023,linear,24,30,4.123748302459717,2.2470571994781494,0.08113393187522888,-0.08104942739009857,0.003725688438862562,0.751097909746573,3.008859157562256,15.315980911254883,362549,6.3
2023,linear,24,20,4.653225898742676,2.5055506229400635,0.12460016459226608,0.1239074319601059,0.013125220313668251,0.7418843182102152,3.398359775543213,15.606889724731445,362549,6.3
2023,linear,48,100,8.3494873046875,4.574724197387695,0.1423395276069641,-0.07682918012142181,-0.1198219284415245,0.6912498527874766,6.166649341583252,29.827892303466797,362549,6.3
2023,linear,48,70,5.940225601196289,3.2385480403900146,0.12182937562465668,-0.12010551244020462,0.02041584439575672,0.6333057810338064,4.421536445617676,33.17911148071289,362549,6.3
2023,linear,48,50,5.026122093200684,2.7170424461364746,0.21759428083896637,-0.21321804821491241,0.04340873286128044,0.6251814751154956,3.8988118171691895,24.137561798095703,362549,6.3
2023,linear,48,30,4.934021949768066,2.629542112350464,0.12381056696176529,-0.12239907681941986,0.018632464110851288,0.6778790996015652,3.802516222000122,17.822622299194336,362549,6.3
2023,linear,48,20,5.651726722717285,2.9603071212768555,0.20888052880764008,0.2086280882358551,0.01025776844471693,0.6822252199633347,4.358287334442139,18.298063278198242,362549,6.3
2023,linear,72,100,9.135477066040039,4.990512847900391,0.1813434362411499,-0.13125409185886383,-0.12513169646263123,0.6351403803775977,6.850076198577881,32.879146575927734,362549,6.3
2023,linear,72,70,6.397842884063721,3.4654178619384766,0.19027960300445557,-0.18953607976436615,0.01682186685502529,0.5881448321443161,4.85075044631958,35.491180419921875,362549,6.3
2023,linear,72,50,5.392780303955078,2.893221378326416,0.25150489807128906,-0.24932289123535156,0.03303597494959831,0.5903634909966743,4.305461406707764,25.00530242919922,362549,6.3
2023,linear,72,30,5.4399237632751465,2.8603646755218506,0.1165190041065216,-0.11505462229251862,0.01841648295521736,0.6410098975531058,4.312364101409912,19.221101760864258,362549,6.3
2023,linear,72,20,6.268977642059326,3.2345969676971436,0.25929927825927734,0.259177029132843,0.007902505807578564,0.6419823720952246,4.917372226715088,20.163633346557617,362549,6.3
2023,ridge,6,100,4.155804634094238,2.2730820178985596,0.036454420536756516,0.016795622184872627,-0.03235480934381485,0.9224679065685025,2.835566282272339,13.781573295593262,362549,7.0
2023,ridge,6,70,3.5369787216186523,1.9538531303405762,0.005592112895101309,0.0026066249702125788,0.004946788307279348,0.8607256485429815,2.406754970550537,18.496763229370117,362549,7.0
2023,ridge,6,50,3.295191526412964,1.825713872909546,0.08213198930025101,-0.07959573715925217,-0.020250702276825905,0.8170081546854295,2.238726854324341,16.67753791809082,362549,7.0
2023,ridge,6,30,3.2839362621307373,1.8221746683120728,0.019073398783802986,-0.018077997490763664,-0.006079535000026226,0.8285528417360261,2.211301565170288,12.882804870605469,362549,7.0
2023,ridge,6,20,3.6706008911132812,2.0270395278930664,0.035754263401031494,0.026336461305618286,0.0241825133562088,0.8170709126826945,2.4575259685516357,13.130781173706055,362549,7.0
2023,ridge,12,100,5.440405368804932,2.9966673851013184,0.06424999237060547,0.010872544720768929,-0.06332400441169739,0.8661956487642166,3.788861036300659,18.82152557373047,362549,7.0
2023,ridge,12,70,4.3691511154174805,2.417574644088745,0.01190487015992403,-0.010439978912472725,0.005720486398786306,0.7941288338316888,3.085214376449585,23.734289169311523,362549,7.0
2023,ridge,12,50,3.936337947845459,2.1724252700805664,0.12896381318569183,-0.1281777024269104,0.014203785918653011,0.7439290434379618,2.802968740463257,19.930709838867188,362549,7.0
2023,ridge,12,30,3.799069881439209,2.0986156463623047,0.04250588268041611,-0.042505230754613876,-0.00021712279703933746,0.7752798580489839,2.6624715328216553,14.68461799621582,362549,7.0
2023,ridge,12,20,4.199642658233643,2.2991466522216797,0.06959643959999084,0.06387607753276825,0.027631744742393494,0.7677633222053029,2.9240610599517822,14.737713813781738,362549,7.0
2023,ridge,24,100,6.718924522399902,3.692653179168701,0.09325876086950302,-0.01792394556105137,-0.09152171015739441,0.7990987015975788,4.801945686340332,23.541549682617188,362549,7.0
2023,ridge,24,70,4.998696327209473,2.7443506717681885,0.04138034209609032,-0.03915942832827568,0.013380175456404686,0.7395175223745076,3.6036853790283203,27.411958694458008,362549,7.0
2023,ridge,24,50,4.342126369476318,2.3728978633880615,0.16192828118801117,-0.15574507415294647,0.04432506859302521,0.6998454831770622,3.200436592102051,21.50861167907715,362549,7.0
2023,ridge,24,30,4.123529434204102,2.2469968795776367,0.08127347379922867,-0.0811871737241745,0.003746326779946685,0.7511065224440152,3.0085248947143555,15.31605339050293,362549,7.0
2023,ridge,24,20,4.653001308441162,2.5054943561553955,0.12473337352275848,0.12403992563486099,0.013131845742464066,0.7418975874408876,3.397965908050537,15.607535362243652,362549,7.0
2023,ridge,48,100,8.349344253540039,4.574615955352783,0.14236462116241455,-0.07690076529979706,-0.1198105737566948,0.691230715347067,6.166149139404297,29.826934814453125,362549,7.0
2023,ridge,48,70,5.940133094787598,3.238489866256714,0.12190670520067215,-0.12018470466136932,0.020408475771546364,0.6332885802946947,4.421260356903076,33.17782974243164,362549,7.0
2023,ridge,48,50,5.026442527770996,2.7171947956085205,0.21716421842575073,-0.21277602016925812,0.04342397302389145,0.6251440852767729,3.8988189697265625,24.142154693603516,362549,7.0
2023,ridge,48,30,4.933838844299316,2.6294522285461426,0.12390008568763733,-0.1224927231669426,0.018638327717781067,0.6778917442841885,3.802286386489868,17.821434020996094,362549,7.0
2023,ridge,48,20,5.651681900024414,2.9602737426757812,0.2090534120798111,0.20880091190338135,0.010259179398417473,0.682255660986396,4.358065605163574,18.299314498901367,362549,7.0
2023,ridge,72,100,9.135276794433594,4.990318775177002,0.18137384951114655,-0.13133028149604797,-0.1250932216644287,0.6351187477366036,6.8495683670043945,32.87859344482422,362549,7.0
2023,ridge,72,70,6.397636890411377,3.4653282165527344,0.19031155109405518,-0.1895681619644165,0.016805991530418396,0.5881262644435328,4.850409507751465,35.48814392089844,362549,7.0
2023,ridge,72,50,5.392848014831543,2.8932526111602783,0.25103962421417236,-0.2488454133272171,0.03305860608816147,0.5903200908720603,4.3052802085876465,25.005504608154297,362549,7.0
2023,ridge,72,30,5.439774513244629,2.860304117202759,0.11653348803520203,-0.1150633692741394,0.018410105258226395,0.6410136728105367,4.312185287475586,19.220216751098633,362549,7.0
2023,ridge,72,20,6.269043922424316,3.2346529960632324,0.25953012704849243,0.25940918922424316,0.007905649952590466,0.6419940836117457,4.917247295379639,20.164064407348633,362549,7.0
2023,gradient_boosting,6,100,4.021701335906982,2.1969687938690186,0.05169135332107544,0.04324258118867874,-0.02832108363509178,0.9280214302545198,2.7482151985168457,13.20906925201416,362549,96.9
2023,gradient_boosting,6,70,3.3474080562591553,1.8442749977111816,0.08097566664218903,-0.06069481745362282,-0.05360245332121849,0.8790639350248153,2.3014473915100098,17.033016204833984,362549,96.9
2023,gradient_boosting,6,50,3.0392398834228516,1.679774284362793,0.046626996248960495,-0.045855071395635605,0.008447214961051941,0.8522888070610785,2.071387767791748,14.793502807617188,362549,96.9
2023,gradient_boosting,6,30,3.035059690475464,1.6822967529296875,0.08356264978647232,-0.07669690996408463,-0.033168528228998184,0.8594625790889097,2.054433584213257,11.543327331542969,362549,96.9
2023,gradient_boosting,6,20,3.3623781204223633,1.8587465286254883,0.060992345213890076,-0.043633900582790375,0.042615216225385666,0.8575152460029712,2.276031017303467,11.78853702545166,362549,96.9
2023,gradient_boosting,12,100,5.251601696014404,2.8881499767303467,0.06809929013252258,0.04345863685011864,-0.0524296797811985,0.876519598068066,3.6509242057800293,17.949329376220703,362549,96.9
2023,gradient_boosting,12,70,4.156066417694092,2.293776750564575,0.15531274676322937,-0.15015918016433716,-0.03967873007059097,0.8181426882518654,2.9616479873657227,21.9782772064209,362549,96.9
2023,gradient_boosting,12,50,3.6674959659576416,2.0215866565704346,0.0943225547671318,-0.08426113426685333,0.0423886775970459,0.7929869233339755,2.6208558082580566,17.77024269104004,362549,96.9
2023,gradient_boosting,12,30,3.5697216987609863,1.9684380292892456,0.1340576708316803,-0.1315128058195114,-0.025992386043071747,0.8131141983794001,2.5244832038879395,13.406230926513672,362549,96.9
2023,gradient_boosting,12,20,3.8959169387817383,2.128525733947754,0.06982924789190292,-0.03216409683227539,0.06198076158761978,0.8208337488436432,2.75345778465271,13.359207153320312,362549,96.9
2023,gradient_boosting,24,100,6.444105625152588,3.536755084991455,0.10841569304466248,-0.04474407434463501,-0.09875079244375229,0.8176099048509822,4.576382637023926,22.41633415222168,362549,96.9
2023,gradient_boosting,24,70,4.83764123916626,2.652024984359741,0.21353134512901306,-0.21215765178203583,0.02419186756014824,0.7608040105661179,3.5004241466522217,26.007850646972656,362549,96.9
2023,gradient_boosting,24,50,4.132556438446045,2.261924982070923,0.09850070625543594,-0.08491361886262894,0.04991287738084793,0.7405707412802013,3.017303943634033,19.907268524169922,362549,96.9
2023,gradient_boosting,24,30,3.9670848846435547,2.161071300506592,0.2683122456073761,-0.26801109313964844,0.012692013755440712,0.7814162699381495,2.896890878677368,14.577033996582031,362549,96.9
2023,gradient_boosting,24,20,4.435110569000244,2.3805274963378906,0.0686032697558403,-0.05070451647043228,0.04621217027306557,0.784130504213516,3.238257884979248,14.7245512008667,362549,96.9
2023,gradient_boosting,48,100,7.879167556762695,4.312681674957275,0.27728748321533203,-0.2422664910554886,-0.13488829135894775,0.728917867158384,5.711149215698242,28.10272789001465,362549,96.9
2023,gradient_boosting,48,70,5.739884376525879,3.1227071285247803,0.38610729575157166,-0.3852035701274872,0.026408690959215164,0.6614205045248931,4.273201942443848,31.627864837646484,362549,96.9
2023,gradient_boosting,48,50,4.822640419006348,2.6110947132110596,0.13274256885051727,-0.1264270544052124,0.040447335690259933,0.6610173716745678,3.660182476043701,22.686189651489258,362549,96.9
2023,gradient_boosting,48,30,4.782782077789307,2.549767255783081,0.4127308130264282,-0.4121897220611572,0.021093450486660004,0.7061828693114077,3.6706488132476807,17.040708541870117,362549,96.9
2023,gradient_boosting,48,20,5.486842632293701,2.861870288848877,0.1617784947156906,-0.15327167510986328,0.05177244171500206,0.6984760050205951,4.182744026184082,17.56201934814453,362549,96.9
2023,gradient_boosting,72,100,8.535601615905762,4.662336826324463,0.42512571811676025,-0.39470890164375305,-0.15791402757167816,0.6858860664039241,6.249471187591553,31.18818473815918,362549,96.9
2023,gradient_boosting,72,70,6.160010814666748,3.330399513244629,0.4793098568916321,-0.47911056876182556,0.013845844194293022,0.6126233289197913,4.662935256958008,34.22013854980469,362549,96.9
2023,gradient_boosting,72,50,5.203760623931885,2.791511058807373,0.15926650166511536,-0.158840149641037,0.011620325967669487,0.6056635502500187,4.034121990203857,23.986454010009766,362549,96.9
2023,gradient_boosting,72,30,5.273941993713379,2.769782781600952,0.4850361943244934,-0.48423194885253906,0.027962427586317062,0.6521873047197054,4.138885974884033,18.4589900970459,362549,96.9
2023,gradient_boosting,72,20,6.075198173522949,3.1175620555877686,0.25552812218666077,-0.2507435083389282,0.0492127351462841,0.6405625790257633,4.684606075286865,19.43641471862793,362549,96.9
2023,lstm,6,100,4.019358158111572,2.1955785751342773,0.3102557957172394,-0.295751690864563,0.09375927597284317,0.9283523832948057,2.758037567138672,13.216714859008789,362549,30.3
2023,lstm,6,70,3.316895008087158,1.8258076906204224,0.04236605390906334,0.03450731933116913,0.02457999624311924,0.8809575623717234,2.261197090148926,16.844104766845703,362549,30.3
2023,lstm,6,50,2.999481201171875,1.6562927961349487,0.1647484451532364,0.12000729143619537,-0.11287018656730652,0.8562084108029064,2.0281059741973877,14.630135536193848,362549,30.3
2023,lstm,6,30,2.983259439468384,1.654531717300415,0.21484625339508057,-0.10280156880617142,0.18865445256233215,0.8636930525844256,2.006528615951538,11.40112590789795,362549,30.3
2023,lstm,6,20,3.3432207107543945,1.8497487306594849,0.3207932114601135,0.000527188996784389,0.32079270482063293,0.8596678709480008,2.2410688400268555,11.720335006713867,362549,30.3
2023,lstm,12,100,5.243250846862793,2.8855700492858887,0.4012042284011841,-0.3959736227989197,0.06455442309379578,0.8773197624159154,3.6606085300445557,18.02657699584961,362549,30.3
2023,lstm,12,70,4.117640972137451,2.2723615169525146,0.06439954787492752,-0.045855697244405746,0.045217227190732956,0.818980113556816,2.8942625522613525,21.835895538330078,362549,30.3
2023,lstm,12,50,3.6266160011291504,2.000401735305786,0.1685243397951126,0.0337657667696476,-0.1651066541671753,0.792470748403654,2.544243097305298,17.739906311035156,362549,30.3
2023,lstm,12,30,3.5207858085632324,1.9450801610946655,0.10137788951396942,-0.09318195283412933,-0.039935316890478134,0.8143939282617525,2.462033748626709,13.316267967224121,362549,30.3
2023,lstm,12,20,3.873914957046509,2.1219866275787354,0.19615128636360168,0.06630635261535645,0.18460336327552795,0.8202101419175502,2.695066213607788,13.319990158081055,362549,30.3
2023,lstm,24,100,6.440057277679443,3.5402815341949463,0.5983505845069885,-0.5958333611488342,-0.05486747995018959,0.8190009577657056,4.598495006561279,22.66061019897461,362549,30.3
2023,lstm,24,70,4.797813892364502,2.634284496307373,0.36903494596481323,-0.3035079538822174,-0.20992454886436462,0.7623009353960339,3.4587273597717285,25.98756217956543,362549,30.3
2023,lstm,24,50,4.090947151184082,2.240955114364624,0.09965135902166367,0.07927647978067398,0.060380131006240845,0.7423230009150275,2.943735122680664,19.813030242919922,362549,30.3
2023,lstm,24,30,3.91886568069458,2.1375300884246826,0.27001506090164185,-0.24383194744586945,0.11599984765052795,0.7833523757018317,2.843078136444092,14.404306411743164,362549,30.3
2023,lstm,24,20,4.399113178253174,2.3675785064697266,0.1851961612701416,-0.060132164508104324,0.1751616895198822,0.7842964616127368,3.1758840084075928,14.563170433044434,362549,30.3
2023,lstm,48,100,7.9224677085876465,4.342071533203125,1.1352201700210571,-1.1351869106292725,0.01006619818508625,0.7317193752905796,5.768566608428955,28.516082763671875,362549,30.3
2023,lstm,48,70,5.670624256134033,3.09010910987854,0.136992409825325,-0.12418418377637863,-0.05783988535404205,0.6676270951474235,4.164925575256348,31.33736801147461,362549,30.3
2023,lstm,48,50,4.790076732635498,2.5910775661468506,0.3391059637069702,0.27085649967193604,-0.20403820276260376,0.6634865198943406,3.5732829570770264,22.57039451599121,362549,30.3
2023,lstm,48,30,4.686652183532715,2.4980361461639404,0.33975762128829956,-0.33975979685783386,0.0007555983029305935,0.7111384392222189,3.5605578422546387,16.769851684570312,362549,30.3
2023,lstm,48,20,5.391717910766602,2.831156015396118,0.38779523968696594,-0.15396283566951752,0.35592424869537354,0.7059832939611749,4.044316291809082,17.36423110961914,362549,30.3
2023,lstm,72,100,8.635385513305664,4.724109172821045,1.437548279762268,-1.4305592775344849,-0.14161528646945953,0.6872545391918135,6.328429222106934,31.539005279541016,362549,30.3
2023,lstm,72,70,6.103219032287598,3.306217670440674,0.27319687604904175,-0.20341351628303528,-0.18237198889255524,0.6181836588171742,4.530045986175537,33.9260139465332,362549,30.3
2023,lstm,72,50,5.165048122406006,2.7648587226867676,0.20211787521839142,0.08796294033527374,-0.18197210133075714,0.6072841326117389,3.9418606758117676,23.817806243896484,362549,30.3
2023,lstm,72,30,5.177134037017822,2.721191883087158,0.5783016681671143,-0.4928734600543976,0.3025066554546356,0.6676817183380659,4.027890205383301,18.343929290771484,362549,30.3
2023,lstm,72,20,5.956085681915283,3.0799458026885986,0.5385482907295227,-0.38471588492393494,0.3768652081489563,0.6656325676543161,4.549571514129639,19.17739486694336,362549,30.3
2023,tcn,6,100,4.0194268226623535,2.1954329013824463,0.17379668354988098,-0.11334269493818283,-0.13175182044506073,0.9281157059691191,2.7536938190460205,13.214862823486328,362549,44.5
2023,tcn,6,70,3.3147666454315186,1.8244022130966187,0.11299669742584229,0.10654793679714203,0.03762739524245262,0.8804871242807066,2.261242389678955,16.83180046081543,362549,44.5
2023,tcn,6,50,3.012967824935913,1.6650311946868896,0.2883608341217041,-0.2250402271747589,0.1803014725446701,0.8548599526516647,2.047755718231201,14.691378593444824,362549,44.5
2023,tcn,6,30,3.0095505714416504,1.6709247827529907,0.27419355511665344,0.19114230573177338,0.19658824801445007,0.8620044428334532,2.0160505771636963,11.49105453491211,362549,44.5
2023,tcn,6,20,3.3105576038360596,1.8313852548599243,0.03816676512360573,-0.018999489024281502,0.03310227021574974,0.8600070325599367,2.218602418899536,11.601616859436035,362549,44.5
2023,tcn,12,100,5.239019393920898,2.8831193447113037,0.20760972797870636,-0.194870725274086,0.07160402834415436,0.877509087540389,3.6636180877685547,17.950525283813477,362549,44.5
2023,tcn,12,70,4.103446006774902,2.2655909061431885,0.13234597444534302,-0.03091728687286377,-0.12868466973304749,0.8207325250057258,2.880600690841675,21.82921028137207,362549,44.5
2023,tcn,12,50,3.614896297454834,1.993878722190857,0.25924235582351685,-0.16970770061016083,0.1959729641675949,0.795170188306834,2.5445919036865234,17.56023597717285,362549,44.5
2023,tcn,12,30,3.5286526679992676,1.9504077434539795,0.3425258994102478,0.31929588317871094,0.12398023158311844,0.8158389161843387,2.4521288871765137,13.330751419067383,362549,44.5
2023,tcn,12,20,3.8512163162231445,2.1122360229492188,0.30700528621673584,0.15353012084960938,0.2658606469631195,0.8216052631336683,2.677922487258911,13.324832916259766,362549,44.5
2023,tcn,24,100,6.4241132736206055,3.5313539505004883,0.24314172565937042,0.05666307359933853,-0.23644377291202545,0.8197167249255926,4.5823516845703125,22.456317901611328,362549,44.5
2023,tcn,24,70,4.7873921394348145,2.6282129287719727,0.12472523003816605,0.01627049408853054,0.12366048991680145,0.7645626740490368,3.4288597106933594,25.892393112182617,362549,44.5
2023,tcn,24,50,4.084654331207275,2.2387192249298096,0.2054528295993805,-0.16593386232852936,0.12114674597978592,0.7444124395867083,2.9622390270233154,19.67809295654297,362549,44.5
2023,tcn,24,30,3.954315185546875,2.1598496437072754,0.47684934735298157,0.1873593032360077,0.43850943446159363,0.7808958982832628,2.8370184898376465,14.68807315826416,362549,44.5
2023,tcn,24,20,4.374095916748047,2.3540947437286377,0.23539413511753082,0.22678521275520325,0.06308179348707199,0.7854966049960019,3.163792848587036,14.526753425598145,362549,44.5
2023,tcn,48,100,7.8538970947265625,4.302949905395508,0.03599274158477783,-0.019114365801215172,-0.03049667552113533,0.7320362703835999,5.7282843589782715,27.97689437866211,362549,44.5
2023,tcn,48,70,5.688344955444336,3.099978446960449,0.15555830299854279,-0.13126838207244873,-0.083472341299057,0.667798972340816,4.162625789642334,31.570329666137695,362549,44.5
2023,tcn,48,50,4.772604465484619,2.588054656982422,0.3928852677345276,-0.35528069734573364,0.16773062944412231,0.6632570940796012,3.6237943172454834,22.382461547851562,362549,44.5
2023,tcn,48,30,4.711932182312012,2.5189926624298096,0.4436708092689514,0.27166831493377686,0.35076436400413513,0.7056145625953328,3.533214807510376,17.045703887939453,362549,44.5
2023,tcn,48,20,5.369762897491455,2.8136444091796875,0.24943402409553528,0.16733793914318085,0.18497566878795624,0.698171957629218,4.028930187225342,17.420339584350586,362549,44.5
2023,tcn,72,100,8.555244445800781,4.674397945404053,0.24719460308551788,-0.027949972078204155,0.24560855329036713,0.6823943230850644,6.2846856117248535,30.904884338378906,362549,44.5
2023,tcn,72,70,6.12819242477417,3.319870948791504,0.22725419700145721,-0.2066144347190857,-0.0946255698800087,0.6161621977492844,4.531129360198975,34.0565071105957,362549,44.5
2023,tcn,72,50,5.1701459884643555,2.775829553604126,0.45820319652557373,-0.3794947862625122,0.25676557421684265,0.6010587789195825,3.999138355255127,23.825300216674805,362549,44.5
2023,tcn,72,30,5.165884971618652,2.7167768478393555,0.31965523958206177,0.07797027379274368,0.31000012159347534,0.661100885958464,3.9717187881469727,18.313058853149414,362549,44.5
2023,tcn,72,20,5.934404373168945,3.0524353981018066,0.14907923340797424,0.03131704777479172,0.14575238525867462,0.6514641340980286,4.523728847503662,19.241376876831055,362549,44.5
2024,persistence,6,100,4.820440292358398,2.6341238021850586,0.001767907408066094,0.0017265307251363993,0.0003909689257852733,0.911434164750197,3.1977946758270264,13.962127685546875,363561,0.0
2024,persistence,6,70,4.544239044189453,2.50893497467041,0.004618381150066853,0.004354577977210283,0.0015413204673677683,0.8126698052563189,2.908024787902832,19.93484878540039,363561,0.0
2024,persistence,6,50,4.4312310218811035,2.462425470352173,0.004288998898118734,-0.0042174458503723145,0.0007635906804352999,0.7257671035801954,2.803334951400757,20.40060806274414,363561,0.0
2024,persistence,6,30,4.827736854553223,2.6903228759765625,0.009463963098824024,-0.00945165753364563,0.0005232836701907218,0.6992923937987303,2.9911718368530273,22.029460906982422,363561,0.0
2024,persistence,6,20,5.175682544708252,2.888278007507324,0.010862785391509533,-0.010852725245058537,0.00048624048940837383,0.723216613776475,3.212980031967163,23.317773818969727,363561,0.0
2024,persistence,12,100,6.438337802886963,3.5370426177978516,0.0043115983717143536,0.004310516640543938,0.0003173775621689856,0.8442607243623312,4.260356426239014,19.391063690185547,363561,0.0
2024,persistence,12,70,5.818314075469971,3.221951723098755,0.009506997652351856,0.009314042516052723,0.0018905054312199354,0.700471077952584,3.717388868331909,26.210729598999023,363561,0.0
2024,persistence,12,50,5.483111381530762,3.033944845199585,0.00855246465653181,-0.008557496592402458,8.211049134843051e-05,0.592431032627031,3.503300666809082,25.02330780029297,363561,0.0
2024,persistence,12,30,6.0030059814453125,3.3309671878814697,0.019058533012866974,-0.019054735079407692,-0.0003429536591283977,0.5526640457087462,3.7672345638275146,27.275468826293945,363561,0.0
2024,persistence,12,20,6.446510314941406,3.5748062133789062,0.021725071594119072,-0.02171081304550171,0.0008396244375035167,0.5887171617401781,4.044525146484375,29.13189125061035,363561,0.0
2024,persistence,24,100,7.931519031524658,4.338533401489258,0.009413814172148705,0.009394636377692223,3.1810854125069454e-05,0.776832374032268,5.320036888122559,23.9163875579834,363561,0.0
2024,persistence,24,70,6.280954360961914,3.4387269020080566,0.01837003603577614,0.018216095864772797,0.002375183627009392,0.6845511286906947,4.152100563049316,27.736791610717773,363561,0.0
2024,persistence,24,50,5.5335283279418945,3.0098209381103516,0.017815791070461273,-0.017806561663746834,0.0003710063174366951,0.6329574836045131,3.804029703140259,22.71576690673828,363561,0.0
2024,persistence,24,30,5.900839805603027,3.169337034225464,0.038414329290390015,-0.038400761783123016,0.0009612597641535103,0.6345017160173327,4.041131019592285,23.37984848022461,363561,0.0
2024,persistence,24,20,6.554956436157227,3.5307908058166504,0.041026342660188675,-0.04086123779416084,0.00374877848662436,0.6410676396462904,4.445668697357178,26.704586029052734,363561,0.0
2024,persistence,48,100,10.080370903015137,5.527435779571533,0.019727203994989395,0.019210753962397575,-0.004490237217396498,0.6654056586003989,6.8307390213012695,30.616079330444336,363561,0.0
2024,persistence,48,70,7.613406181335449,4.1589765548706055,0.037191662937402725,0.03713664039969444,-0.0018709358992055058,0.5851191738887823,5.111425876617432,33.65996170043945,363561,0.0
2024,persistence,48,50,6.553800106048584,3.556364059448242,0.03589312359690666,-0.03589659556746483,-9.431211947230622e-05,0.5496977529680697,4.716041564941406,26.5072021484375,363561,0.0
2024,persistence,48,30,6.894199371337891,3.6910834312438965,0.07293001562356949,-0.07292578369379044,-0.0012263460084795952,0.5755285085513089,4.937216281890869,27.17708969116211,363561,0.0
2024,persistence,48,20,7.803050518035889,4.138139724731445,0.07256617397069931,-0.07250074297189713,0.002695060335099697,0.5696609069953402,5.50418758392334,31.26011085510254,363561,0.0
2024,persistence,72,100,11.105682373046875,6.072960376739502,0.03197823092341423,0.02982780523598194,-0.01152388658374548,0.6149490428105392,7.612603664398193,33.0582160949707,363561,0.0
2024,persistence,72,70,8.191123008728027,4.450832366943359,0.0499325767159462,0.04857296124100685,-0.011519156396389008,0.5588135643423666,5.551853656768799,35.935848236083984,363561,0.0
2024,persistence,72,50,6.937853813171387,3.7407007217407227,0.053390223532915115,-0.05334155634045601,-0.0023831231519579887,0.5518911162318585,5.177198886871338,27.33317756652832,363561,0.0
2024,persistence,72,30,7.44227933883667,3.9431278705596924,0.10575960576534271,-0.10564913600683212,-0.004576295148581266,0.5596044524269425,5.459014892578125,28.766067504882812,363561,0.0
2024,persistence,72,20,8.596184730529785,4.480287551879883,0.09792942553758621,-0.09789880365133286,0.0021041780710220337,0.5392534933768515,6.17005729675293,33.30638122558594,363561,0.0
2024,tide_persistence,6,100,4.718064308166504,2.5732362270355225,0.001934531144797802,0.0019327038899064064,-8.230607636505738e-05,0.9152522969260248,3.1341025829315186,13.583595275878906,363561,0.1
2024,tide_persistence,6,70,4.403443336486816,2.4279515743255615,0.004641438368707895,0.00450937682762742,0.0010988109279423952,0.8244356279781904,2.8239524364471436,19.21683120727539,363561,0.1
2024,tide_persistence,6,50,4.2496209144592285,2.3592748641967773,0.004167615436017513,-0.00414934242144227,0.00039141884190030396,0.74756312051923,2.700758218765259,19.413055419921875,363561,0.1
2024,tide_persistence,6,30,4.496006488800049,2.5034852027893066,0.009754262864589691,-0.009739113971590996,0.000542827881872654,0.7406451309584927,2.829620838165283,20.147483825683594,363561,0.1
2024,tide_persistence,6,20,4.840914249420166,2.6977312564849854,0.010711749084293842,-0.010676907375454903,0.0008634940022602677,0.7599132582968338,3.0497870445251465,21.279184341430664,363561,0.1
2024,tide_persistence,12,100,6.383809566497803,3.504420757293701,0.0042297146283090115,0.00422689551487565,0.00016502413200214505,0.8472748689152303,4.229129314422607,19.108535766601562,363561,0.1
2024,tide_persistence,12,70,5.698246479034424,3.1518607139587402,0.009298861026763916,0.009102541953325272,0.001900311792269349,0.7147383360827448,3.662167549133301,25.438743591308594,363561,0.1
2024,tide_persistence,12,50,5.333646774291992,2.9511008262634277,0.008895221166312695,-0.00889153964817524,0.00024356278299819678,0.617610444093033,3.445338487625122,24.05314826965332,363561,0.1
2024,tide_persistence,12,30,5.632717132568359,3.109607696533203,0.01939406432211399,-0.019385235384106636,0.0005880089593119919,0.6138822267148687,3.6184911727905273,24.67084312438965,363561,0.1
2024,tide_persistence,12,20,6.085629940032959,3.360856533050537,0.021378956735134125,-0.021306637674570084,0.0017578073311597109,0.6408434431187496,3.9177873134613037,26.476470947265625,363561,0.1
2024,tide_persistence,24,100,7.931519031524658,4.338533401489258,0.009413814172148705,0.009394636377692223,3.1810854125069454e-05,0.776832374032268,5.320036888122559,23.9163875579834,363561,0.1
2024,tide_persistence,24,70,6.280954360961914,3.4387269020080566,0.01837003603577614,0.018216095864772797,0.002375183627009392,0.6845511286906947,4.152100563049316,27.736791610717773,363561,0.1
2024,tide_persistence,24,50,5.5335283279418945,3.0098209381103516,0.017815791070461273,-0.017806561663746834,0.0003710063174366951,0.6329574836045131,3.804029703140259,22.71576690673828,363561,0.1
2024,tide_persistence,24,30,5.900839805603027,3.169337034225464,0.038414329290390015,-0.038400761783123016,0.0009612597641535103,0.6345017160173327,4.041131019592285,23.37984848022461,363561,0.1
2024,tide_persistence,24,20,6.554956436157227,3.5307908058166504,0.041026342660188675,-0.04086123779416084,0.00374877848662436,0.6410676396462904,4.445668697357178,26.704586029052734,363561,0.1
2024,tide_persistence,48,100,10.080370903015137,5.527435779571533,0.019727203994989395,0.019210753962397575,-0.004490237217396498,0.6654056586003989,6.8307390213012695,30.616079330444336,363561,0.1
2024,tide_persistence,48,70,7.613406181335449,4.1589765548706055,0.037191662937402725,0.03713664039969444,-0.0018709358992055058,0.5851191738887823,5.111425876617432,33.65996170043945,363561,0.1
2024,tide_persistence,48,50,6.553800106048584,3.556364059448242,0.03589312359690666,-0.03589659556746483,-9.431211947230622e-05,0.5496977529680697,4.716041564941406,26.5072021484375,363561,0.1
2024,tide_persistence,48,30,6.894199371337891,3.6910834312438965,0.07293001562356949,-0.07292578369379044,-0.0012263460084795952,0.5755285085513089,4.937216281890869,27.17708969116211,363561,0.1
2024,tide_persistence,48,20,7.803050518035889,4.138139724731445,0.07256617397069931,-0.07250074297189713,0.002695060335099697,0.5696609069953402,5.50418758392334,31.26011085510254,363561,0.1
2024,tide_persistence,72,100,11.105682373046875,6.072960376739502,0.03197823092341423,0.02982780523598194,-0.01152388658374548,0.6149490428105392,7.612603664398193,33.0582160949707,363561,0.1
2024,tide_persistence,72,70,8.191123008728027,4.450832366943359,0.0499325767159462,0.04857296124100685,-0.011519156396389008,0.5588135643423666,5.551853656768799,35.935848236083984,363561,0.1
2024,tide_persistence,72,50,6.937853813171387,3.7407007217407227,0.053390223532915115,-0.05334155634045601,-0.0023831231519579887,0.5518911162318585,5.177198886871338,27.33317756652832,363561,0.1
2024,tide_persistence,72,30,7.44227933883667,3.9431278705596924,0.10575960576534271,-0.10564913600683212,-0.004576295148581266,0.5596044524269425,5.459014892578125,28.766067504882812,363561,0.1
2024,tide_persistence,72,20,8.596184730529785,4.480287551879883,0.09792942553758621,-0.09789880365133286,0.0021041780710220337,0.5392534933768515,6.17005729675293,33.30638122558594,363561,0.1
2024,climatology,6,100,9.997949600219727,5.442800521850586,0.5014089941978455,-0.4991993308067322,0.0471617728471756,0.6624589776000487,7.903557300567627,30.696075439453125,363561,0.1
2024,climatology,6,70,7.849404811859131,4.162877559661865,0.6787739396095276,0.6743097901344299,-0.07784155011177063,0.6012907029697067,6.680560111999512,36.00953674316406,363561,0.1
2024,climatology,6,50,8.546868324279785,4.290032386779785,1.547310709953308,1.5453654527664185,-0.0769215077161789,0.5352993470834994,7.46834659576416,39.02100372314453,363561,0.1
2024,climatology,6,30,10.225576400756836,4.9865193367004395,1.0556590557098389,1.0551331043243408,-0.03218335285782814,0.5182090438227244,8.980788230895996,37.39801788330078,363561,0.1
2024,climatology,6,20,10.748940467834473,5.302679538726807,0.2984965443611145,0.2959131896495819,0.03924321383237839,0.5012445076099157,8.701148986816406,43.781044006347656,363561,0.1
2024,climatology,12,100,9.998392105102539,5.443057537078857,0.500222384929657,-0.4979901611804962,0.04734202101826668,0.662374256841521,7.903470039367676,30.700700759887695,363561,0.1
2024,climatology,12,70,7.850978851318359,4.1636552810668945,0.6827230453491211,0.6783760786056519,-0.07705102860927582,0.6011844614928982,6.6812238693237305,36.01011276245117,363561,0.1
2024,climatology,12,50,8.546274185180664,4.289836406707764,1.5426689386367798,1.540708065032959,-0.07712233066558838,0.5352021273988744,7.468273639678955,38.99665069580078,363561,0.1
2024,climatology,12,30,10.221741676330566,4.984772682189941,1.0467560291290283,1.0462367534637451,-0.03192124143242836,0.5185034699375992,8.976513862609863,37.41358184814453,363561,0.1
2024,climatology,12,20,10.742835998535156,5.299958229064941,0.28944116830825806,0.28657081723213196,0.04070468991994858,0.5016482372800841,8.694622993469238,43.79081344604492,363561,0.1
2024,climatology,24,100,9.999914169311523,5.444136142730713,0.49745315313339233,-0.49518337845802307,0.04759923368692398,0.6621009257933774,7.903698921203613,30.71360206604004,363561,0.1
2024,climatology,24,70,7.853558540344238,4.1649017333984375,0.6904094219207764,0.6862083077430725,-0.07616139203310013,0.6008677126977822,6.682679176330566,36.02180862426758,363561,0.1
2024,climatology,24,50,8.545706748962402,4.289501667022705,1.5338213443756104,1.5318653583526611,-0.07678031921386719,0.5348080343158526,7.4685211181640625,38.94548416137695,363561,0.1
2024,climatology,24,30,10.214912414550781,4.981600284576416,1.0302895307540894,1.029792308807373,-0.0310793686658144,0.518438489264787,8.969005584716797,37.44252014160156,363561,0.1
2024,climatology,24,20,10.731701850891113,5.295076847076416,0.27353522181510925,0.2701696753501892,0.04279833659529686,0.5017002655172835,8.682332992553711,43.8270263671875,363561,0.1
2024,climatology,48,100,10.003796577453613,5.447076797485352,0.4917640686035156,-0.4898513853549957,0.04347947612404823,0.661822547045791,7.905879974365234,30.729434967041016,363561,0.1
2024,climatology,48,70,7.861696243286133,4.169233798980713,0.707424521446228,0.7029039859771729,-0.07996764779090881,0.6002036325524065,6.687014579772949,36.04275131225586,363561,0.1
2024,climatology,48,50,8.542936325073242,4.289054870605469,1.5161505937576294,1.514154076576233,-0.07715150713920593,0.5339354962143552,7.466865539550781,38.84967803955078,363561,0.1
2024,climatology,48,30,10.202430725097656,4.976561069488525,1.0001976490020752,0.9996300339698792,-0.032881926745176315,0.5186739796655071,8.954404830932617,37.503440856933594,363561,0.1
2024,climatology,48,20,10.715203285217285,5.287841796875,0.24757614731788635,0.24391178786754608,0.04245676100254059,0.5024432661061384,8.662725448608398,43.8546028137207,363561,0.1
2024,climatology,72,100,10.008856773376465,5.4508891105651855,0.48510584235191345,-0.483718603849411,0.036848146468400955,0.6617169526776148,7.909914970397949,30.7310848236084,363561,0.1
2024,climatology,72,70,7.866954803466797,4.1718831062316895,0.7176641821861267,0.7121155858039856,-0.0891759917140007,0.6000212449395699,6.68949031829834,36.05519104003906,363561,0.1
2024,climatology,72,50,8.54201602935791,4.2898125648498535,1.499219298362732,1.4970877170562744,-0.0793461799621582,0.5337785418966501,7.46735954284668,38.75175476074219,363561,0.1
2024,climatology,72,30,10.18789291381836,4.970610618591309,0.971956193447113,0.9712701439857483,-0.03584684059023857,0.5190724174973649,8.937501907348633,37.55957794189453,363561,0.1
2024,climatology,72,20,10.702935218811035,5.282729148864746,0.2279042899608612,0.22389554977416992,0.042578019201755524,0.5026944714629497,8.646763801574707,43.87389373779297,363561,0.1
2024,moving_average,6,100,5.698980331420898,3.1284220218658447,0.005622515920549631,0.0054311673156917095,-0.0014637676067650318,0.8733347379732941,3.862387180328369,17.218017578125,363561,0.0
2024,moving_average,6,70,4.739850044250488,2.6190385818481445,0.01086483895778656,0.010423682630062103,0.0030823438428342342,0.781918725650987,3.1693947315216064,21.36854362487793,363561,0.0
2024,moving_average,6,50,4.302073001861572,2.3714122772216797,0.01081087626516819,-0.010544713586568832,0.0023807939141988754,0.7059657548338434,2.936387300491333,18.722318649291992,363561,0.0
2024,moving_average,6,30,4.640769958496094,2.549316644668579,0.02333316206932068,-0.023212337866425514,0.0023737954907119274,0.6855537216734113,3.152737855911255,20.059816360473633,363561,0.0
2024,moving_average,6,20,5.081944942474365,2.793205499649048,0.026262899860739708,-0.026244360953569412,0.000959565513767302,0.7092684671704678,3.4502434730529785,22.346094131469727,363561,0.0
2024,moving_average,12,100,6.787014007568359,3.7221498489379883,0.008162100799381733,0.008015166968107224,-0.0015373544301837683,0.8232704803981182,4.600208759307861,20.770071029663086,363561,0.0
2024,moving_average,12,70,5.4353766441345215,2.990304470062256,0.015756715089082718,0.015383148565888405,0.0034315234515815973,0.7213261420110596,3.6489603519439697,24.725051879882812,363561,0.0
2024,moving_average,12,50,4.828145980834961,2.6379542350769043,0.014979823492467403,-0.01488475315272808,0.0016993095632642508,0.6422936929431509,3.354609966278076,20.475570678710938,363561,0.0
2024,moving_average,12,30,5.205559253692627,2.826665163040161,0.03284783661365509,-0.03281541168689728,0.0015075578121468425,0.6216673079575958,3.5995960235595703,21.94804573059082,363561,0.0
2024,moving_average,12,20,5.758255958557129,3.1270337104797363,0.03712857887148857,-0.037102457135915756,0.001312945270910859,0.6442420642478455,3.9590179920196533,25.049816131591797,363561,0.0
2024,moving_average,24,100,8.279606819152832,4.534729957580566,0.01321412529796362,0.013099267147481441,-0.0018229208653792739,0.7472694493051014,5.637162685394287,25.564350128173828,363561,0.0
2024,moving_average,24,70,6.3159871101379395,3.4514541625976562,0.02460261806845665,0.024285202845931053,0.00391620397567749,0.6476227734870161,4.2874531745910645,28.729307174682617,363561,0.0
2024,moving_average,24,50,5.474900722503662,2.9603657722473145,0.02422185055911541,-0.024133818224072456,0.0019882069900631905,0.5759614763587254,3.9295520782470703,22.401304244995117,363561,0.0
2024,moving_average,24,30,5.889767646789551,3.158531427383423,0.05223879963159561,-0.052161432802677155,0.0028117671608924866,0.5600095413485705,4.194149971008301,24.153453826904297,363561,0.0
2024,moving_average,24,20,6.619731426239014,3.532865285873413,0.0564093142747879,-0.05625287443399429,0.004222105257213116,0.5736968342912218,4.647994041442871,28.4365234375,363561,0.0
2024,moving_average,48,100,9.992438316345215,5.4664306640625,0.023778127506375313,0.02291540801525116,-0.0063449847511947155,0.6558895572545649,6.882859706878662,30.59882926940918,363561,0.0
2024,moving_average,48,70,7.332386016845703,3.9816668033599854,0.04320279881358147,0.04320573806762695,-0.00032990722684189677,0.5757022372253402,5.0486345291137695,33.08946990966797,363561,0.0
2024,moving_average,48,50,6.198747158050537,3.3289592266082764,0.04225151985883713,-0.04222387075424194,0.0015228911070153117,0.5348431935661159,4.668052673339844,24.74420166015625,363561,0.0
2024,moving_average,48,30,6.63930606842041,3.5222411155700684,0.08669302612543106,-0.08668646216392517,0.0006241618539206684,0.5329356717629866,4.931267738342285,26.799501419067383,363561,0.0
2024,moving_average,48,20,7.626782417297363,3.9754223823547363,0.08795471489429474,-0.08789239823818207,0.0031683871056884527,0.5276861067642824,5.558595180511475,31.281919479370117,363561,0.0
2024,moving_average,72,100,10.838154792785645,5.9101033210754395,0.036097198724746704,0.033532436937093735,-0.013378624804317951,0.614909589087564,7.547577857971191,32.412376403808594,363561,0.0
2024,moving_average,72,70,7.8098859786987305,4.215402603149414,0.05554156377911568,0.05464211478829384,-0.009978136047720909,0.5563375546627154,5.430108070373535,34.85604476928711,363561,0.0
2024,moving_average,72,50,6.548121452331543,3.48642635345459,0.05966944620013237,-0.05966884642839432,-0.0007659209659323096,0.5386332182125071,5.069478511810303,25.440044403076172,363561,0.0
2024,moving_average,72,30,7.172095775604248,3.754406452178955,0.11944855749607086,-0.11940985172986984,-0.0027257807087153196,0.5102417311344801,5.403976917266846,28.41249656677246,363561,0.0
2024,moving_average,72,20,8.40755558013916,4.286235332489014,0.11332683265209198,-0.11329043656587601,0.002577501814812422,0.49291680255045184,6.15785026550293,33.306114196777344,363561,0.0
2024,linear,6,100,4.375471115112305,2.3829667568206787,0.022271111607551575,0.006883805152028799,0.021180910989642143,0.9223388197607718,2.982609987258911,12.529818534851074,363561,6.9
2024,linear,6,70,3.7181053161621094,2.0472729206085205,0.030063282698392868,-0.029467759653925896,0.005952567793428898,0.858826652923271,2.5137689113616943,16.127185821533203,363561,6.9
2024,linear,6,50,3.4393701553344727,1.9039338827133179,0.05606767162680626,0.05502839758992195,0.010739799588918686,0.806223806606621,2.3355021476745605,14.748632431030273,363561,6.9
2024,linear,6,30,3.5492515563964844,1.961551547050476,0.034456003457307816,-0.005569473374634981,-0.03400343656539917,0.8127659571906256,2.4056997299194336,14.751016616821289,363561,6.9
2024,linear,6,20,4.063399314880371,2.245695114135742,0.040917474776506424,0.011429591104388237,0.03928814455866814,0.8037668951812466,2.788170099258423,17.33887481689453,363561,6.9
2024,linear,12,100,5.712296485900879,3.1348631381988525,0.029464665800333023,0.004523191601037979,0.029115285724401474,0.8660305670128907,3.9808945655822754,16.9705753326416,363561,6.9
2024,linear,12,70,4.58034086227417,2.5291295051574707,0.02833717130124569,-0.02696777693927288,0.008706439286470413,0.7889492515697385,3.2206692695617676,20.331634521484375,363561,6.9
2024,linear,12,50,4.102996349334717,2.264362335205078,0.10218249261379242,0.10139370709657669,-0.012663471512496471,0.7375966821562356,2.953547716140747,17.36784553527832,363561,6.9
2024,linear,12,30,4.262476921081543,2.334894895553589,0.05052386224269867,-0.019947728142142296,-0.04641922190785408,0.7496846727811379,3.0521459579467773,17.630306243896484,363561,6.9
2024,linear,12,20,4.903034210205078,2.674039125442505,0.045944809913635254,0.0244614165276289,0.038891732692718506,0.735240980186844,3.52130389213562,20.79412269592285,363561,6.9
2024,linear,24,100,7.038908004760742,3.8624486923217773,0.02186083421111107,-0.00752547662705183,0.020524194464087486,0.800171537232741,5.065392971038818,21.028200149536133,363561,6.9
2024,linear,24,70,5.229501247406006,2.8715078830718994,0.013014325872063637,0.012844936922192574,0.0020885153207927942,0.7385862597109101,3.8003029823303223,23.32954216003418,363561,6.9
2024,linear,24,50,4.573091983795166,2.4951047897338867,0.16522593796253204,0.16251559555530548,-0.0298073161393404,0.697819841290035,3.448622226715088,18.771028518676758,363561,6.9
2024,linear,24,30,4.787052631378174,2.5769379138946533,0.04019728675484657,-0.01715909317135811,-0.036350686103105545,0.7170730249226781,3.573364019393921,19.135982513427734,363561,6.9
2024,linear,24,20,5.622195243835449,3.003054141998291,0.04989885166287422,0.017562517896294594,0.046705666929483414,0.6905256847395791,4.191527366638184,23.099653244018555,363561,6.9
2024,linear,48,100,8.675902366638184,4.761828422546387,0.04985197260975838,-0.04943200945854187,0.0064467317424714565,0.7032742711084868,6.495318412780762,26.15389633178711,363561,6.9
2024,linear,48,70,6.225851535797119,3.4044196605682373,0.13396643102169037,0.13219033181667328,-0.02174721471965313,0.6496907436723518,4.679442882537842,28.359222412109375,363561,6.9
2024,linear,48,50,5.365865707397461,2.8951809406280518,0.2807938754558563,0.27797386050224304,-0.039685845375061035,0.6214372098552375,4.262651443481445,21.295448303222656,363561,6.9
2024,linear,48,30,5.709136486053467,3.01702880859375,0.03693811967968941,0.017268260940909386,-0.03265397250652313,0.6442829773759646,4.447975158691406,22.311674118041992,363561,6.9
2024,linear,48,20,6.7565598487854,3.4999682903289795,0.047295570373535156,-0.00595451146364212,0.04691898822784424,0.62272229517865,5.219971656799316,26.88833236694336,363561,6.9
2024,linear,72,100,9.42973518371582,5.162983417510986,0.06997918337583542,-0.06983669102191925,-0.004402776248753071,0.6587208575705853,7.207376956939697,28.137834548950195,363561,6.9
2024,linear,72,70,6.729301452636719,3.650200366973877,0.22523581981658936,0.21937210857868195,-0.05106460303068161,0.6110873871000446,5.10761022567749,30.693077087402344,363561,6.9
2024,linear,72,50,5.761457443237305,3.0891098976135254,0.35549017786979675,0.3528422713279724,-0.043333232402801514,0.5935017321699552,4.6712188720703125,22.27166175842285,363561,6.9
2024,linear,72,30,6.269336700439453,3.27030611038208,0.0455629862844944,0.033838510513305664,-0.030512653291225433,0.6111782468180236,4.952808856964111,24.26771354675293,363561,6.9
2024,linear,72,20,7.478928089141846,3.7868316173553467,0.048669710755348206,-0.025426624342799187,0.04149995744228363,0.5883949080748114,5.818507194519043,28.975130081176758,363561,6.9
2024,ridge,6,100,4.375472068786621,2.382967472076416,0.022271988913416862,0.006885298527777195,0.021180961281061172,0.9223387299639929,2.9826087951660156,12.529825210571289,363561,7.6
2024,ridge,6,70,3.7181074619293213,2.0472733974456787,0.030060647055506706,-0.02946595661342144,0.0059526339173316956,0.8588263930045517,2.513768196105957,16.12718963623047,363561,7.6
2024,ridge,6,50,3.439366579055786,1.9039326906204224,0.05606330931186676,0.0550260990858078,0.010738302953541279,0.8062239977222538,2.335498571395874,14.748635292053223,363561,7.6
2024,ridge,6,30,3.549252510070801,1.961551547050476,0.03445442020893097,-0.005567201413214207,-0.034001678228378296,0.8127658185523907,2.4057013988494873,14.75101089477539,363561,7.6
2024,ridge,6,20,4.063395023345947,2.2456936836242676,0.040918055921792984,0.011430101469159126,0.03928801044821739,0.8037669549879052,2.788163661956787,17.338882446289062,363561,7.6
2024,ridge,12,100,5.712296009063721,3.1348631381988525,0.02946348860859871,0.004526782780885696,0.029113298282027245,0.8660305129045412,3.9808928966522217,16.970582962036133,363561,7.6
2024,ridge,12,70,4.5803446769714355,2.5291295051574707,0.02833661623299122,-0.026967406272888184,0.008705460466444492,0.7889490581113614,3.220672130584717,20.331623077392578,363561,7.6
2024,ridge,12,50,4.102989673614502,2.2643604278564453,0.10217887908220291,0.10138947516679764,-0.012663735076785088,0.7375968138115542,2.953538656234741,17.36785125732422,363561,7.6
2024,ridge,12,30,4.262477397918701,2.334894895553589,0.05052134394645691,-0.019944772124290466,-0.04641801491379738,0.7496843572982671,3.0521469116210938,17.63031768798828,363561,7.6
2024,ridge,12,20,4.9030303955078125,2.6740376949310303,0.045943692326545715,0.02446102350950241,0.038891445845365524,0.7352412018518757,3.5212972164154053,20.79413604736328,363561,7.6
2024,ridge,24,100,7.038907051086426,3.862448215484619,0.021858777850866318,-0.007525672670453787,0.0205213725566864,0.8001715185626628,5.06539249420166,21.028196334838867,363561,7.6
2024,ridge,24,70,5.229502201080322,2.871506690979004,0.013014293275773525,0.012846623547375202,0.0020882419776171446,0.7385862306086383,3.800302743911743,23.32953453063965,363561,7.6
2024,ridge,24,50,4.573089122772217,2.4951040744781494,0.16521933674812317,0.1625124216079712,-0.029806630685925484,0.6978198408916699,3.4486186504364014,18.771018981933594,363561,7.6
2024,ridge,24,30,4.78705358505249,2.5769381523132324,0.04019568860530853,-0.017156846821308136,-0.03635002672672272,0.7170730235201142,3.5733649730682373,19.135990142822266,363561,7.6
2024,ridge,24,20,5.622193336486816,3.0030531883239746,0.049898602068424225,0.017561454325914383,0.046705592423677444,0.6905258682478683,4.19152307510376,23.09967041015625,363561,7.6
2024,ridge,48,100,8.675901412963867,4.761828899383545,0.04985320568084717,-0.049431946128606796,0.0064429473131895065,0.7032742956998942,6.4953203201293945,26.15387725830078,363561,7.6
2024,ridge,48,70,6.22585391998291,3.4044201374053955,0.13396939635276794,0.1321932077407837,-0.021746911108493805,0.6496907757754075,4.679441452026367,28.359233856201172,363561,7.6
2024,ridge,48,50,5.365864276885986,2.8951809406280518,0.2807937562465668,0.27797025442123413,-0.039685338735580444,0.621437116590337,4.262650012969971,21.29546356201172,363561,7.6
2024,ridge,48,30,5.709137439727783,3.0170295238494873,0.03693884611129761,0.017270732671022415,-0.03265348821878433,0.6442830588025187,4.447975158691406,22.31168556213379,363561,7.6
2024,ridge,48,20,6.756558895111084,3.4999682903289795,0.04729568213224411,-0.005955521482974291,0.04691912233829498,0.6227225068229181,5.219969272613525,26.88833999633789,363561,7.6
2024,ridge,72,100,9.42973518371582,5.162983417510986,0.06997667998075485,-0.06983542442321777,-0.004406894091516733,0.6587208350943893,7.20737886428833,28.137788772583008,363561,7.6
2024,ridge,72,70,6.729305267333984,3.6502013206481934,0.2252393662929535,0.21937526762485504,-0.05106509104371071,0.6110874799032395,5.10761022567749,30.693130493164062,363561,7.6
2024,ridge,72,50,5.761455535888672,3.089109182357788,0.3554842174053192,0.35283827781677246,-0.043333087116479874,0.5935017020901585,4.671217441558838,22.27166175842285,363561,7.6
2024,ridge,72,30,6.269337177276611,3.2703068256378174,0.045566149055957794,0.03384155407547951,-0.030511794611811638,0.6111781583433147,4.952808856964111,24.267724990844727,363561,7.6
2024,ridge,72,20,7.478928089141846,3.786832571029663,0.0486699678003788,-0.025427106767892838,0.0415002778172493,0.5883949127536358,5.818505764007568,28.975128173828125,363561,7.6
2024,gradient_boosting,6,100,4.2308878898620605,2.3003571033477783,0.07479014247655869,-0.05713203176856041,-0.04826372489333153,0.928116135871375,2.89507794380188,11.941654205322266,363561,99.4
2024,gradient_boosting,6,70,3.5168051719665527,1.9323238134384155,0.07154843211174011,-0.0660477951169014,-0.027512455359101295,0.8771061393428383,2.398167371749878,14.831367492675781,363561,99.4
2024,gradient_boosting,6,50,3.20210862159729,1.7680121660232544,0.04697556793689728,0.04439876601099968,0.015343217179179192,0.8391343383807146,2.194607734680176,13.360603332519531,363561,99.4
2024,gradient_boosting,6,30,3.291621208190918,1.815742015838623,0.07136264443397522,0.023502007126808167,-0.06738156080245972,0.8458765829924906,2.2341606616973877,13.375441551208496,363561,99.4
2024,gradient_boosting,6,20,3.7271313667297363,2.0619945526123047,0.07117082923650742,0.027805019170045853,0.0655142068862915,0.8441363606106502,2.563861846923828,15.49140453338623,363561,99.4
2024,gradient_boosting,12,100,5.527307987213135,3.0289342403411865,0.13111865520477295,-0.11905036866664886,-0.054947830736637115,0.8760369967241839,3.864107370376587,16.16339683532715,363561,99.4
2024,gradient_boosting,12,70,4.362361431121826,2.4028160572052,0.12183219194412231,-0.12180120497941971,-0.002788473619148135,0.8155982043567749,3.091487407684326,18.952651977539062,363561,99.4
2024,gradient_boosting,12,50,3.871600389480591,2.129655599594116,0.08237860351800919,0.08095653355121613,-0.015241914428770542,0.7786819054156602,2.8060264587402344,15.968887329101562,363561,99.4
2024,gradient_boosting,12,30,4.008957862854004,2.1939914226531982,0.09120884537696838,0.03470725193619728,-0.08434758335351944,0.788584846973976,2.8742363452911377,16.31647300720215,363561,99.4
2024,gradient_boosting,12,20,4.48482084274292,2.451948881149292,0.12032519280910492,0.1075834408402443,0.05389206483960152,0.7968010353433678,3.251861810684204,18.41606903076172,363561,99.4
2024,gradient_boosting,24,100,6.807824611663818,3.732203722000122,0.23672713339328766,-0.20350588858127594,-0.1209287941455841,0.8152644465077354,4.906574249267578,20.203746795654297,363561,99.4
2024,gradient_boosting,24,70,5.071171760559082,2.782029628753662,0.12886126339435577,-0.12473926693201065,-0.032338228076696396,0.7612588724493943,3.6981563568115234,22.482669830322266,363561,99.4
2024,gradient_boosting,24,50,4.401366233825684,2.401658058166504,0.18517112731933594,0.1827397495508194,-0.029915671795606613,0.7312140881407836,3.3266258239746094,17.83308982849121,363561,99.4
2024,gradient_boosting,24,30,4.556616306304932,2.4560976028442383,0.07495499402284622,0.07015395164489746,-0.02639172598719597,0.7532828607405448,3.387816905975342,18.110790252685547,363561,99.4
2024,gradient_boosting,24,20,5.196781158447266,2.7975165843963623,0.08085395395755768,0.07023100554943085,0.04006468132138252,0.7529795929844074,3.8777003288269043,21.133621215820312,363561,99.4
2024,gradient_boosting,48,100,8.284850120544434,4.543733596801758,0.44150394201278687,-0.4001634120941162,-0.18655546009540558,0.7308586812515243,6.181117534637451,24.85726547241211,363561,99.4
2024,gradient_boosting,48,70,6.047303199768066,3.3073315620422363,0.09649712592363358,-0.03132295608520508,-0.09127414226531982,0.6712002009166288,4.542513847351074,27.518104553222656,363561,99.4
2024,gradient_boosting,48,50,5.240153789520264,2.8328158855438232,0.3238949775695801,0.32200002670288086,-0.03503888100385666,0.6382521824339694,4.158804893493652,20.791759490966797,363561,99.4
2024,gradient_boosting,48,30,5.467899322509766,2.8969650268554688,0.1555919349193573,0.15526744723320007,-0.010028475895524025,0.6702989189875368,4.216070175170898,21.43480110168457,363561,99.4
2024,gradient_boosting,48,20,6.36018705368042,3.3363685607910156,0.22135472297668457,0.20925387740135193,0.0721893236041069,0.6562301044638639,4.869443893432617,25.532609939575195,363561,99.4
2024,gradient_boosting,72,100,8.926399230957031,4.889203071594238,0.5392186641693115,-0.5280711650848389,-0.10906147956848145,0.6928230964788876,6.792721271514893,27.015804290771484,363561,99.4
2024,gradient_boosting,72,70,6.519708156585693,3.5410048961639404,0.10646031051874161,-0.021745597943663597,-0.10421398282051086,0.6275842420779587,4.956538677215576,30.057897567749023,363561,99.4
2024,gradient_boosting,72,50,5.635467052459717,3.027161121368408,0.4272541105747223,0.42343682050704956,-0.05695372819900513,0.6030796563874327,4.566438674926758,21.783287048339844,363561,99.4
2024,gradient_boosting,72,30,5.97951602935791,3.1310243606567383,0.2338458150625229,0.23379579186439514,-0.0048229205422103405,0.6250131095635572,4.662240505218506,23.275165557861328,363561,99.4
2024,gradient_boosting,72,20,7.055820465087891,3.6218812465667725,0.3500162661075592,0.34551456570625305,0.0559225007891655,0.5998495068026671,5.455583095550537,27.791963577270508,363561,99.4
2024,lstm,6,100,4.2159271240234375,2.2927193641662598,0.2994047999382019,0.15447810292243958,-0.2564745843410492,0.9291108922659381,2.8763978481292725,11.923904418945312,363561,50.4
2024,lstm,6,70,3.4721620082855225,1.9059672355651855,0.15337158739566803,-0.09537770599126816,0.12010729312896729,0.8807816868611451,2.36221981048584,14.58115005493164,363561,50.4
2024,lstm,6,50,3.159332275390625,1.741342544555664,0.10868166387081146,0.06979478150606155,-0.08330860733985901,0.8439172110671237,2.1595475673675537,13.079972267150879,363561,50.4
2024,lstm,6,30,3.211639404296875,1.7714409828186035,0.06208072230219841,-0.047362055629491806,-0.04013434052467346,0.8532368333442262,2.169421672821045,12.953097343444824,363561,50.4
2024,lstm,6,20,3.688971519470215,2.041306257247925,0.3667110502719879,0.06703738868236542,-0.36052945256233215,0.8496604951650287,2.534045696258545,15.29576301574707,363561,50.4
2024,lstm,12,100,5.506192207336426,3.01981782913208,0.508546769618988,-0.010259894654154778,-0.508435845375061,0.8784566887507061,3.8324337005615234,16.223642349243164,363561,50.4
2024,lstm,12,70,4.2977519035339355,2.3673758506774902,0.13895736634731293,-0.0629839301109314,0.12386348098516464,0.8200117030290259,3.0314221382141113,18.664785385131836,363561,50.4
2024,lstm,12,50,3.8078794479370117,2.094282388687134,0.07963933050632477,-0.07903702557086945,-0.009778415784239769,0.7807988813432746,2.7139039039611816,15.715221405029297,363561,50.4
2024,lstm,12,30,3.888977527618408,2.129711151123047,0.19931717216968536,0.08771117776632309,-0.17898117005825043,0.7976926839198635,2.7436392307281494,15.714812278747559,363561,50.4
2024,lstm,12,20,4.432077884674072,2.4249610900878906,0.42611682415008545,-0.1653776317834854,-0.39271780848503113,0.8039117628566164,3.1977572441101074,18.175588607788086,363561,50.4
2024,lstm,24,100,6.749759674072266,3.7058629989624023,0.4122771620750427,-0.2660655677318573,-0.3149309456348419,0.8196211907009939,4.872801303863525,20.111875534057617,363561,50.4
2024,lstm,24,70,5.032412052154541,2.7630860805511475,0.1750503033399582,-0.17502173781394958,-0.003337365575134754,0.7647653971907988,3.665438652038574,22.47137451171875,363561,50.4
2024,lstm,24,50,4.340719223022461,2.3704261779785156,0.10968354344367981,-0.1091943010687828,-0.010355127044022083,0.7342430089643417,3.2441000938415527,17.64007568359375,363561,50.4
2024,lstm,24,30,4.4525980949401855,2.4083120822906494,0.28062909841537476,0.021571926772594452,-0.27979910373687744,0.7569354214062763,3.281604051589966,17.770851135253906,363561,50.4
2024,lstm,24,20,5.1260223388671875,2.7572131156921387,0.10935121774673462,-0.10749611258506775,0.020056547597050667,0.7571705861008545,3.824690103530884,20.700410842895508,363561,50.4
2024,lstm,48,100,8.200823783874512,4.506762504577637,0.46579307317733765,-0.2634640336036682,-0.3841264247894287,0.7386106632647179,6.106481075286865,24.7563533782959,363561,50.4
2024,lstm,48,70,5.976992607116699,3.273219585418701,0.16366830468177795,0.0008412016904912889,-0.16366778314113617,0.6831621137691735,4.451772212982178,27.459701538085938,363561,50.4
2024,lstm,48,50,5.094851493835449,2.7619030475616455,0.17430436611175537,0.019728345796465874,0.1731831580400467,0.6528553566865934,3.9662702083587646,20.49480628967285,363561,50.4
2024,lstm,48,30,5.318553447723389,2.831831216812134,0.33917534351348877,0.24960684776306152,-0.22964760661125183,0.6839780367964776,4.083089828491211,20.798490524291992,363561,50.4
2024,lstm,48,20,6.187392234802246,3.2586605548858643,0.25454843044281006,0.2529023587703705,-0.028910242021083832,0.6696814555043091,4.704869747161865,24.79351234436035,363561,50.4
2024,lstm,72,100,8.888702392578125,4.88774299621582,0.7249958515167236,-0.4021054208278656,-0.6032675504684448,0.6982932770595148,6.709326267242432,27.110946655273438,363561,50.4
2024,lstm,72,70,6.459551811218262,3.516465902328491,0.2132704108953476,-0.2128133475780487,0.013820035383105278,0.6388868339029228,4.8377485275268555,29.944955825805664,363561,50.4
2024,lstm,72,50,5.494962692260742,2.9683051109313965,0.3825145363807678,0.23958934843540192,-0.2981831431388855,0.6138948096792698,4.34912109375,21.80040740966797,363561,50.4
2024,lstm,72,30,5.8462300300598145,3.0820164680480957,0.614539623260498,0.6138333082199097,-0.029304878786206245,0.6398834820394627,4.549684524536133,22.678579330444336,363561,50.4
2024,lstm,72,20,6.852662563323975,3.554934501647949,0.5888179540634155,0.5815102458000183,-0.09251121431589127,0.6167133729424326,5.232537746429443,27.09281349182129,363561,50.4
2024,tcn,6,100,4.22605037689209,2.2975337505340576,0.1824413686990738,0.12950807809829712,-0.12849768996238708,0.9281214336506849,2.8791589736938477,11.962220191955566,363561,28.4
2024,tcn,6,70,3.4842376708984375,1.9114512205123901,0.0678618773818016,0.06616325676441193,-0.015086823143064976,0.8781640654319147,2.3565804958343506,14.652228355407715,363561,28.4
2024,tcn,6,50,3.174508571624756,1.750281572341919,0.23926948010921478,-0.08172619342803955,-0.22487708926200867,0.840984802662073,2.1499788761138916,13.314614295959473,363561,28.4
2024,tcn,6,30,3.2458510398864746,1.7902568578720093,0.03479776158928871,0.031501006335020065,0.014784147962927818,0.8498517778072375,2.195805072784424,13.13486099243164,363561,28.4
2024,tcn,6,20,3.6904964447021484,2.0412871837615967,0.1267927587032318,0.12315615266561508,-0.030146822333335876,0.8461039221118691,2.5307395458221436,15.33456802368164,363561,28.4
2024,tcn,12,100,5.518179416656494,3.0236852169036865,0.3528132438659668,0.19917623698711395,-0.2912192940711975,0.8757918543618834,3.828929901123047,16.265871047973633,363561,28.4
2024,tcn,12,70,4.327700614929199,2.3844478130340576,0.19785626232624054,0.06461767107248306,-0.18700562417507172,0.8160366229198506,3.024872064590454,18.88176155090332,363561,28.4
2024,tcn,12,50,3.838015079498291,2.1108896732330322,0.04937858134508133,-0.041702624410390854,-0.026441117748618126,0.7759547496268537,2.742581844329834,15.850090980529785,363561,28.4
2024,tcn,12,30,3.9364395141601562,2.155909299850464,0.23030252754688263,0.11207455396652222,-0.20119182765483856,0.7943659101378553,2.784075975418091,15.90988826751709,363561,28.4
2024,tcn,12,20,4.433351993560791,2.4279701709747314,0.18783295154571533,0.07872194051742554,-0.1705400049686432,0.7983372329800652,3.20440411567688,18.30360984802246,363561,28.4
2024,tcn,24,100,6.77982234954834,3.7205138206481934,0.32177069783210754,0.24824655055999756,-0.2047235518693924,0.8155244477214443,4.873859882354736,20.290325164794922,363561,28.4
2024,tcn,24,70,5.034080982208252,2.765038251876831,0.2207740843296051,0.01726118102669716,-0.2201019525527954,0.7626105812371562,3.650078058242798,22.413246154785156,363561,28.4
2024,tcn,24,50,4.345539093017578,2.3716776371002197,0.28554973006248474,0.20710626244544983,-0.19657863676548004,0.7341402386633348,3.257880687713623,17.673368453979492,363561,28.4
2024,tcn,24,30,4.488254547119141,2.4210269451141357,0.20191822946071625,0.04425397887825966,-0.19700883328914642,0.7566039853534576,3.3298089504241943,17.803422927856445,363561,28.4
2024,tcn,24,20,5.143874645233154,2.7710890769958496,0.2115418016910553,0.17552587389945984,0.11807745695114136,0.7540999931872585,3.8478589057922363,20.928213119506836,363561,28.4
2024,tcn,48,100,8.287510871887207,4.551092624664307,0.6043820381164551,0.5067813992500305,-0.32931333780288696,0.7318050061790314,6.150274276733398,25.14424705505371,363561,28.4
2024,tcn,48,70,5.973211765289307,3.2742092609405518,0.168890118598938,0.16722619533538818,0.02364077977836132,0.6756122781531846,4.473850250244141,27.209115982055664,363561,28.4
2024,tcn,48,50,5.127403259277344,2.773313045501709,0.30170413851737976,0.22943907976150513,-0.19592072069644928,0.64594179438542,4.0105366706848145,20.42735481262207,363561,28.4
2024,tcn,48,30,5.363495349884033,2.852593421936035,0.2022918313741684,0.18895049393177032,-0.07225492596626282,0.6812232786183398,4.142390727996826,20.967594146728516,363561,28.4
2024,tcn,48,20,6.259904384613037,3.2977657318115234,0.4846985638141632,0.46603286266326904,0.13320156931877136,0.6669456578228229,4.81842041015625,25.119670867919922,363561,28.4
2024,tcn,72,100,8.994988441467285,4.9335036277771,0.640586793422699,0.6057419180870056,-0.20839524269104004,0.6885536123345808,6.777751922607422,27.497163772583008,363561,28.4
2024,tcn,72,70,6.457568168640137,3.519010305404663,0.11349930614233017,-0.012101562693715096,-0.1128527820110321,0.6270802039563175,4.86713171005249,29.945104598999023,363561,28.4
2024,tcn,72,50,5.5279541015625,2.972230911254883,0.23363177478313446,0.22811895608901978,-0.05046214535832405,0.6034077418915194,4.411739826202393,21.632022857666016,363561,28.4
2024,tcn,72,30,5.873088359832764,3.0942134857177734,0.30984926223754883,0.30896812677383423,-0.023347623646259308,0.6377827797382933,4.592355728149414,22.855897903442383,363561,28.4
2024,tcn,72,20,6.949907302856445,3.6121833324432373,0.7634559869766235,0.7084787487983704,0.28447166085243225,0.6182832001087132,5.374403953552246,27.515850067138672,363561,28.4
2025,persistence,6,100,4.738091945648193,2.5941243171691895,0.002177395625039935,0.0017006524140015244,-0.0013630877947434783,0.912990633808204,3.140411138534546,14.634356498718262,362549,0.0
2025,persistence,6,70,4.4928483963012695,2.4848783016204834,0.0005796189652755857,0.0005801532533951104,2.7243000658927485e-05,0.8084211567810194,2.867856740951538,21.85083770751953,362549,0.0
2025,persistence,6,50,4.311544895172119,2.396157741546631,0.005254894495010376,0.005256488919258118,8.513535431120545e-05,0.7405397934232103,2.7074480056762695,21.55928611755371,362549,0.0
2025,persistence,6,30,4.54604434967041,2.5239226818084717,0.00805725995451212,0.008057363331317902,0.00011888655717484653,0.7309074266892998,2.762838840484619,20.290578842163086,362549,0.0
2025,persistence,6,20,4.868677139282227,2.7052087783813477,0.0011813538148999214,-0.00024756352650001645,-0.0011556089157238603,0.7473220097657822,2.954310894012451,19.8762264251709,362549,0.0
2025,persistence,12,100,6.356470584869385,3.5025923252105713,0.005452231969684362,0.0039003239944577217,-0.0038128311280161142,0.8457208474390734,4.1939191818237305,20.524564743041992,362549,0.0
2025,persistence,12,70,5.762014389038086,3.1972615718841553,0.0020177741535007954,0.0016752962255850434,-0.0011230652453377843,0.692526387716968,3.6625638008117676,29.17455291748047,362549,0.0
2025,persistence,12,50,5.248034954071045,2.9114267826080322,0.01075158454477787,0.010696102865040302,-0.0011288915993645787,0.6212915394596732,3.320568084716797,25.811662673950195,362549,0.0
2025,persistence,12,30,5.4521307945251465,3.0250558853149414,0.015584532171487808,0.015537265688180923,-0.0011964061995968223,0.6156759903064091,3.3075623512268066,24.065479278564453,362549,0.0
2025,persistence,12,20,5.845826148986816,3.2434098720550537,0.0021527879871428013,-0.0013881124323233962,-0.0016433208948001266,0.6404652592616897,3.552891254425049,23.664779663085938,362549,0.0
2025,persistence,24,100,7.7626471519470215,4.266671180725098,0.012384800240397453,0.008639591746032238,-0.0088757099583745,0.7818379033944189,5.175302505493164,25.18010139465332,362549,0.0
2025,persistence,24,70,6.018759727478027,3.3069348335266113,0.003731454024091363,0.003089216072112322,-0.0021001712884753942,0.6955678518071136,3.9651870727539062,30.054569244384766,362549,0.0
2025,persistence,24,50,5.077950954437256,2.7910678386688232,0.019467610865831375,0.019347161054611206,-0.002156903501600027,0.674977106122554,3.4380147457122803,22.707677841186523,362549,0.0
2025,persistence,24,30,4.958649158477783,2.715613842010498,0.028406726196408272,0.028418179601430893,0.0002098679105984047,0.71813715637957,3.2933454513549805,19.22706413269043,362549,0.0
2025,persistence,24,20,5.4459309577941895,2.9735794067382812,0.0013891422422602773,-0.0012802148703485727,0.0005467578303068876,0.734969078225979,3.6985669136047363,19.391616821289062,362549,0.0
2025,persistence,48,100,9.866415023803711,5.420536041259766,0.029332678765058517,0.022862307727336884,-0.018374841660261154,0.6728552368321772,6.630767822265625,32.05682373046875,362549,0.0
2025,persistence,48,70,7.148949146270752,3.9137346744537354,0.007000163663178682,0.005895819514989853,-0.003797924844548106,0.6077637045032998,4.77971887588501,35.483917236328125,362549,0.0
2025,persistence,48,50,5.998640537261963,3.277675151824951,0.03661751747131348,0.03647027537226677,-0.003204918699339032,0.5905494023977137,4.208084583282471,26.727989196777344,362549,0.0
2025,persistence,48,30,6.018052577972412,3.238898754119873,0.05478868633508682,0.05475188419222832,0.0023030820302665234,0.6493278888918421,4.217247009277344,23.358566284179688,362549,0.0
2025,persistence,48,20,6.793793201446533,3.605313777923584,0.0017668998334556818,-0.0017229352379217744,-0.00032315473072230816,0.6692282689695725,4.8946852684021,23.891515731811523,362549,0.0
2025,persistence,72,100,10.868967056274414,5.963108539581299,0.04456467926502228,0.03774194419384003,-0.023717127740383148,0.6239505061858711,7.378939628601074,34.58417510986328,362549,0.0
2025,persistence,72,70,7.641448020935059,4.178307056427002,0.007977689616382122,0.006231388077139854,-0.004954645410180092,0.5857136150964641,5.2252888679504395,37.13671112060547,362549,0.0
2025,persistence,72,50,6.356460094451904,3.4487686157226562,0.05243073031306267,0.052203092724084854,-0.004695184528827667,0.5896559051983592,4.643820762634277,27.520801544189453,362549,0.0
2025,persistence,72,30,6.646308898925781,3.5097906589508057,0.07945376634597778,0.0794299989938736,0.002028620569035411,0.6358961457960698,4.833763599395752,25.300920486450195,362549,0.0
2025,persistence,72,20,7.723032474517822,3.9840304851531982,0.0010269508929923177,9.239053179044276e-05,-0.001020469586364925,0.637322705063182,5.675051689147949,25.99419593811035,362549,0.0
2025,tide_persistence,6,100,4.627598285675049,2.5298259258270264,0.0026519072707742453,0.001907449564896524,-0.0018425360321998596,0.9170993048643041,3.0763213634490967,14.242693901062012,362549,0.1
2025,tide_persistence,6,70,4.341702461242676,2.3997297286987305,0.0008412883034907281,0.0007327552302740514,-0.0004131423484068364,0.8206146109769142,2.777676820755005,21.057029724121094,362549,0.1
2025,tide_persistence,6,50,4.135702133178711,2.2968056201934814,0.0053332471288740635,0.005325908772647381,-0.0002836911880876869,0.7597546884710799,2.6025710105895996,20.647184371948242,362549,0.1
2025,tide_persistence,6,30,4.204299449920654,2.3338711261749268,0.0077852471731603146,0.007783678360283375,0.00014594424283131957,0.7697916619171972,2.591141939163208,18.52713966369629,362549,0.1
2025,tide_persistence,6,20,4.522414207458496,2.511613368988037,0.0007839358295314014,-6.500603194581345e-05,-0.0007813201518729329,0.7830464365179015,2.7954020500183105,17.90521240234375,362549,0.1
2025,tide_persistence,12,100,6.290687084197998,3.464268922805786,0.005501866340637207,0.00381469982676208,-0.00396521482616663,0.8491226758668438,4.155762195587158,20.194486618041992,362549,0.1
2025,tide_persistence,12,70,5.629284381866455,3.124635934829712,0.0018350881291553378,0.001463600667193532,-0.0011071284534409642,0.7076926616010895,3.597402811050415,28.357385635375977,362549,0.1
2025,tide_persistence,12,50,5.114624500274658,2.8382160663604736,0.010413356125354767,0.010368531569838524,-0.0009610530105419457,0.6432310661267986,3.2586357593536377,25.040164947509766,362549,0.1
2025,tide_persistence,12,30,5.069005966186523,2.8055684566497803,0.015230121091008186,0.015227672643959522,-0.00026795550365932286,0.6733674583833679,3.155010223388672,21.589706420898438,362549,0.1
2025,tide_persistence,12,20,5.459989547729492,3.0247304439544678,0.0012227018596604466,-0.0009798810351639986,-0.0007320618606172502,0.6923069934760913,3.429417371749878,21.156810760498047,362549,0.1
2025,tide_persistence,24,100,7.7626471519470215,4.266671180725098,0.012384800240397453,0.008639591746032238,-0.0088757099583745,0.7818379033944189,5.175302505493164,25.18010139465332,362549,0.1
2025,tide_persistence,24,70,6.018759727478027,3.3069348335266113,0.003731454024091363,0.003089216072112322,-0.0021001712884753942,0.6955678518071136,3.9651870727539062,30.054569244384766,362549,0.1
2025,tide_persistence,24,50,5.077950954437256,2.7910678386688232,0.019467610865831375,0.019347161054611206,-0.002156903501600027,0.674977106122554,3.4380147457122803,22.707677841186523,362549,0.1
2025,tide_persistence,24,30,4.958649158477783,2.715613842010498,0.028406726196408272,0.028418179601430893,0.0002098679105984047,0.71813715637957,3.2933454513549805,19.22706413269043,362549,0.1
2025,tide_persistence,24,20,5.4459309577941895,2.9735794067382812,0.0013891422422602773,-0.0012802148703485727,0.0005467578303068876,0.734969078225979,3.6985669136047363,19.391616821289062,362549,0.1
2025,tide_persistence,48,100,9.866415023803711,5.420536041259766,0.029332678765058517,0.022862307727336884,-0.018374841660261154,0.6728552368321772,6.630767822265625,32.05682373046875,362549,0.1
2025,tide_persistence,48,70,7.148949146270752,3.9137346744537354,0.007000163663178682,0.005895819514989853,-0.003797924844548106,0.6077637045032998,4.77971887588501,35.483917236328125,362549,0.1
2025,tide_persistence,48,50,5.998640537261963,3.277675151824951,0.03661751747131348,0.03647027537226677,-0.003204918699339032,0.5905494023977137,4.208084583282471,26.727989196777344,362549,0.1
2025,tide_persistence,48,30,6.018052577972412,3.238898754119873,0.05478868633508682,0.05475188419222832,0.0023030820302665234,0.6493278888918421,4.217247009277344,23.358566284179688,362549,0.1
2025,tide_persistence,48,20,6.793793201446533,3.605313777923584,0.0017668998334556818,-0.0017229352379217744,-0.00032315473072230816,0.6692282689695725,4.8946852684021,23.891515731811523,362549,0.1
2025,tide_persistence,72,100,10.868967056274414,5.963108539581299,0.04456467926502228,0.03774194419384003,-0.023717127740383148,0.6239505061858711,7.378939628601074,34.58417510986328,362549,0.1
2025,tide_persistence,72,70,7.641448020935059,4.178307056427002,0.007977689616382122,0.006231388077139854,-0.004954645410180092,0.5857136150964641,5.2252888679504395,37.13671112060547,362549,0.1
2025,tide_persistence,72,50,6.356460094451904,3.4487686157226562,0.05243073031306267,0.052203092724084854,-0.004695184528827667,0.5896559051983592,4.643820762634277,27.520801544189453,362549,0.1
2025,tide_persistence,72,30,6.646308898925781,3.5097906589508057,0.07945376634597778,0.0794299989938736,0.002028620569035411,0.6358961457960698,4.833763599395752,25.300920486450195,362549,0.1
2025,tide_persistence,72,20,7.723032474517822,3.9840304851531982,0.0010269508929923177,9.239053179044276e-05,-0.001020469586364925,0.637322705063182,5.675051689147949,25.99419593811035,362549,0.1
2025,climatology,6,100,9.774981498718262,5.330483913421631,0.6382339596748352,0.6290495991706848,0.10789584368467331,0.656393463111667,7.390425205230713,31.71675682067871,362549,0.1
2025,climatology,6,70,7.2959113121032715,3.8859148025512695,0.728232204914093,-0.7056897282600403,0.1798160970211029,0.6088645531715862,5.7073845863342285,41.12529754638672,362549,0.1
2025,climatology,6,50,8.310575485229492,4.161441802978516,0.1486850082874298,-0.1106066033244133,0.09932798892259598,0.5368230961496274,6.634584426879883,44.645179748535156,362549,0.1
2025,climatology,6,30,12.629227638244629,5.648798942565918,3.9456946849823,3.945683240890503,0.010751757770776749,0.5107023813348928,11.458203315734863,40.79668045043945,362549,0.1
2025,climatology,6,20,13.102592468261719,5.964944839477539,5.418820381164551,5.4186110496521,-0.051143717020750046,0.5372415629578507,11.930466651916504,29.214576721191406,362549,0.1
2025,climatology,12,100,9.773926734924316,5.329792022705078,0.6389778256416321,0.6301957368850708,0.10558615624904633,0.6565513880390028,7.392029762268066,31.70568084716797,362549,0.1
2025,climatology,12,70,7.29462194442749,3.8851473331451416,0.7278974056243896,-0.705532968044281,0.17907123267650604,0.6089524610494588,5.707014560699463,41.126888275146484,362549,0.1
2025,climatology,12,50,8.31147289276123,4.161706447601318,0.1449124813079834,-0.10616634041070938,0.09859680384397507,0.5368956943120592,6.634959697723389,44.678585052490234,362549,0.1
2025,climatology,12,30,12.63477611541748,5.650367736816406,3.95265531539917,3.9526450634002686,0.01057371310889721,0.5108003363303281,11.466200828552246,40.74736022949219,362549,0.1
2025,climatology,12,20,13.098804473876953,5.9628801345825195,5.418013095855713,5.417806625366211,-0.05053602531552315,0.5376942018376426,11.93117904663086,29.169017791748047,362549,0.1
2025,climatology,24,100,9.773231506347656,5.329538822174072,0.6412719488143921,0.6333033442497253,0.10079210996627808,0.657024882756431,7.3965864181518555,31.68219566345215,362549,0.1
2025,climatology,24,70,7.291626930236816,3.883347511291504,0.7274876236915588,-0.7052852511405945,0.17838138341903687,0.609305189074032,5.706019401550293,41.12427520751953,362549,0.1
2025,climatology,24,50,8.312355995178223,4.161865234375,0.13863447308540344,-0.09842031449079514,0.09760241210460663,0.5372033004864118,6.634328842163086,44.74067687988281,362549,0.1
2025,climatology,24,30,12.643794059753418,5.652841567993164,3.9660048484802246,3.9659931659698486,0.011483689770102501,0.5112693400634755,11.48078727722168,40.63391876220703,362549,0.1
2025,climatology,24,20,13.090652465820312,5.958714485168457,5.418501377105713,5.418302536010742,-0.04920700192451477,0.5385126064492977,11.933554649353027,29.076311111450195,362549,0.1
2025,climatology,48,100,9.776963233947754,5.3313889503479,0.6507503390312195,0.6443347930908203,0.09116901457309723,0.6580620177258417,7.408471584320068,31.640504837036133,362549,0.1
2025,climatology,48,70,7.288538455963135,3.8814077377319336,0.7267431020736694,-0.7048850059509277,0.17692333459854126,0.6099687144230737,5.704920768737793,41.11460494995117,362549,0.1
2025,climatology,48,50,8.311030387878418,4.161025524139404,0.12778007984161377,-0.0835990458726883,0.0966092050075531,0.5378716437909448,6.631056308746338,44.85499572753906,362549,0.1
2025,climatology,48,30,12.654848098754883,5.655954360961914,3.9917855262756348,3.991769313812256,0.013942786492407322,0.5120382462101929,11.504642486572266,40.4255256652832,362549,0.1
2025,climatology,48,20,13.071159362792969,5.950158596038818,5.4186906814575195,5.418488025665283,-0.04943244531750679,0.5401690297572037,11.936378479003906,28.900131225585938,362549,0.1
2025,climatology,72,100,9.780892372131348,5.33255672454834,0.6615951061248779,0.6560232043266296,0.08570275455713272,0.6592425802998556,7.420433521270752,31.5950984954834,362549,0.1
2025,climatology,72,70,7.288434028625488,3.8812670707702637,0.7285276055335999,-0.7069557905197144,0.17600633203983307,0.6103136728860745,5.706112384796143,41.120208740234375,362549,0.1
2025,climatology,72,50,8.308025360107422,4.159332752227783,0.11826389282941818,-0.07016844302415848,0.09517373144626617,0.5383180696329859,6.626269340515137,44.950660705566406,362549,0.1
2025,climatology,72,30,12.662444114685059,5.658015251159668,4.015906810760498,4.015890121459961,0.014034215360879898,0.5125422413579411,11.524904251098633,40.217159271240234,362549,0.1
2025,climatology,72,20,13.055126190185547,5.944775581359863,5.421128749847412,5.420930862426758,-0.04948528856039047,0.5414186250917952,11.94088077545166,28.7489013671875,362549,0.1
2025,moving_average,6,100,5.587073802947998,3.0785610675811768,0.006210166495293379,0.004736978095024824,-0.004015082493424416,0.8762564626675136,3.772397994995117,18.122169494628906,362549,0.0
2025,moving_average,6,70,4.600811958312988,2.550727605819702,0.002635774901136756,0.0018254267051815987,-0.00190324941650033,0.7851981770066313,3.077606678009033,23.46428680419922,362549,0.0
2025,moving_average,6,50,4.018250942230225,2.228679895401001,0.012652051635086536,0.012647975236177444,-2.6879448341787793e-05,0.741920001089465,2.7113404273986816,18.98183250427246,362549,0.0
2025,moving_average,6,30,4.045340061187744,2.2462539672851562,0.019227081909775734,0.01922009512782097,-0.0005659243324771523,0.7555059386063706,2.6607818603515625,17.16710090637207,362549,0.0
2025,moving_average,6,20,4.391500473022461,2.4331648349761963,0.0019758325070142746,0.000680524914059788,-0.0018560168100520968,0.7747491619472889,2.927417039871216,17.211973190307617,362549,0.0
2025,moving_average,12,100,6.648621559143066,3.6614112854003906,0.009482348337769508,0.006936653982847929,-0.006464825011789799,0.8275269102827838,4.484294414520264,21.86227035522461,362549,0.0
2025,moving_average,12,70,5.236680030822754,2.891205310821533,0.004221905022859573,0.0029205642640590668,-0.0030535615514963865,0.7289045236065079,3.510542392730713,27.030672073364258,362549,0.0
2025,moving_average,12,50,4.451545715332031,2.4523887634277344,0.018130863085389137,0.018087591975927353,-0.001240908750332892,0.6900302381185056,3.0459492206573486,20.495140075683594,362549,0.0
2025,moving_average,12,30,4.440680503845215,2.448472738265991,0.026763271540403366,0.026700006797909737,-0.0018812167691066861,0.714583234168968,2.9722330570220947,18.306318283081055,362549,0.0
2025,moving_average,12,20,4.870932579040527,2.675832509994507,0.0023882535751909018,-0.00046001325245015323,-0.0023437319323420525,0.7366887068691081,3.323406219482422,18.733610153198242,362549,0.0
2025,moving_average,24,100,8.099955558776855,4.452425956726074,0.016404565423727036,0.011675916612148285,-0.01152771059423685,0.753876801782847,5.481206893920898,26.83146095275879,362549,0.0
2025,moving_average,24,70,5.986405372619629,3.2782652378082275,0.00591761851683259,0.004334489349275827,-0.004030663054436445,0.665887634028297,4.049561023712158,30.88990592956543,362549,0.0
2025,moving_average,24,50,4.978246688842773,2.714043140411377,0.026836518198251724,0.02673865482211113,-0.002268922748044133,0.6336676041885272,3.4955103397369385,22.260610580444336,362549,0.0
2025,moving_average,24,30,5.005913734436035,2.722301483154297,0.03958619758486748,0.039580926299095154,-0.00047493918100371957,0.6675122016736346,3.4705793857574463,20.099071502685547,362549,0.0
2025,moving_average,24,20,5.602442264556885,3.0172390937805176,0.00038794547435827553,-0.00035213452065363526,-0.0001536470663268119,0.6923738233135779,3.9833953380584717,21.204387664794922,362549,0.0
2025,moving_average,48,100,9.777718544006348,5.356973648071289,0.033366624265909195,0.025898611173033714,-0.021026840433478355,0.6648029548975539,6.6720757484436035,31.971471786499023,362549,0.0
2025,moving_average,48,70,6.857361793518066,3.7366597652435303,0.009148522280156612,0.0071411035023629665,-0.005728418938815594,0.6006455035958784,4.7296552658081055,34.63818359375,362549,0.0
2025,moving_average,48,50,5.652161121368408,3.056880235671997,0.04398571327328682,0.043861765414476395,-0.0033169323578476906,0.5845328153178568,4.153172969818115,24.803150177001953,362549,0.0
2025,moving_average,48,30,5.885239124298096,3.1194710731506348,0.06593020260334015,0.06591462343931198,0.0016182709950953722,0.6217954594025351,4.303142070770264,23.31702995300293,362549,0.0
2025,moving_average,48,20,6.780132293701172,3.5212836265563965,0.0012970813550055027,-0.0007948278798721731,-0.0010235580848529935,0.6408948757530609,5.047962665557861,24.540864944458008,362549,0.0
2025,moving_average,72,100,10.627500534057617,5.809775352478027,0.04856249690055847,0.040778301656246185,-0.026369132101535797,0.6241015728114498,7.3273749351501465,33.9151611328125,362549,0.0
2025,moving_average,72,70,7.264326572418213,3.9419596195220947,0.01016354002058506,0.0074766832403838634,-0.0068851313553750515,0.5858013925040548,5.116458892822266,35.78330993652344,362549,0.0
2025,moving_average,72,50,5.983075141906738,3.198176622390747,0.05979110300540924,0.05959457531571388,-0.004807202611118555,0.5882001892464301,4.554885387420654,25.510780334472656,362549,0.0
2025,moving_average,72,30,6.464868068695068,3.3530895709991455,0.09061521291732788,0.09059271216392517,0.0013438097666949034,0.6089117481325785,4.844944953918457,25.039234161376953,362549,0.0
2025,moving_average,72,20,7.6253581047058105,3.8317320346832275,0.0020081542897969484,0.001020443974994123,-0.0017208742210641503,0.6106474160086472,5.710827350616455,26.334304809570312,362549,0.0
2025,linear,6,100,4.258440017700195,2.3240296840667725,0.08090449124574661,0.07793784141540527,0.02170814946293831,0.9253957477213979,2.9091861248016357,13.035740852355957,362549,7.8
2025,linear,6,70,3.5328779220581055,1.9531919956207275,0.05135606974363327,-0.04232574254274368,0.029085839167237282,0.866802233447526,2.404400110244751,17.176530838012695,362549,7.8
2025,linear,6,50,3.2397332191467285,1.800073266029358,0.08973460644483566,-0.08967989683151245,-0.003166918409988284,0.8299640609922494,2.1767115592956543,15.36972713470459,362549,7.8
2025,linear,6,30,3.2613718509674072,1.8129359483718872,0.09044729173183441,0.07953222095966339,0.04307360202074051,0.8448135075741801,2.1689844131469727,13.340384483337402,362549,7.8
2025,linear,6,20,3.7070424556732178,2.0560526847839355,0.042209528386592865,0.01567288301885128,-0.039191409945487976,0.8375713680715088,2.4847023487091064,13.997550010681152,362549,7.8
2025,linear,12,100,5.588200092315674,3.0720255374908447,0.13623511791229248,0.13402046263217926,0.024466460570693016,0.8705880157832124,3.9036402702331543,17.79547119140625,362549,7.8
2025,linear,12,70,4.385866641998291,2.432145118713379,0.09781327843666077,-0.06982211768627167,0.06850037723779678,0.8027166457980071,3.1075096130371094,22.001483917236328,362549,7.8
2025,linear,12,50,3.8341469764709473,2.1283481121063232,0.13227206468582153,-0.12715554237365723,0.036435000598430634,0.7681139351933212,2.708277702331543,17.902015686035156,362549,7.8
2025,linear,12,30,3.760235548019409,2.0849623680114746,0.12269820272922516,0.12230023741722107,0.00988459400832653,0.8015916175804276,2.617997884750366,15.3356294631958,362549,7.8
2025,linear,12,20,4.25493049621582,2.3421404361724854,0.052118733525276184,0.013669181615114212,-0.0502944178879261,0.7996112588666273,2.9987270832061768,15.753290176391602,362549,7.8
2025,linear,24,100,6.85337495803833,3.765789270401001,0.22129736840724945,0.21846003830432892,0.03531024977564812,0.809090315623031,4.9489264488220215,21.962411880493164,362549,7.8
2025,linear,24,70,5.0013933181762695,2.7525649070739746,0.13755588233470917,-0.08071603626012802,0.11138567328453064,0.7561481094810334,3.6484761238098145,25.158855438232422,362549,7.8
2025,linear,24,50,4.22411584854126,2.3237404823303223,0.14996331930160522,-0.13320547342300415,0.06888449937105179,0.7298604242361901,3.1006882190704346,18.948026657104492,362549,7.8
2025,linear,24,30,4.1308441162109375,2.2612102031707764,0.13301768898963928,0.13191980123519897,-0.017052998766303062,0.779127068906992,3.007795572280884,16.16285514831543,362549,7.8
2025,linear,24,20,4.7684783935546875,2.580726385116577,0.07156167924404144,0.06103542447090149,-0.037359897047281265,0.7781460968491951,3.551220178604126,16.815914154052734,362549,7.8
2025,linear,48,100,8.458885192871094,4.635498523712158,0.3555046021938324,0.35160207748413086,0.05248771607875824,0.7147557521506022,6.356441497802734,27.268672943115234,362549,7.8
2025,linear,48,70,5.936423301696777,3.2373971939086914,0.18563377857208252,-0.11032372713088989,0.1492926925420761,0.6693447087689407,4.4841413497924805,30.263172149658203,362549,7.8
2025,linear,48,50,4.96211051940918,2.687910556793213,0.14813797175884247,-0.12001736462116241,0.08683637529611588,0.6537448879591166,3.8247230052948,21.675901412963867,362549,7.8
2025,linear,48,30,5.12333345413208,2.719038724899292,0.18604308366775513,0.18592165410518646,-0.00672067841514945,0.7063953431949181,3.9584054946899414,19.577478408813477,362549,7.8
2025,linear,48,20,6.0158185958862305,3.1291873455047607,0.15672768652439117,0.15149466693401337,-0.04015897959470749,0.7120246291435504,4.736743927001953,20.52625846862793,362549,7.8
2025,linear,72,100,9.224081993103027,5.031187534332275,0.4376681447029114,0.4335733652114868,0.059678398072719574,0.6702297222088218,7.06390905380249,29.31437110900879,362549,7.8
2025,linear,72,70,6.4136786460876465,3.4810121059417725,0.2009265273809433,-0.13201530277729034,0.15147027373313904,0.6297823369439502,4.923730850219727,32.79658126831055,362549,7.8
2025,linear,72,50,5.38332462310791,2.8824896812438965,0.12674464285373688,-0.09348402172327042,0.08558343350887299,0.623352118842994,4.263493061065674,22.929710388183594,362549,7.8
2025,linear,72,30,5.794253349304199,3.000783920288086,0.24350863695144653,0.24349366128444672,0.0027716862969100475,0.6677717992694637,4.584163188934326,21.878219604492188,362549,7.8
2025,linear,72,20,6.854455471038818,3.4542157649993896,0.20651775598526,0.19905851781368256,-0.054998308420181274,0.6650023780779111,5.451412677764893,22.928556442260742,362549,7.8
2025,ridge,6,100,4.258586406707764,2.3241589069366455,0.08066157251596451,0.0777277871966362,0.021556809544563293,0.9253911927174063,2.909435749053955,13.036547660827637,362549,8.2
2025,ridge,6,70,3.533280611038208,1.9534929990768433,0.0513983815908432,-0.042293429374694824,0.029207410290837288,0.8667723503862839,2.4048635959625244,17.179683685302734,362549,8.2
2025,ridge,6,50,3.240286350250244,1.800493836402893,0.08934079855680466,-0.08929222077131271,-0.0029450934380292892,0.8299216068064519,2.1772730350494385,15.378392219543457,362549,8.2
2025,ridge,6,30,3.2617759704589844,1.813293218612671,0.09008590877056122,0.07922142744064331,0.04288995638489723,0.8448164804134642,2.1696956157684326,13.349334716796875,362549,8.2
2025,ridge,6,20,3.707010507583618,2.0561654567718506,0.042147982865571976,0.015779545530676842,-0.03908257931470871,0.8376169302095902,2.4849777221679688,14.003008842468262,362549,8.2
2025,ridge,12,100,5.588557243347168,3.0722901821136475,0.1358480304479599,0.13365089893341064,0.024329351261258125,0.8705757532702108,3.904001474380493,17.797889709472656,362549,8.2
2025,ridge,12,70,4.386416912078857,2.432572364807129,0.09779104590415955,-0.0697016790509224,0.06859087198972702,0.8026853679449029,3.1079838275909424,22.00624656677246,362549,8.2
2025,ridge,12,50,3.834660053253174,2.1287283897399902,0.131785050034523,-0.12661071121692657,0.03656638413667679,0.7681000425328491,2.7087409496307373,17.908653259277344,362549,8.2
2025,ridge,12,30,3.76060152053833,2.0852420330047607,0.12234238535165787,0.12194766104221344,0.009829483926296234,0.8016267654446065,2.6185200214385986,15.340337753295898,362549,8.2
2025,ridge,12,20,4.25486946105957,2.3421926498413086,0.05212433636188507,0.01393853034824133,-0.05022606998682022,0.7996713781482028,2.9987080097198486,15.757536888122559,362549,8.2
2025,ridge,24,100,6.853489875793457,3.76587176322937,0.22082017362117767,0.21799670159816742,0.03520706295967102,0.8090828893266873,4.948817253112793,21.964054107666016,362549,8.2
2025,ridge,24,70,5.001582145690918,2.752664804458618,0.13750644028186798,-0.08060481399297714,0.11140386015176773,0.7561366681093065,3.648559093475342,25.160358428955078,362549,8.2
2025,ridge,24,50,4.224286079406738,2.3238329887390137,0.1494990438222885,-0.1326448917388916,0.06895831227302551,0.7298618843897636,3.100940227508545,18.948881149291992,362549,8.2
2025,ridge,24,30,4.130781650543213,2.26115345954895,0.1327345073223114,0.13163235783576965,-0.017068926244974136,0.7791378396755329,3.007667064666748,16.163114547729492,362549,8.2
2025,ridge,24,20,4.768218517303467,2.5806212425231934,0.07176725566387177,0.06126326695084572,-0.037381548434495926,0.7781552638968043,3.5508832931518555,16.81660270690918,362549,8.2
2025,ridge,48,100,8.458950996398926,4.635536193847656,0.3547174632549286,0.3508252501487732,0.052398595958948135,0.7147579850154817,6.356227874755859,27.271528244018555,362549,8.2
2025,ridge,48,70,5.936445713043213,3.237366199493408,0.1855406016111374,-0.11015293002128601,0.14930382370948792,0.6693408112230522,4.484084129333496,30.262845993041992,362549,8.2
2025,ridge,48,50,4.962271690368652,2.687983989715576,0.14755018055438995,-0.11929363757371902,0.08683391660451889,0.6537441181099751,3.8249614238739014,21.677671432495117,362549,8.2
2025,ridge,48,30,5.123311996459961,2.7189760208129883,0.18572843074798584,0.1856071949005127,-0.006719863507896662,0.7064144681398584,3.958268165588379,19.57816505432129,362549,8.2
2025,ridge,48,20,6.015544891357422,3.1290853023529053,0.1569603979587555,0.15173959732055664,-0.04013970494270325,0.7120442965661608,4.736397743225098,20.5272159576416,362549,8.2
2025,ridge,72,100,9.224116325378418,5.031219005584717,0.4367186427116394,0.4326232373714447,0.05961903557181358,0.6702341336136927,7.063533306121826,29.316946029663086,362549,8.2
2025,ridge,72,70,6.413636207580566,3.4809799194335938,0.2007511705160141,-0.13177138566970825,0.1514524519443512,0.6297836806030361,4.923541069030762,32.7957649230957,362549,8.2
2025,ridge,72,50,5.383409023284912,2.8825104236602783,0.1262046843767166,-0.0927378311753273,0.08559694141149521,0.6233488265868141,4.263646602630615,22.929733276367188,362549,8.2
2025,ridge,72,30,5.794348239898682,3.0007715225219727,0.24323032796382904,0.24321775138378143,0.0027446479070931673,0.6677837495822767,4.584144592285156,21.878807067871094,362549,8.2
2025,ridge,72,20,6.854308605194092,3.4542300701141357,0.2067532241344452,0.19931191205978394,-0.054974351078271866,0.6650167507285322,5.451312065124512,22.927627563476562,362549,8.2
2025,gradient_boosting,6,100,4.117153167724609,2.2445619106292725,0.061440978199243546,0.06076817587018013,0.009059399366378784,0.9308031050804682,2.82633376121521,12.45946979522705,362549,95.9
2025,gradient_boosting,6,70,3.344489574432373,1.8444066047668457,0.05825043097138405,-0.05320267379283905,0.02371983230113983,0.8829933310205339,2.2874248027801514,15.825737953186035,362549,95.9
2025,gradient_boosting,6,50,3.0080227851867676,1.6669285297393799,0.0940728485584259,-0.09402767568826675,0.0029280013404786587,0.8583897627097848,2.0386619567871094,13.733609199523926,362549,95.9
2025,gradient_boosting,6,30,3.0271363258361816,1.6801351308822632,0.1185963973402977,0.10654637217521667,0.05208614468574524,0.871809288304862,2.0401134490966797,11.980652809143066,362549,95.9
2025,gradient_boosting,6,20,3.4061269760131836,1.8908928632736206,0.05275566503405571,0.03616464510560036,-0.03840850293636322,0.8715119234765685,2.3274877071380615,12.50041389465332,362549,95.9
2025,gradient_boosting,12,100,5.406533718109131,2.970766067504883,0.09895139187574387,0.08681564033031464,0.04747876897454262,0.8802448898974163,3.789417028427124,17.007198333740234,362549,95.9
2025,gradient_boosting,12,70,4.163546562194824,2.303109645843506,0.09447527676820755,-0.06567680835723877,0.06791345775127411,0.8263087547386618,2.9638540744781494,20.2363224029541,362549,95.9
2025,gradient_boosting,12,50,3.6062171459198,1.995308756828308,0.12907901406288147,-0.1287602037191391,0.009088811464607716,0.8078400895935134,2.5838444232940674,16.143077850341797,362549,95.9
2025,gradient_boosting,12,30,3.5608134269714355,1.9708168506622314,0.19312557578086853,0.19180741906166077,0.022530103102326393,0.8348514683365837,2.5333011150360107,14.095029830932617,362549,95.9
2025,gradient_boosting,12,20,3.932443141937256,2.167571544647217,0.07349032908678055,0.07140570878982544,-0.01737409457564354,0.8443752286175858,2.836326837539673,14.223127365112305,362549,95.9
2025,gradient_boosting,24,100,6.625394821166992,3.638324022293091,0.22250372171401978,0.21563977003097534,0.054836250841617584,0.8239827604758612,4.7861104011535645,21.063018798828125,362549,95.9
2025,gradient_boosting,24,70,4.81281852722168,2.6442198753356934,0.09193616360425949,-0.03789432346820831,0.08376261591911316,0.7777863537510668,3.524003028869629,23.53248405456543,362549,95.9
2025,gradient_boosting,24,50,4.080849647521973,2.241175651550293,0.1743641495704651,-0.15454986691474915,0.08073315024375916,0.7627610760283243,3.0452263355255127,17.803253173828125,362549,95.9
2025,gradient_boosting,24,30,4.020345211029053,2.1952712535858154,0.2896651029586792,0.2890126705169678,0.01939704455435276,0.805195301141145,2.9827466011047363,15.419528007507324,362549,95.9
2025,gradient_boosting,24,20,4.506294250488281,2.44274640083313,0.0960693433880806,0.09410577267408371,-0.01932717114686966,0.8151361722476833,3.391170024871826,15.807865142822266,362549,95.9
2025,gradient_boosting,48,100,8.108366012573242,4.439655303955078,0.45180508494377136,0.4497307538986206,0.04319385066628456,0.7392509272092842,6.047135829925537,26.14928436279297,362549,95.9
2025,gradient_boosting,48,70,5.715428352355957,3.114147901535034,0.1485021412372589,-0.07349935919046402,0.12903738021850586,0.689034537527598,4.333777904510498,28.3900089263916,362549,95.9
2025,gradient_boosting,48,50,4.914198398590088,2.653024435043335,0.08892413228750229,-0.061454322189092636,0.0642748549580574,0.672042893208683,3.8342182636260986,21.11176872253418,362549,95.9
2025,gradient_boosting,48,30,5.048376083374023,2.6736528873443604,0.47176477313041687,0.4714438021183014,0.017437029629945755,0.7295600136089174,3.9593520164489746,18.729440689086914,362549,95.9
2025,gradient_boosting,48,20,5.782949924468994,3.007439374923706,0.212192565202713,0.21124683320522308,-0.020011572167277336,0.7264932235190458,4.555682182312012,19.753782272338867,362549,95.9
2025,gradient_boosting,72,100,8.773028373718262,4.789672374725342,0.6556461453437805,0.6524314284324646,0.06486798822879791,0.6969298077145876,6.636194705963135,28.476058959960938,362549,95.9
2025,gradient_boosting,72,70,6.129713535308838,3.3287365436553955,0.1858443021774292,-0.13526645302772522,0.12744197249412537,0.6467922080219366,4.7091193199157715,30.75282096862793,362549,95.9
2025,gradient_boosting,72,50,5.335104942321777,2.8515448570251465,0.08430406451225281,-0.009338931180536747,0.08378315716981888,0.6286080404279788,4.238618850708008,22.679872512817383,362549,95.9
2025,gradient_boosting,72,30,5.672414779663086,2.9325995445251465,0.5407660007476807,0.5402939319610596,0.022660840302705765,0.6761500404422431,4.513940334320068,21.149944305419922,362549,95.9
2025,gradient_boosting,72,20,6.604866027832031,3.3189523220062256,0.24415770173072815,0.24112792313098907,-0.03837384283542633,0.6700431968675191,5.261847496032715,22.386266708374023,362549,95.9
2025,lstm,6,100,4.096931457519531,2.2343480587005615,0.32035037875175476,0.3153637945652008,0.05629745125770569,0.9321874063153868,2.8200314044952393,12.393893241882324,362549,104.4
2025,lstm,6,70,3.299743175506592,1.818327784538269,0.19198456406593323,-0.1816229522228241,-0.062223196029663086,0.8875236047332988,2.2432050704956055,15.573568344116211,362549,104.4
2025,lstm,6,50,2.9281375408172607,1.6212257146835327,0.05375808849930763,0.012423018924891949,0.05230328068137169,0.8663737508766043,1.9786888360977173,13.247946739196777,362549,104.4
2025,lstm,6,30,2.9927773475646973,1.6643917560577393,0.259915292263031,0.2583201229572296,0.028760293498635292,0.8769253717622111,2.0388705730438232,11.562357902526855,362549,104.4
2025,lstm,6,20,3.368328809738159,1.8711491823196411,0.3559986352920532,-0.35595279932022095,-0.00561206741258502,0.8747305510766847,2.2857985496520996,12.220877647399902,362549,104.4
2025,lstm,12,100,5.359313488006592,2.94621205329895,0.39780378341674805,0.3972897529602051,0.020231295377016068,0.8833719690739703,3.7630796432495117,16.905776977539062,362549,104.4
2025,lstm,12,70,4.114778995513916,2.2733383178710938,0.2815207242965698,-0.23553384840488434,0.15420439839363098,0.8312755346460878,2.8935940265655518,20.058055877685547,362549,104.4
2025,lstm,12,50,3.5185024738311768,1.947043538093567,0.13891057670116425,-0.09534397721290588,0.10102225840091705,0.8140619192264299,2.4926962852478027,15.807280540466309,362549,104.4
2025,lstm,12,30,3.550405502319336,1.9671406745910645,0.1391979604959488,0.1347598135471344,0.03486989811062813,0.8356774111381646,2.5407321453094482,13.689434051513672,362549,104.4
2025,lstm,12,20,3.9128305912017822,2.1590845584869385,0.37986841797828674,-0.3792130649089813,0.022384019568562508,0.8436353312169818,2.790562152862549,14.089986801147461,362549,104.4
2025,lstm,24,100,6.594166278839111,3.624164581298828,0.6797853112220764,0.6167749762535095,0.2858286499977112,0.8277849201017738,4.768283367156982,21.103605270385742,362549,104.4
2025,lstm,24,70,4.7933220863342285,2.6356632709503174,0.307672381401062,-0.07502143830060959,0.2983905076980591,0.7829730333497524,3.472899913787842,23.83075714111328,362549,104.4
2025,lstm,24,50,4.072509765625,2.2401185035705566,0.27883726358413696,0.2165471464395523,0.17566630244255066,0.7682921502235613,3.0338661670684814,18.036293029785156,362549,104.4
2025,lstm,24,30,4.062504291534424,2.2193610668182373,0.17110803723335266,0.1708138883113861,0.010038042441010475,0.808462617958528,3.0853428840637207,15.104291915893555,362549,104.4
2025,lstm,24,20,4.4626264572143555,2.4222607612609863,0.5237243175506592,-0.45325127243995667,0.26239728927612305,0.8187015523924177,3.3398630619049072,15.435091972351074,362549,104.4
2025,lstm,48,100,8.049897193908691,4.408931732177734,0.9853052496910095,0.984673798084259,0.03516075760126114,0.7470642401032581,5.980465888977051,26.17680549621582,362549,104.4
2025,lstm,48,70,5.6377739906311035,3.080913782119751,0.5033465027809143,-0.16944067180156708,0.4739729166030884,0.6997019883897917,4.1700358390808105,28.687177658081055,362549,104.4
2025,lstm,48,50,4.931528568267822,2.660702705383301,0.16541670262813568,0.15862709283828735,-0.046904150396585464,0.6854475394338166,3.854628086090088,21.457740783691406,362549,104.4
2025,lstm,48,30,5.0133795738220215,2.6616008281707764,0.19554708898067474,0.19553209841251373,0.0024728714488446712,0.7301704507442285,3.9705238342285156,18.27505111694336,362549,104.4
2025,lstm,48,20,5.6480278968811035,2.9461824893951416,0.5835900902748108,-0.49538934230804443,0.3084906041622162,0.7383844750706652,4.433483600616455,19.2153377532959,362549,104.4
2025,lstm,72,100,8.757464408874512,4.775153636932373,1.288771152496338,1.2835785150527954,0.11546081304550171,0.7031760695231472,6.569871425628662,28.784074783325195,362549,104.4
2025,lstm,72,70,6.0176777839660645,3.2745373249053955,0.393585205078125,-0.15675677359104156,0.3610246777534485,0.6549116675047567,4.511568546295166,30.612266540527344,362549,104.4
2025,lstm,72,50,5.431035041809082,2.89129376411438,0.13048674166202545,0.08367942273616791,0.1001206487417221,0.6352997008245738,4.34641170501709,23.497156143188477,362549,104.4
2025,lstm,72,30,5.59653902053833,2.908689498901367,0.2820237874984741,0.2717875838279724,0.07530294358730316,0.6856475990211761,4.520534038543701,20.578062057495117,362549,104.4
2025,lstm,72,20,6.423966884613037,3.239910364151001,0.3983621895313263,-0.3770935833454132,0.12843221426010132,0.6842185977895945,5.142911434173584,21.837200164794922,362549,104.4
2025,tcn,6,100,4.127537727355957,2.251612901687622,0.32645389437675476,-0.049002546817064285,0.3227543532848358,0.9306171911070191,2.8104209899902344,12.54705810546875,362549,78.7
2025,tcn,6,70,3.3068532943725586,1.8211239576339722,0.16462589800357819,-0.014664380811154842,0.16397039592266083,0.8858276720753457,2.2359280586242676,15.64218807220459,362549,78.7
2025,tcn,6,50,2.960986852645874,1.6383695602416992,0.22544096410274506,-0.2249697595834732,-0.014545274898409843,0.8617495326465325,1.9826066493988037,13.444028854370117,362549,78.7
2025,tcn,6,30,2.991112470626831,1.6600931882858276,0.13953836262226105,-0.12660448253154755,0.05866672471165657,0.8752608471860457,2.0101475715637207,11.733488082885742,362549,78.7
2025,tcn,6,20,3.400132894515991,1.8899998664855957,0.3351682126522064,-0.28264376521110535,-0.18013720214366913,0.8718152609414797,2.3047759532928467,12.453740119934082,362549,78.7
2025,tcn,12,100,5.394728183746338,2.9672319889068604,0.4101635813713074,0.25659382343292236,0.31998321413993835,0.8812045250034088,3.742792844772339,17.09000587463379,362549,78.7
2025,tcn,12,70,4.108460903167725,2.270876407623291,0.12254572659730911,-0.10658441483974457,0.06047714874148369,0.8291570726399587,2.887010335922241,20.09666633605957,362549,78.7
2025,tcn,12,50,3.5395781993865967,1.9597681760787964,0.2573014497756958,-0.2484857589006424,0.06680623441934586,0.8112707391177403,2.502556562423706,15.959918975830078,362549,78.7
2025,tcn,12,30,3.5176796913146973,1.9478356838226318,0.054129693657159805,0.05412799492478371,0.00013406322977971286,0.8355738578105611,2.498486042022705,13.7923583984375,362549,78.7
2025,tcn,12,20,3.9467740058898926,2.181232452392578,0.530927836894989,-0.5066813230514526,0.1585949808359146,0.843963587575336,2.8277931213378906,14.327342987060547,362549,78.7
2025,tcn,24,100,6.604742050170898,3.630311965942383,0.17888592183589935,0.10416475683450699,0.14542914927005768,0.8240775912693672,4.706799507141113,21.166406631469727,362549,78.7
2025,tcn,24,70,4.807316780090332,2.645796060562134,0.2558571994304657,-0.2079421877861023,-0.1490783840417862,0.776826465324902,3.4802520275115967,23.814119338989258,362549,78.7
2025,tcn,24,50,3.9986073970794678,2.198355197906494,0.3391074240207672,-0.15951713919639587,0.299247145652771,0.765581299428739,2.9196462631225586,17.68086051940918,362549,78.7
2025,tcn,24,30,3.984825849533081,2.177900552749634,0.13953682780265808,0.06911427527666092,0.12121955305337906,0.8056375054654412,2.9487600326538086,15.151296615600586,362549,78.7
2025,tcn,24,20,4.451722145080566,2.416334867477417,0.12927599251270294,-0.11863760650157928,-0.051355138421058655,0.8161375320860458,3.339665651321411,15.564560890197754,362549,78.7
2025,tcn,48,100,8.0466947555542,4.412100791931152,0.24944736063480377,0.2461329996585846,0.04055376350879669,0.7404179947891154,5.839319705963135,25.909446716308594,362549,78.7
2025,tcn,48,70,5.699268817901611,3.105684995651245,0.5043165683746338,-0.5041855573654175,-0.011326227337121964,0.6942914435876723,4.276665687561035,28.56855583190918,362549,78.7
2025,tcn,48,50,4.8032708168029785,2.600212335586548,0.4420171082019806,0.1497175246477127,0.4158872365951538,0.6736642963538291,3.6630656719207764,21.210660934448242,362549,78.7
2025,tcn,48,30,4.876986980438232,2.594280242919922,0.21400006115436554,0.20462264120578766,-0.06266265362501144,0.7376701854140664,3.7835865020751953,18.246305465698242,362549,78.7
2025,tcn,48,20,5.669708728790283,2.9602932929992676,0.1792648285627365,-0.13241487741470337,-0.12084000557661057,0.7341377967068758,4.459858417510986,19.373367309570312,362549,78.7
2025,tcn,72,100,8.751770973205566,4.78048849105835,0.508695662021637,0.2536846995353699,0.4409286379814148,0.6905484482804045,6.385148525238037,28.28992462158203,362549,78.7
2025,tcn,72,70,6.117848873138428,3.3261208534240723,0.40990036725997925,-0.23674122989177704,0.3346197307109833,0.6447123887406919,4.619624614715576,30.985389709472656,362549,78.7
2025,tcn,72,50,5.26370906829834,2.8182382583618164,0.5154861807823181,0.2580230236053467,0.4462672173976898,0.6277271518146713,4.099924087524414,23.040870666503906,362549,78.7
2025,tcn,72,30,5.4723310470581055,2.8440892696380615,0.2159135639667511,0.13377760350704193,0.16947804391384125,0.6959428812402698,4.330004692077637,20.56804847717285,362549,78.7
2025,tcn,72,20,6.452864170074463,3.263664722442627,0.24444206058979034,-0.14050711691379547,-0.20002050697803497,0.6872816509532477,5.150156497955322,22.07288932800293,362549,78.7
