test_year,model,reference,horizon_h,level_hpa,skill_pct,ci_lo_pct,ci_hi_pct,n_blocks
2022,tide_persistence,persistence,6,100,2.3302296048130278,2.1422297100794565,2.5405397668325773,45
2022,tide_persistence,persistence,6,70,3.238791857305645,2.8339394123664756,3.6437444724643546,45
2022,tide_persistence,persistence,6,50,4.301376132487611,4.065209728842147,4.529563657417781,45
2022,tide_persistence,persistence,6,30,7.077373883057769,6.406095485976358,7.695519814664677,45
2022,tide_persistence,persistence,6,20,6.33262562571667,5.718643058503252,6.979852990739096,45
2022,tide_persistence,persistence,12,100,1.0340982995545533,0.7898185732871524,1.311525433275273,45
2022,tide_persistence,persistence,12,70,2.074705770690899,1.5973813420047298,2.598007689891474,45
2022,tide_persistence,persistence,12,50,2.8467026301734255,2.550829099262038,3.137954997537508,45
2022,tide_persistence,persistence,12,30,6.412110366966028,5.603914510675965,7.187210744785371,45
2022,tide_persistence,persistence,12,20,5.619853702549227,4.866544233383176,6.417649630581355,45
2022,tide_persistence,persistence,24,100,0.0,0.0,0.0,45
2022,tide_persistence,persistence,24,70,0.0,0.0,0.0,45
2022,tide_persistence,persistence,24,50,0.0,0.0,0.0,45
2022,tide_persistence,persistence,24,30,0.0,0.0,0.0,45
2022,tide_persistence,persistence,24,20,0.0,0.0,0.0,45
2022,tide_persistence,persistence,48,100,0.0,0.0,0.0,45
2022,tide_persistence,persistence,48,70,0.0,0.0,0.0,45
2022,tide_persistence,persistence,48,50,0.0,0.0,0.0,45
2022,tide_persistence,persistence,48,30,0.0,0.0,0.0,45
2022,tide_persistence,persistence,48,20,0.0,0.0,0.0,45
2022,tide_persistence,persistence,72,100,0.0,0.0,0.0,45
2022,tide_persistence,persistence,72,70,0.0,0.0,0.0,45
2022,tide_persistence,persistence,72,50,0.0,0.0,0.0,45
2022,tide_persistence,persistence,72,30,0.0,0.0,0.0,45
2022,tide_persistence,persistence,72,20,0.0,0.0,0.0,45
2022,climatology,persistence,6,100,-118.8002540355611,-130.48598492312328,-106.29250045965594,45
2022,climatology,persistence,6,70,-62.63368440706605,-69.03959063284668,-55.13962519417569,45
2022,climatology,persistence,6,50,-76.46068555099181,-84.40890739017007,-68.03914791298503,45
2022,climatology,persistence,6,30,-149.12476459882603,-170.7499996278334,-124.30533512174182,45
2022,climatology,persistence,6,20,-136.47298933663433,-154.2270467312825,-118.45006434593404,45
2022,climatology,persistence,12,100,-63.624568916425204,-71.76775622591451,-54.97774997885554,45
2022,climatology,persistence,12,70,-27.20552788782349,-31.908745290678652,-22.035227169347028,45
2022,climatology,persistence,12,50,-43.72945963137245,-50.44599126540364,-36.45385541164682,45
2022,climatology,persistence,12,30,-102.66971958966163,-121.93494641405826,-81.73046301876114,45
2022,climatology,persistence,12,20,-93.13074084894272,-107.82269909186688,-78.52153255513208,45
2022,climatology,persistence,24,100,-34.23651364446301,-40.71721514917573,-28.35794294603812,45
2022,climatology,persistence,24,70,-19.208377722788406,-23.37461716086272,-14.616818102526457,45
2022,climatology,persistence,24,50,-43.907223590879155,-51.15443013993352,-36.29515217731118,45
2022,climatology,persistence,24,30,-107.67707553188389,-126.98693709830647,-87.03518198470599,45
2022,climatology,persistence,24,20,-98.71941553495675,-113.88683440666516,-83.14251217217561,45
2022,climatology,persistence,48,100,-5.823372547901817,-11.384655815438846,-0.602769112019978,45
2022,climatology,persistence,48,70,0.775763495814108,-2.85897259925617,4.67062834231418,45
2022,climatology,persistence,48,50,-20.623433164204275,-27.237521894034195,-14.319009605483185,45
2022,climatology,persistence,48,30,-73.893756219864,-87.00711322229246,-59.47377043083589,45
2022,climatology,persistence,48,20,-67.12882186339107,-76.12088461524516,-57.9700119851142,45
2022,climatology,persistence,72,100,4.298991755204263,-0.9881174670266023,9.16984435265798,45
2022,climatology,persistence,72,70,6.5620209089089165,2.9131112024873773,10.358772133344612,45
2022,climatology,persistence,72,50,-14.775146694214003,-20.875494158021223,-8.788007463484092,45
2022,climatology,persistence,72,30,-61.56605696694646,-71.75426416291896,-50.15017672154162,45
2022,climatology,persistence,72,20,-50.29586053107447,-57.83818777740283,-43.03897361245441,45
2022,moving_average,persistence,6,100,-17.529546869540024,-19.65491985839999,-15.061614325805984,45
2022,moving_average,persistence,6,70,-3.4453620936301332,-5.207217683795438,-1.5243745701365894,45
2022,moving_average,persistence,6,50,4.220592206412032,2.877350907636602,5.510546704345797,45
2022,moving_average,persistence,6,30,5.421096919452662,3.9320044455537375,6.970745619504294,45
2022,moving_average,persistence,6,20,5.859884175592301,4.406896972855904,7.259639806513385,45
2022,moving_average,persistence,12,100,-4.4526236801564645,-6.059043356916925,-2.630045276211614,45
2022,moving_average,persistence,12,70,7.395471228980755,5.943955792817529,8.94193731444924,45
2022,moving_average,persistence,12,50,12.477305128070693,11.26978699756477,13.613547838233552,45
2022,moving_average,persistence,12,30,13.622438302444916,12.227641025439183,14.944816779129223,45
2022,moving_average,persistence,12,20,14.02511539610629,12.441397500504618,15.566507598362215,45
2022,moving_average,persistence,24,100,-4.190983400696036,-4.908637180219869,-3.488476292432573,45
2022,moving_average,persistence,24,70,-0.3531507842309045,-1.2171881718751583,0.4542498746990179,45
2022,moving_average,persistence,24,50,0.1850990653507023,-0.6431586889995178,1.064246857729517,45
2022,moving_average,persistence,24,30,-1.2751270263366088,-2.921495339735885,0.5855858935196588,45
2022,moving_average,persistence,24,20,-0.5233628975325422,-2.8635446246012775,1.7386453079740398,45
2022,moving_average,persistence,48,100,0.9048574970846435,0.3929119142881063,1.4682959591104978,45
2022,moving_average,persistence,48,70,4.333932607047286,3.6922113443240994,5.0411065498232555,45
2022,moving_average,persistence,48,50,5.283850736124274,4.462489871829249,6.130711655126156,45
2022,moving_average,persistence,48,30,3.2761119225003688,2.066002468686452,4.581172836077367,45
2022,moving_average,persistence,48,20,2.047396838527493,0.46119684669872485,3.9565056758655244,45
2022,moving_average,persistence,72,100,1.9597228769344777,1.5206818245528932,2.4169690441266276,45
2022,moving_average,persistence,72,70,4.688956977664538,4.077327898985994,5.316242948596601,45
2022,moving_average,persistence,72,50,5.683575736090829,4.879976653859494,6.560978588184385,45
2022,moving_average,persistence,72,30,3.210975425131246,2.1238316377643227,4.359932171727136,45
2022,moving_average,persistence,72,20,1.8389352277686122,0.5834925229026067,3.3965522086541395,45
2022,linear,persistence,6,100,9.63968636260686,8.918893148354217,10.282114462148254,45
2022,linear,persistence,6,70,19.68661318388991,18.882465636496363,20.475945979174078,45
2022,linear,persistence,6,50,23.180147990071866,22.276964759355874,24.038911617119236,45
2022,linear,persistence,6,30,26.601757948396166,25.529707432888358,27.655225118330417,45
2022,linear,persistence,6,20,23.320709750890078,22.036997167455205,24.564898082125268,45
2022,linear,persistence,12,100,11.540977704646115,10.749854100639586,12.249841818954398,45
2022,linear,persistence,12,70,22.456883871030385,21.644260197571562,23.295967919367353,45
2022,linear,persistence,12,50,25.50495317184445,24.572686206762935,26.38849351546847,45
2022,linear,persistence,12,30,28.80991329150141,27.533363470713713,30.016886889343077,45
2022,linear,persistence,12,20,25.53394275287476,24.13163721481491,26.838804610548543,45
2022,linear,persistence,24,100,10.850201218911337,10.189063771191513,11.458023840624822,45
2022,linear,persistence,24,70,16.757035574846658,16.011550563958696,17.47086324014901,45
2022,linear,persistence,24,50,16.920023188724677,16.127472264077966,17.800219789410377,45
2022,linear,persistence,24,30,17.60461495867033,16.298299949499803,18.851385306581943,45
2022,linear,persistence,24,20,13.823377323807161,12.600866576622542,15.033376456791103,45
2022,linear,persistence,48,100,13.091469407503597,12.223057741362895,13.96684268546416,45
2022,linear,persistence,48,70,17.14899467100426,16.13831992626219,18.079818197598154,45
2022,linear,persistence,48,50,17.94674593989969,17.00217478903904,18.935453076571324,45
2022,linear,persistence,48,30,15.651710928496321,13.969854098080297,17.287493585277673,45
2022,linear,persistence,48,20,12.6735848488857,11.560003731692326,13.872218275785356,45
2022,linear,persistence,72,100,13.66712219862668,12.59093620989181,14.73027760990265,45
2022,linear,persistence,72,70,15.753863207244478,14.513541449898003,16.931836042424557,45
2022,linear,persistence,72,50,16.437524044449027,15.313775088782306,17.65557518830112,45
2022,linear,persistence,72,30,13.509339636165429,11.904366956453595,15.118670713093296,45
2022,linear,persistence,72,20,11.926750003737052,10.604955176719265,13.36759323114343,45
2022,ridge,persistence,6,100,9.641544279308745,8.923906057901396,10.277978517562046,45
2022,ridge,persistence,6,70,19.68558465475795,18.885594229960688,20.467412162203942,45
2022,ridge,persistence,6,50,23.185770838999563,22.288251557125065,24.03491330738971,45
2022,ridge,persistence,6,30,26.614817420333615,25.553108056512414,27.66687139005394,45
2022,ridge,persistence,6,20,23.32819437407091,22.044586542988196,24.55797962091054,45
2022,ridge,persistence,12,100,11.53937702348815,10.755356705088905,12.237090322633847,45
2022,ridge,persistence,12,70,22.45844306913256,21.648123782072965,23.2926693949264,45
2022,ridge,persistence,12,50,25.511509858187065,24.584368459483386,26.39186285090892,45
2022,ridge,persistence,12,30,28.819020722922573,27.54344577680262,30.016751040392904,45
2022,ridge,persistence,12,20,25.530221337946646,24.13614288704724,26.829848229231352,45
2022,ridge,persistence,24,100,10.851211659988625,10.193208693505161,11.455089683137805,45
2022,ridge,persistence,24,70,16.76119411968887,16.018077717192508,17.473151190928863,45
2022,ridge,persistence,24,50,16.925140225561066,16.135317188799302,17.80009889471015,45
2022,ridge,persistence,24,30,17.608864242411205,16.30944230758676,18.85031171350149,45
2022,ridge,persistence,24,20,13.81724109617779,12.602637764502328,15.02061639532334,45
2022,ridge,persistence,48,100,13.093263140897449,12.222979831782643,13.969365053831206,45
2022,ridge,persistence,48,70,17.150621529499865,16.14292746511963,18.081328935972397,45
2022,ridge,persistence,48,50,17.943822531882812,17.00078314870856,18.932823739996905,45
2022,ridge,persistence,48,30,15.65024691719289,13.978275068643034,17.279899955520982,45
2022,ridge,persistence,48,20,12.670718291570749,11.561703727618127,13.865153015392043,45
2022,ridge,persistence,72,100,13.671817234379358,12.595990683407734,14.733238429907242,45
2022,ridge,persistence,72,70,15.756419927043929,14.516634768724307,16.930955609472147,45
2022,ridge,persistence,72,50,16.433805602080152,15.314983264040277,17.64719167546552,45
2022,ridge,persistence,72,30,13.506919552256047,11.90928260186832,15.113940386189089,45
2022,ridge,persistence,72,20,11.925865861780395,10.609786812322389,13.358225496020589,45
2022,gradient_boosting,persistence,6,100,12.542478680794044,11.715984117025842,13.414763747532957,45
2022,gradient_boosting,persistence,6,70,24.106421788959985,23.066235944040038,25.245051463282454,45
2022,gradient_boosting,persistence,6,50,28.794204345726914,27.806112433268915,29.71762106938329,45
2022,gradient_boosting,persistence,6,30,31.890449954882293,30.65471396404846,33.114243631397535,45
2022,gradient_boosting,persistence,6,20,28.909624818973878,27.624129000112895,30.198922266184475,45
2022,gradient_boosting,persistence,12,100,14.1554162553841,13.194701331600967,15.141660767767787,45
2022,gradient_boosting,persistence,12,70,26.31035013278308,25.227401482039564,27.534717683140546,45
2022,gradient_boosting,persistence,12,50,30.09523323481873,29.151409675038558,31.033984901844946,45
2022,gradient_boosting,persistence,12,30,32.673500138739186,31.195426575517445,34.10657286026988,45
2022,gradient_boosting,persistence,12,20,30.478213452357984,29.015689191762068,31.815754588666216,45
2022,gradient_boosting,persistence,24,100,12.822329624515572,11.638439582997366,13.839826823811451,45
2022,gradient_boosting,persistence,24,70,19.694398242964162,18.82276779695377,20.612460878100702,45
2022,gradient_boosting,persistence,24,50,20.348159317304294,19.466762566057184,21.39603490138642,45
2022,gradient_boosting,persistence,24,30,20.839922435689605,19.27726486892448,22.3192134542334,45
2022,gradient_boosting,persistence,24,20,18.27388675990904,16.957936312055956,19.704019923887163,45
2022,gradient_boosting,persistence,48,100,15.034298543886315,13.129129419979124,16.730887426295702,45
2022,gradient_boosting,persistence,48,70,19.96654013528989,18.75134360475333,21.14650021407375,45
2022,gradient_boosting,persistence,48,50,20.019499305051202,18.657468331574375,21.328609369413275,45
2022,gradient_boosting,persistence,48,30,18.9911574716895,17.443033009344312,20.511956111542847,45
2022,gradient_boosting,persistence,48,20,16.315427824717045,15.111796610741537,17.530957371534008,45
2022,gradient_boosting,persistence,72,100,16.023514413806673,13.668778512215782,18.142094712827035,45
2022,gradient_boosting,persistence,72,70,18.602199838545452,17.081312108231135,20.163597863162796,45
2022,gradient_boosting,persistence,72,50,18.26144103972459,16.59821951353287,19.8457300770087,45
2022,gradient_boosting,persistence,72,30,17.536035977953958,16.08573851766037,19.144553954494988,45
2022,gradient_boosting,persistence,72,20,15.914710899334427,14.381001990385082,17.58163275873959,45
2022,lstm,persistence,6,100,12.80918067769048,11.83228399083605,13.857317962998067,45
2022,lstm,persistence,6,70,24.52741175344889,23.382355152912965,25.776865158337475,45
2022,lstm,persistence,6,50,29.84469680426831,28.81820554609175,30.86518872794135,45
2022,lstm,persistence,6,30,32.73525969326051,31.442305835751238,33.99342478006921,45
2022,lstm,persistence,6,20,29.588759993327983,28.198404339894594,30.97112603004904,45
2022,lstm,persistence,12,100,14.31993179520431,13.114731042901761,15.538548192549035,45
2022,lstm,persistence,12,70,26.974912973027187,25.849871467090928,28.19845377621828,45
2022,lstm,persistence,12,50,30.475186916886564,29.472806230580513,31.485321201149493,45
2022,lstm,persistence,12,30,33.11638365671505,31.544954203406377,34.61958533464365,45
2022,lstm,persistence,12,20,31.159503221477337,29.64311311664103,32.53270797070573,45
2022,lstm,persistence,24,100,12.179376988475454,10.902111995746761,13.339524793438262,45
2022,lstm,persistence,24,70,20.55870276061227,19.67290195231763,21.477090039479652,45
2022,lstm,persistence,24,50,20.796771792768354,19.797878339529472,21.944275655757302,45
2022,lstm,persistence,24,30,20.714958988397704,18.92883273297113,22.43380872145242,45
2022,lstm,persistence,24,20,18.943180206684186,17.556519889082576,20.462822402168154,45
2022,lstm,persistence,48,100,14.364618215606505,12.366962126730819,16.17220173795768,45
2022,lstm,persistence,48,70,20.894714408041303,19.5775980411061,22.20861607508299,45
2022,lstm,persistence,48,50,20.58789582209759,19.16537227966577,21.98843204133715,45
2022,lstm,persistence,48,30,19.324290388460817,17.772044027580904,20.79886349490303,45
2022,lstm,persistence,48,20,17.360957897621066,16.29113242442502,18.685939635969554,45
2022,lstm,persistence,72,100,15.542649639377082,13.1581015681178,17.631433549485465,45
2022,lstm,persistence,72,70,19.351539021249884,17.83075720879596,20.96968290377203,45
2022,lstm,persistence,72,50,18.870169330341636,17.359441289942517,20.43244487748586,45
2022,lstm,persistence,72,30,17.851811999365385,16.528821860334002,19.244441471498817,45
2022,lstm,persistence,72,20,17.158574245275204,15.827458620323167,18.7295092777037,45
2022,tcn,persistence,6,100,12.375771574394733,11.425176100928134,13.348517230678961,45
2022,tcn,persistence,6,70,24.766401306872222,23.628823420026066,25.962783490318053,45
2022,tcn,persistence,6,50,29.090678945460734,28.035953437205958,30.083742624876997,45
2022,tcn,persistence,6,30,32.40345655015457,31.057921310033286,33.76140981910292,45
2022,tcn,persistence,6,20,29.700249551740086,28.436238827877286,30.887412258510377,45
2022,tcn,persistence,12,100,14.620436323457032,13.608807903522921,15.67996814100067,45
2022,tcn,persistence,12,70,27.254885329010282,26.155699059809933,28.4346737643755,45
2022,tcn,persistence,12,50,30.089098546637793,28.968373763463813,31.222133951210886,45
2022,tcn,persistence,12,30,33.41637773722576,31.929975380591554,34.86870943121893,45
2022,tcn,persistence,12,20,31.08065678648395,29.67236429358056,32.30805915528581,45
2022,tcn,persistence,24,100,13.280531179895672,12.086374364493647,14.36708901183588,45
2022,tcn,persistence,24,70,20.616443437865016,19.663504083840845,21.521204216052453,45
2022,tcn,persistence,24,50,20.32994115769756,19.297640122551257,21.47753170640273,45
2022,tcn,persistence,24,30,21.69364281995334,20.15585073372924,23.133882890206355,45
2022,tcn,persistence,24,20,18.700388242346666,17.530541324671155,19.928969690965527,45
2022,tcn,persistence,48,100,15.469200055593058,13.556304021639127,17.32858941330571,45
2022,tcn,persistence,48,70,21.020923454195373,19.64558614836905,22.261604319691585,45
2022,tcn,persistence,48,50,20.85147286503881,19.401855942071293,22.24491632018805,45
2022,tcn,persistence,48,30,19.87574617470639,18.22295152141816,21.489937781765903,45
2022,tcn,persistence,48,20,17.408718738784568,16.46638550041138,18.406237082487685,45
2022,tcn,persistence,72,100,16.621160446891114,14.391847854111987,18.586094550859812,45
2022,tcn,persistence,72,70,19.667072375995243,18.1160067355807,21.245569803871,45
2022,tcn,persistence,72,50,19.055189322679112,17.655038359873483,20.50806703504381,45
2022,tcn,persistence,72,30,17.411178653038416,15.603277811392994,19.169309545817722,45
2022,tcn,persistence,72,20,16.86594252035102,15.532839908247698,18.265726232290188,45
2022,persistence,ridge,6,100,-10.67032875053986,-11.455357736981359,-9.798297002333511,45
2022,persistence,ridge,6,70,-24.510649265311677,-25.734623657362622,-23.2826636238869,45
2022,persistence,ridge,6,50,-30.184213383698545,-31.639420636324374,-28.680671846787643,45
2022,persistence,ridge,6,30,-36.267290595674105,-38.249239221634845,-34.3239420633593,45
2022,persistence,ridge,6,20,-30.426040163819646,-32.55212358362684,-28.27845503742448,45
2022,persistence,ridge,12,100,-13.044648155543847,-13.943350750255663,-12.05154321941714,45
2022,persistence,ridge,12,70,-28.963105666237144,-30.365636797006797,-27.629362407236492,45
2022,persistence,ridge,12,50,-34.248928672896525,-35.85454528604695,-32.59850506607512,45
2022,persistence,ridge,12,30,-40.486968591345615,-42.891336840728584,-38.013739506364786,45
2022,persistence,ridge,12,20,-34.28266042498092,-36.667749867934155,-31.815074884622025,45
2022,persistence,ridge,24,100,-12.172023716802926,-12.937039179551475,-11.350153531418131,45
2022,persistence,ridge,24,70,-20.136274112088735,-21.17268675970549,-19.07324491088744,45
2022,persistence,ridge,24,50,-20.37335996896705,-21.654647582009737,-19.239704585273433,45
2022,persistence,ridge,24,30,-21.372280015923085,-23.22906242740347,-19.4877926597169,45
2022,persistence,ridge,24,20,-16.03248871575054,-17.675600556076464,-14.419929209772834,45
2022,persistence,ridge,48,100,-15.065878220839068,-16.23766355157674,-13.925034001621164,45
2022,persistence,ridge,48,70,-20.700965832358808,-22.0722928352189,-19.250526498561214,45
2022,persistence,ridge,48,50,-21.867729018762617,-23.354487740158728,-20.483064534941647,45
2022,persistence,ridge,48,30,-18.55399256691228,-20.88960240523023,-16.24970330828292,45
2022,persistence,ridge,48,20,-14.50912917602496,-16.09703100857703,-13.073186860324778,45
2022,persistence,ridge,72,100,-15.837026561184642,-17.278993811181678,-14.411227570344831,45
2022,persistence,ridge,72,70,-18.70340732599287,-20.38178690497961,-16.98182416748729,45
2022,persistence,ridge,72,50,-19.66561445149313,-21.428767336113857,-18.084643381321193,45
2022,persistence,ridge,72,30,-15.616185112537927,-17.804973509272273,-13.519338886238616,45
2022,persistence,ridge,72,20,-13.54071314861236,-15.417765397121943,-11.869070476203735,45
2022,tide_persistence,ridge,6,100,-8.091455986250873,-8.784027411593133,-7.319284820033885,45
2022,tide_persistence,ridge,6,70,-20.47800849542838,-21.504606360682622,-19.4881436910965,45
2022,tide_persistence,ridge,6,50,-24.584500700945398,-25.91947686700586,-23.229712781374797,45
2022,tide_persistence,ridge,6,30,-26.62314495990543,-28.107759598296646,-25.13469337412591,45
2022,tide_persistence,ridge,6,20,-22.166647321798074,-24.166696944016493,-20.212158879675293,45
2022,tide_persistence,ridge,12,100,-11.875655371229943,-12.634399228492724,-11.040799944833756,45
2022,tide_persistence,ridge,12,70,-26.287500670917517,-27.505021436390916,-25.17484524532035,45
2022,tide_persistence,ridge,12,50,-30.427260889385522,-31.926315249426672,-28.89527933216848,45
2022,tide_persistence,ridge,12,30,-31.47878911406363,-33.41786521209148,-29.57969973015929,45
2022,tide_persistence,ridge,12,20,-26.73617136120603,-29.090848732258433,-24.35299878847939,45
2022,tide_persistence,ridge,24,100,-12.172023716802926,-12.937039179551475,-11.350153531418131,45
2022,tide_persistence,ridge,24,70,-20.136274112088735,-21.17268675970549,-19.07324491088744,45
2022,tide_persistence,ridge,24,50,-20.37335996896705,-21.654647582009737,-19.239704585273433,45
2022,tide_persistence,ridge,24,30,-21.372280015923085,-23.22906242740347,-19.4877926597169,45
2022,tide_persistence,ridge,24,20,-16.03248871575054,-17.675600556076464,-14.419929209772834,45
2022,tide_persistence,ridge,48,100,-15.065878220839068,-16.23766355157674,-13.925034001621164,45
2022,tide_persistence,ridge,48,70,-20.700965832358808,-22.0722928352189,-19.250526498561214,45
2022,tide_persistence,ridge,48,50,-21.867729018762617,-23.354487740158728,-20.483064534941647,45
2022,tide_persistence,ridge,48,30,-18.55399256691228,-20.88960240523023,-16.24970330828292,45
2022,tide_persistence,ridge,48,20,-14.50912917602496,-16.09703100857703,-13.073186860324778,45
2022,tide_persistence,ridge,72,100,-15.837026561184642,-17.278993811181678,-14.411227570344831,45
2022,tide_persistence,ridge,72,70,-18.70340732599287,-20.38178690497961,-16.98182416748729,45
2022,tide_persistence,ridge,72,50,-19.66561445149313,-21.428767336113857,-18.084643381321193,45
2022,tide_persistence,ridge,72,30,-15.616185112537927,-17.804973509272273,-13.519338886238616,45
2022,tide_persistence,ridge,72,20,-13.54071314861236,-15.417765397121943,-11.869070476203735,45
2022,climatology,ridge,6,100,-142.1469604481718,-154.57895815022866,-129.40077855402484,45
2022,climatology,ridge,6,70,-102.4962563793359,-110.24786357445076,-93.93746294897906,45
2022,climatology,ridge,6,50,-129.7239554160405,-139.24973745558768,-119.63111541017078,45
2022,climatology,ridge,6,30,-239.47556692167126,-268.24290351724653,-207.86154418802067,45
2022,climatology,ridge,6,20,-208.4223560487836,-228.63120383490588,-186.7590042553682,45
2022,climatology,ridge,12,100,-84.96881822759823,-93.77511534150509,-76.03452327507948,45
2022,climatology,ridge,12,70,-64.04819934326855,-69.83976348439202,-57.60304877123269,45
2022,climatology,ridge,12,50,-92.95525974246081,-101.59292911777675,-83.9888835352495,45
2022,climatology,ridge,12,30,-184.72454530409615,-209.7730414023209,-157.50483354666778,45
2022,climatology,ridge,12,20,-159.34109691043568,-176.78506827507377,-140.465122208385,45
2022,climatology,ridge,24,100,-50.575813921876446,-57.75994820165183,-43.91505361096476,45
2022,climatology,ridge,24,70,-43.21250342562317,-48.133488800638624,-37.95914536021209,45
2022,climatology,ridge,24,50,-73.22596027439523,-81.04689972856161,-65.12885372910853,45
2022,climatology,ridge,24,30,-152.0624016434382,-173.44205089114746,-129.34053185504456,45
2022,climatology,ridge,24,20,-130.57908340660413,-145.71476965297327,-114.58092939342912,45
2022,climatology,ridge,48,100,-21.766592985153533,-27.984259383275834,-16.22838882839763,45
2022,climatology,ridge,48,70,-19.764611800336308,-24.031350235897715,-15.438506091511659,45
2022,climatology,ridge,48,50,-47.00103866168068,-54.24519862368433,-39.86452858362769,45
2022,climatology,ridge,48,30,-106.15799082322215,-119.33826517491855,-91.52172750283786,45
2022,climatology,ridge,48,20,-91.37775851791913,-101.83783997750906,-80.85622012239627,45
2022,climatology,ridge,72,100,-10.85720233984555,-16.780063066871445,-5.663057227129632,45
2022,climatology,ridge,72,70,-10.914064917673883,-15.190325454517684,-6.770036624136748,45
2022,climatology,ridge,72,50,-37.34638452923378,-44.266305159649185,-30.453857957554618,45
2022,climatology,ridge,72,30,-86.79651150193331,-97.0847270044951,-75.05934785352095,45
2022,climatology,ridge,72,20,-70.64699187982575,-79.90330240061117,-61.840259092699334,45
2022,moving_average,ridge,6,100,-30.070335899539756,-31.978972845167647,-27.961519060482846,45
2022,moving_average,ridge,6,70,-28.80049197763148,-30.351281151780114,-27.110605463963367,45
2022,moving_average,ridge,6,50,-24.689668619647364,-25.939864074334785,-23.436433926647933,45
2022,moving_average,ridge,6,30,-28.880108702970418,-30.974118491179663,-26.687593184209312,45
2022,moving_average,ridge,6,20,-22.783225275408302,-24.56053785666438,-21.060188572067553,45
2022,moving_average,ridge,12,100,-18.078100928467133,-19.422831496637308,-16.47555829434736,45
2022,moving_average,ridge,12,70,-19.425676290690518,-20.62326688399761,-18.131988350690655,45
2022,moving_average,ridge,12,50,-17.498280211213245,-18.51892984841139,-16.501425904564,45
2022,moving_average,ridge,12,30,-21.34921797201439,-22.57976675668566,-19.88247913832224,45
2022,moving_average,ridge,12,20,-15.449362343415785,-16.538211539110844,-14.312533484878545,45
2022,moving_average,ridge,24,100,-16.873134610998953,-18.044373858164136,-15.705170775314448,45
2022,moving_average,ridge,24,70,-20.560536306261355,-21.898160518101367,-19.140014410813517,45
2022,moving_average,ridge,24,50,-20.15055000473327,-21.32039299160636,-18.949588643680972,45
2022,moving_average,ridge,24,30,-22.919930760887077,-24.777478642529434,-21.070353671104595,45
2022,moving_average,ridge,24,20,-16.639759710772406,-18.353245490139003,-14.901113254744741,45
2022,moving_average,ridge,48,100,-14.024695995171509,-15.287708016010686,-12.704840872451067,45
2022,moving_average,ridge,48,70,-15.469867317129204,-16.98680785183938,-13.784185363355824,45
2022,moving_average,ridge,48,50,-15.428420121906793,-16.64766253490544,-14.207754291414757,45
2022,moving_average,ridge,48,30,-14.670031081827473,-16.43283989069361,-12.79474742817645,45
2022,moving_average,ridge,48,20,-12.164672885449669,-13.617598340136205,-10.636318438789548,45
2022,moving_average,ridge,72,100,-13.566941851704438,-15.10908798296389,-11.946287548502074,45
2022,moving_average,ridge,72,70,-13.137455625455164,-15.090817719220444,-11.234265631350864,45
2022,moving_average,ridge,72,50,-12.864328624084042,-14.702640604875029,-11.185464675579274,45
2022,moving_average,ridge,72,30,-11.903777821100103,-13.616524738355531,-9.939630627201538,45
2022,moving_average,ridge,72,20,-11.452772976662828,-13.183688704079414,-9.78905397091896,45
2022,linear,ridge,6,100,-0.00205616252189067,-0.00947050941764005,0.0051973555334527965,45
2022,linear,ridge,6,70,0.001280628300093234,-0.0071985978747229895,0.010113598891390851,45
2022,linear,ridge,6,50,-0.007320061646276521,-0.018967459551662014,0.005427267972628047,45
2022,linear,ridge,6,30,-0.01779578857528108,-0.03457827594323781,0.00047796169475922026,45
2022,linear,ridge,6,20,-0.009761897635951478,-0.025109859083476405,0.006222383509842938,45
2022,linear,ridge,12,100,0.0018094843831084617,-0.007698944540933117,0.01026507580531105,45
2022,linear,ridge,12,70,-0.00201079029604756,-0.009540544603015566,0.005746097584559129,45
2022,linear,ridge,12,50,-0.008802281171393922,-0.019251492818512794,0.002098444727264559,45
2022,linear,ridge,12,30,-0.012794754320122337,-0.02687151251726083,0.0019945219021494298,45
2022,linear,ridge,12,20,0.004997214970914321,-0.00752773000214535,0.01771374600446879,45
2022,linear,ridge,24,100,-0.0011334322048472956,-0.004865910712575361,0.002616077822887586,45
2022,linear,ridge,24,70,-0.004995920830719314,-0.011359555558931311,0.0007882936392511423,45
2022,linear,ridge,24,50,-0.006159549170803302,-0.011022355975444653,-0.0009367220213540863,45
2022,linear,ridge,24,30,-0.005157452560644593,-0.015598554228939408,0.00485789708941142,45
2022,linear,ridge,24,20,0.007120017631623288,-0.0013127644701121932,0.016362715755325878,45
2022,linear,ridge,48,100,-0.00206397508257794,-0.006238956495247528,0.00184552597324028,45
2022,linear,ridge,48,70,-0.0019636339169348815,-0.006485674827839128,0.0030072077243795117,45
2022,linear,ridge,48,50,0.0035626909601238488,-0.0023570485725737944,0.009275027458780505,45
2022,linear,ridge,48,30,0.0017356438518523198,-0.007166636351752521,0.010293243134747162,45
2022,linear,ridge,48,20,0.0032824698186773027,-0.0012535946028624512,0.008812780787631756,45
2022,linear,ridge,72,100,-0.005438589811879169,-0.010721289131734868,-0.000812706848042355,45
2022,linear,ridge,72,70,-0.003034913517740989,-0.007970673541794482,0.0016215512597134156,45
2022,linear,ridge,72,50,0.0044496969087370886,-0.0015618289536684093,0.010271152118018488,45
2022,linear,ridge,72,30,0.002798008692539433,-0.004745826280095344,0.011008118823482014,45
2022,linear,ridge,72,20,0.001003861082837787,-0.004887003998762518,0.008351867691951951,45
2022,gradient_boosting,ridge,6,100,3.2104736389612865,2.771613107416935,3.6528225203277405,45
2022,gradient_boosting,ridge,6,70,5.50441301875696,4.861870174950474,6.177841021258959,45
2022,gradient_boosting,ridge,6,50,7.301295043880785,6.739378696684424,7.932918720997405,45
2022,gradient_boosting,ridge,6,30,7.188961516613368,6.54529861143849,7.864394570940722,45
2022,gradient_boosting,ridge,6,20,7.279638713784797,6.82927575306056,7.737017554131079,45
2022,gradient_boosting,ridge,12,100,2.9572923453077715,2.332491770282869,3.5996241458107545,45
2022,gradient_boosting,ridge,12,70,4.967538976660868,4.226348734474095,5.75214365236724,45
2022,gradient_boosting,ridge,12,50,6.153599526457121,5.588801012937792,6.764819414933696,45
2022,gradient_boosting,ridge,12,30,5.415041286258171,4.7509909429369985,6.150886296674527,45
2022,gradient_boosting,ridge,12,20,6.644295448849801,6.000485867321741,7.276592544539542,45
2022,gradient_boosting,ridge,24,100,2.2110429106553364,1.1594750050208016,3.166556474666667,45
2022,gradient_boosting,ridge,24,70,3.5238421458050895,2.7744841685682182,4.3310037403231,45
2022,gradient_boosting,ridge,24,50,4.120403093110547,3.4681921940903084,4.758486702992061,45
2022,gradient_boosting,ridge,24,30,3.9216089978232893,2.7699228149184156,4.899467334055503,45
2022,gradient_boosting,ridge,24,20,5.171156876869953,4.482075744350874,5.804603013315331,45
2022,gradient_boosting,ridge,48,100,2.233469433026547,0.4855254241430282,3.745845959818831,45
2022,gradient_boosting,ridge,48,70,3.3988409542416442,2.4675652270842736,4.4431217942792225,45
2022,gradient_boosting,ridge,48,50,2.529580145230248,1.2371064022385478,3.6163136965242586,45
2022,gradient_boosting,ridge,48,30,3.960782850445088,2.530245731375828,5.260038178909788,45
2022,gradient_boosting,ridge,48,20,4.173525147401391,3.105824257838482,5.290411925726962,45
2022,gradient_boosting,ridge,72,100,2.7241360863718422,0.46678481354843154,4.824365242189412,45
2022,gradient_boosting,ridge,72,70,3.3780377199509326,2.0826317448149094,4.744266872894217,45
2022,gradient_boosting,ridge,72,50,2.187051176390442,0.5906409837525156,3.521171630661656,45
2022,gradient_boosting,ridge,72,30,4.658310705134561,3.2960555241785983,6.10541494225908,45
2022,gradient_boosting,ridge,72,20,4.5289631020318915,3.0426076987838004,6.151188409551656,45
2022,lstm,ridge,6,100,3.5056336157108237,2.862734545499223,4.167531909752252,45
2022,lstm,ridge,6,70,6.0285903568839005,5.238976500384921,6.850646814911382,45
2022,lstm,ridge,6,50,8.668870387687978,8.082268993483883,9.34523203975476,45
2022,lstm,ridge,6,30,8.34016085778978,7.595561048366424,9.077032277474933,45
2022,lstm,ridge,6,20,8.165407829054505,7.500012184211753,8.78674826281466,45
2022,lstm,ridge,12,100,3.1432683584587284,2.2812345827379534,4.023934759582622,45
2022,lstm,ridge,12,70,5.824579854543421,5.046314006854784,6.615349781382294,45
2022,lstm,ridge,12,50,6.663683274086418,6.017504431800991,7.339166392339862,45
2022,lstm,ridge,12,30,6.03723491505318,4.985980294396223,7.014371204776227,45
2022,lstm,ridge,12,20,7.559149476026484,6.745269093227158,8.350854951155776,45
2022,lstm,ridge,24,100,1.4898299272685933,0.3802843542291909,2.582274736717739,45
2022,lstm,ridge,24,70,4.562185390289986,3.8413496096816684,5.28314303889226,45
2022,lstm,ridge,24,50,4.6604130030666,3.5104578766032657,5.725849552055479,45
2022,lstm,ridge,24,30,3.7699380126586024,2.194227470291104,5.223871669066906,45
2022,lstm,ridge,24,20,5.947754719974574,5.094537039707816,6.727329487074539,45
2022,lstm,ridge,48,100,1.4628958820191884,-0.2803283830339892,3.122092519378772,45
2022,lstm,ridge,48,70,4.519156266060076,3.395318806392712,5.691531212965032,45
2022,lstm,ridge,48,50,3.222272072376431,1.4513523682387508,4.79760573457032,45
2022,lstm,ridge,48,30,4.3557252238320965,2.739213861759202,5.859254015872548,45
2022,lstm,ridge,48,20,5.370752529157241,4.198702734700851,6.65191230466408,45
2022,lstm,ridge,72,100,2.1671166298924516,0.05735588663673685,4.098719258429982,45
2022,lstm,ridge,72,70,4.267528862249847,2.95464717618329,5.578412957554117,45
2022,lstm,ridge,72,50,2.9154896256974094,1.0276224818742874,4.509489270196644,45
2022,lstm,ridge,72,30,5.023398894590603,3.3304625391837934,6.545468718277873,45
2022,lstm,ridge,72,20,5.941254415607233,4.238346392921038,7.783296379915296,45
2022,tcn,ridge,6,100,3.02597833625865,2.5163990921123736,3.5949008416581294,45
2022,tcn,ridge,6,70,6.3261578015275655,5.612784664353192,7.12452025125256,45
2022,tcn,ridge,6,50,7.687258169426725,7.101817630313622,8.28737348151435,45
2022,tcn,ridge,6,30,7.888021704568027,7.133581983368815,8.678818592988351,45
2022,tcn,ridge,6,20,8.310819245287549,7.647504577850904,8.91362898603774,45
2022,tcn,ridge,12,100,3.48297264511348,2.7769043208841255,4.192641863746085,45
2022,tcn,ridge,12,70,6.185640899826151,5.456124708884552,6.948155805853237,45
2022,tcn,ridge,12,50,6.145363773296797,5.284185461944315,6.9715105505230595,45
2022,tcn,ridge,12,30,6.458687504716143,5.647816302508151,7.343898790234829,45
2022,tcn,ridge,12,20,7.453272385467102,6.6147306187571475,8.248371087301049,45
2022,tcn,ridge,24,100,2.7250168680270637,1.6023413515292277,3.706839068504432,45
2022,tcn,ridge,24,70,4.631552888588509,3.869074376644484,5.379136600085868,45
2022,tcn,ridge,24,50,4.0984732822674115,2.8142909704384813,5.222795163916217,45
2022,tcn,ridge,24,30,4.957788893164883,4.075677413374812,5.801288845315324,45
2022,tcn,ridge,24,20,5.666037161351889,4.807684233965784,6.39293756945863,45
2022,tcn,ridge,48,100,2.733892676867611,0.8875130656659677,4.369355549818841,45
2022,tcn,ridge,48,70,4.67149180373585,3.6539235101901055,5.737266431144099,45
2022,tcn,ridge,48,50,3.5434874288237106,1.8101900198946659,4.951941027392583,45
2022,tcn,ridge,48,30,5.009498075667473,3.973509774929766,5.936462476823819,45
2022,tcn,ridge,48,20,5.425443052460722,4.483063012622238,6.338211483502988,45
2022,tcn,ridge,72,100,3.416431480457738,1.2841047263611831,5.287915063574649,45
2022,tcn,ridge,72,70,4.642077705582592,3.2681315046237467,5.99705398595957,45
2022,tcn,ridge,72,50,3.1368949363861476,1.4062153150519512,4.648740400681171,45
2022,tcn,ridge,72,30,4.5139554292336515,3.299906396308235,5.677676111551425,45
2022,tcn,ridge,72,20,5.608998268229226,4.472193056880661,6.790382373089687,45
2023,tide_persistence,persistence,6,100,2.1756609309177,1.988105358917288,2.3544788878218137,45
2023,tide_persistence,persistence,6,70,3.0624621720344303,2.7239616776586795,3.419766952854718,45
2023,tide_persistence,persistence,6,50,3.9683772668601236,3.630828382543868,4.302804294503386,45
2023,tide_persistence,persistence,6,30,6.532593326241553,5.898831222491696,7.131251934574598,45
2023,tide_persistence,persistence,6,20,6.296064465328655,5.6749760929855055,6.8991142076223575,45
2023,tide_persistence,persistence,12,100,0.8062673097692818,0.5714288114415087,1.047720738911657,45
2023,tide_persistence,persistence,12,70,1.8077098319704388,1.3472011173278775,2.3362993396159952,45
2023,tide_persistence,persistence,12,50,2.3136478604083965,1.8840947849447822,2.8010915497388647,45
2023,tide_persistence,persistence,12,30,5.408229492628869,4.553147982157819,6.2445302120878114,45
2023,tide_persistence,persistence,12,20,5.105823985800095,4.276569814824511,5.898297009670203,45
2023,tide_persistence,persistence,24,100,0.0,0.0,0.0,45
2023,tide_persistence,persistence,24,70,0.0,0.0,0.0,45
2023,tide_persistence,persistence,24,50,0.0,0.0,0.0,45
2023,tide_persistence,persistence,24,30,0.0,0.0,0.0,45
2023,tide_persistence,persistence,24,20,0.0,0.0,0.0,45
2023,tide_persistence,persistence,48,100,0.0,0.0,0.0,45
2023,tide_persistence,persistence,48,70,0.0,0.0,0.0,45
2023,tide_persistence,persistence,48,50,0.0,0.0,0.0,45
2023,tide_persistence,persistence,48,30,0.0,0.0,0.0,45
2023,tide_persistence,persistence,48,20,0.0,0.0,0.0,45
2023,tide_persistence,persistence,72,100,0.0,0.0,0.0,45
2023,tide_persistence,persistence,72,70,0.0,0.0,0.0,45
2023,tide_persistence,persistence,72,50,0.0,0.0,0.0,45
2023,tide_persistence,persistence,72,30,0.0,0.0,0.0,45
2023,tide_persistence,persistence,72,20,0.0,0.0,0.0,45
2023,climatology,persistence,6,100,-112.59085512466194,-121.25990523467934,-103.87780371673796,45
2023,climatology,persistence,6,70,-70.04154125766016,-76.95850881875943,-63.6885898969919,45
2023,climatology,persistence,6,50,-87.30559163009724,-99.01864664737445,-75.44771057803563,45
2023,climatology,persistence,6,30,-140.24967109396718,-162.32757885539303,-115.50811066606832,45
2023,climatology,persistence,6,20,-171.51637154265907,-190.04334452407844,-150.74782538539947,45
2023,climatology,persistence,12,100,-59.284406877971406,-65.93491685735519,-53.137898665120964,45
2023,climatology,persistence,12,70,-33.34079400090955,-38.744898068991304,-28.62303847167575,45
2023,climatology,persistence,12,50,-53.053864493260505,-62.51725324685366,-43.051469884356514,45
2023,climatology,persistence,12,30,-101.57980776101012,-120.50185374022729,-80.56048448707188,45
2023,climatology,persistence,12,20,-128.8623217575176,-144.7947276663718,-111.4251796406262,45
2023,climatology,persistence,24,100,-29.140300757580185,-34.58300311558165,-24.203657109578156,45
2023,climatology,persistence,24,70,-24.137292608219106,-29.978216429312404,-19.01588260685303,45
2023,climatology,persistence,24,50,-54.36380168803736,-65.06476930512683,-43.18169537685598,45
2023,climatology,persistence,24,30,-119.72229222569095,-137.4488651870766,-99.19209520934116,45
2023,climatology,persistence,24,20,-140.23699592871992,-157.69571331958,-123.26862456790883,45
2023,climatology,persistence,48,100,-1.0124770658516802,-5.475334499279515,3.0560574076512084,45
2023,climatology,persistence,48,70,-3.928412478952703,-9.099012489072859,0.6773573288720635,45
2023,climatology,persistence,48,50,-30.90870504417944,-40.384168392503724,-21.17068430429832,45
2023,climatology,persistence,48,30,-84.9042030617699,-98.61298363648346,-69.5439734476747,45
2023,climatology,persistence,48,20,-98.66695253420103,-115.17875737919496,-84.09207838956817,45
2023,climatology,persistence,72,100,8.73860771580075,4.584705252692106,12.407039937993602,45
2023,climatology,persistence,72,70,2.4760663210224076,-2.8044634073966885,7.00280503888272,45
2023,climatology,persistence,72,50,-25.548361840172372,-34.43797132315753,-16.436690057197936,45
2023,climatology,persistence,72,30,-72.22361798831342,-84.5371160315369,-58.793138891003714,45
2023,climatology,persistence,72,20,-81.79310396211214,-97.8457171153705,-67.79440723435096,45
2023,moving_average,persistence,6,100,-18.280855048840916,-21.314493569858385,-15.581529274746265,45
2023,moving_average,persistence,6,70,-3.714923456124186,-5.913770365938365,-1.5793117699657047,45
2023,moving_average,persistence,6,50,4.8173626029527465,3.0017834777103807,6.459809661683587,45
2023,moving_average,persistence,6,30,10.990884868706651,9.536686199074023,12.424098853260167,45
2023,moving_average,persistence,6,20,9.589319749464586,7.243926738894333,11.781018372914225,45
2023,moving_average,persistence,12,100,-5.653611297265915,-8.039266652666017,-3.4598229747261726,45
2023,moving_average,persistence,12,70,7.038047241558343,5.041780711703297,8.902156162489796,45
2023,moving_average,persistence,12,50,13.253733417433434,11.623847543738066,14.730914553912285,45
2023,moving_average,persistence,12,30,18.15343334047942,16.675700966755766,19.694506837675448,45
2023,moving_average,persistence,12,20,15.556022787526857,13.327947463697502,17.803376984534243,45
2023,moving_average,persistence,24,100,-4.783123474622042,-5.710680145197962,-3.9590273464079853,45
2023,moving_average,persistence,24,70,0.3061629982370806,-0.6056677444937614,1.1448739854954053,45
2023,moving_average,persistence,24,50,1.3517116697947862,0.09894686359724628,2.5673023473158025,45
2023,moving_average,persistence,24,30,0.287068339048413,-1.560210786323788,2.165028138672125,45
2023,moving_average,persistence,24,20,-1.0527788738275978,-3.0299924762437267,1.1965604878942644,45
2023,moving_average,persistence,48,100,0.524742595336436,0.025406337989039296,1.0522228087477694,45
2023,moving_average,persistence,48,70,4.3482622923096015,3.5644682386586273,5.1294296591356,45
2023,moving_average,persistence,48,50,5.83684086688534,4.683001313731029,7.133660974232936,45
2023,moving_average,persistence,48,30,4.012729941962167,2.5683889244822304,5.632433283497354,45
2023,moving_average,persistence,48,20,2.94681865693901,1.5675373601008262,4.639085458145941,45
2023,moving_average,persistence,72,100,2.1673728730923547,1.6080692393414,2.67061618548348,45
2023,moving_average,persistence,72,70,4.982310052951034,4.128162284511962,5.875133109235574,45
2023,moving_average,persistence,72,50,6.914264191736241,5.673562903582046,8.2689263242195,45
2023,moving_average,persistence,72,30,4.798681999192322,3.6114954851402468,6.244399475218636,45
2023,moving_average,persistence,72,20,3.401326370415081,2.4111139188752335,4.645659305165449,45
2023,linear,persistence,6,100,9.578051438596392,8.806838749764575,10.289061720452807,45
2023,linear,persistence,6,70,19.87073070392388,18.47349433377368,21.22610846147847,45
2023,linear,persistence,6,50,24.11471214999269,22.958155987808034,25.139945913350832,45
2023,linear,persistence,6,30,28.001216990504897,26.990128909154965,28.995467614165833,45
2023,linear,persistence,6,20,22.82967980314492,21.34301333536878,24.18392886187464,45
2023,linear,persistence,12,100,11.345320866021735,10.487251262249236,12.151494678602308,45
2023,linear,persistence,12,70,22.379056213526795,21.036355886260598,23.822052445798608,45
2023,linear,persistence,12,50,25.939045307403564,24.947239077357207,26.88418157280114,45
2023,linear,persistence,12,30,30.116931526497282,28.998776776009766,31.293098579162127,45
2023,linear,persistence,12,20,25.563704965381827,24.02360063173613,27.092529455238545,45
2023,linear,persistence,24,100,11.316082969180918,10.372526420937827,12.112198306706352,45
2023,linear,persistence,24,70,17.340965274403974,16.409077905061796,18.325483469412948,45
2023,linear,persistence,24,50,17.621585208645275,16.56265195741447,18.737508513302288,45
2023,linear,persistence,24,30,17.32321851102182,16.20442656892082,18.537307840663942,45
2023,linear,persistence,24,20,13.408615151709158,12.286220984866533,14.627450542921276,45
2023,linear,persistence,48,100,14.006059218912114,12.69348385955628,15.155037944513097,45
2023,linear,persistence,48,70,17.829489273073882,16.66875612856056,19.0216655909956,45
2023,linear,persistence,48,50,19.180892336131873,17.808441963928793,20.675243814426807,45
2023,linear,persistence,48,30,16.81061485970271,15.459763625763145,18.149438141414386,45
2023,linear,persistence,48,20,13.014648125148954,11.814889579182719,14.258852487735973,45
2023,linear,persistence,72,100,15.130520085891963,13.527541223674039,16.472472844162112,45
2023,linear,persistence,72,70,17.016904051168723,15.627102726796386,18.284657055603954,45
2023,linear,persistence,72,50,16.872944161959357,15.699024005026097,18.163291604577605,45
2023,linear,persistence,72,30,14.641802221838308,13.294074686418197,15.95598662519838,45
2023,linear,persistence,72,20,11.748609101545037,10.378098477102299,13.220095062677181,45
2023,ridge,persistence,6,100,9.5774511190461,8.812902217382902,10.281931303705823,45
2023,ridge,persistence,6,70,19.86549322039045,18.477432155670236,21.215124708643007,45
2023,ridge,persistence,6,50,24.10121864427939,22.953462351361175,25.121213976390024,45
2023,ridge,persistence,6,30,27.983344578882075,26.977065506570202,28.97246839699845,45
2023,ridge,persistence,6,20,22.824546212987574,21.351802749645657,24.1706222096037,45
2023,ridge,persistence,12,100,11.344661768015818,10.492207563627806,12.14450808460314,45
2023,ridge,persistence,12,70,22.375986917499592,21.04187698392804,23.813312500135588,45
2023,ridge,persistence,12,50,25.926708519323537,24.939246973336715,26.863947237833745,45
2023,ridge,persistence,12,30,30.106471832564907,28.98919198343599,31.278640151072572,45
2023,ridge,persistence,12,20,25.56288742590852,24.03279794693416,27.084039781859587,45
2023,ridge,persistence,24,100,11.316482729586507,10.374652006747091,12.10973172411976,45
2023,ridge,persistence,24,70,17.338006011553688,16.409992921097754,18.320046387610446,45
2023,ridge,persistence,24,50,17.613924573574124,16.56023017206501,18.72492377049818,45
2023,ridge,persistence,24,30,17.327602065211124,16.21340963686358,18.54226744007808,45
2023,ridge,persistence,24,20,13.412788671001652,12.294595632789282,14.627115972717498,45
2023,ridge,persistence,48,100,14.007527524229024,12.700556870349903,15.154065260129727,45
2023,ridge,persistence,48,70,17.830772648943128,16.67027185632576,19.020001365677537,45
2023,ridge,persistence,48,50,19.175734926906173,17.808388854336805,20.66601217775607,45
2023,ridge,persistence,48,30,16.813693335920277,15.464796257755086,18.153705824469935,45
2023,ridge,persistence,48,20,13.015336523101784,11.816287223667722,14.259680871872291,45
2023,ridge,persistence,72,100,15.132385406000148,13.534153471777433,16.47190071314402,45
2023,ridge,persistence,72,70,17.019575529194874,15.634026802835727,18.284019401151927,45
2023,ridge,persistence,72,50,16.87189311858853,15.69944776325792,18.15935257196557,45
2023,ridge,persistence,72,30,14.64415090996376,13.29515515827989,15.959603943003895,45
2023,ridge,persistence,72,20,11.747676416929787,10.378759320533188,13.215447561513638,45
2023,gradient_boosting,persistence,6,100,12.495290250112056,11.764731569656632,13.198887574745644,45
2023,gradient_boosting,persistence,6,70,24.160438207612835,22.65765140609965,25.765267573067025,45
2023,gradient_boosting,persistence,6,50,29.996605314282387,28.58260461578625,31.278986143296184,45
2023,gradient_boosting,persistence,6,30,33.44120447961232,32.30968468151749,34.53728931035364,45
2023,gradient_boosting,persistence,6,20,29.30502438515996,27.971739238974024,30.53340894498236,45
2023,gradient_boosting,persistence,12,100,14.421351031626116,13.657437030328005,15.194763877175324,45
2023,gradient_boosting,persistence,12,70,26.16172605334467,24.670482178279727,27.797955852247696,45
2023,gradient_boosting,persistence,12,50,30.98572577161255,29.795398979956172,32.19065663707772,45
2023,gradient_boosting,persistence,12,30,34.32591497860301,33.10289027373048,35.65962302541211,45
2023,gradient_boosting,persistence,12,20,30.946313788163916,29.42402469051009,32.457227569600825,45
2023,gradient_boosting,persistence,24,100,14.943838378130014,14.014666490253488,15.80086135927998,45
2023,gradient_boosting,persistence,24,70,20.00132589835194,18.88066731354222,21.17049822669503,45
2023,gradient_boosting,persistence,24,50,21.590237948484837,20.189652247942398,23.097551775030432,45
2023,gradient_boosting,persistence,24,30,20.46414611826369,19.188487381692415,21.909140565137733,45
2023,gradient_boosting,persistence,24,20,17.467494365345726,16.317223630887305,18.71526308687798,45
2023,gradient_boosting,persistence,48,100,18.850030082120917,17.430304923549826,20.107313140535222,45
2023,gradient_boosting,persistence,48,70,20.60078503983157,19.084999119179415,22.086307813714974,45
2023,gradient_boosting,persistence,48,50,22.452838632639548,20.968305496593622,24.107168818947336,45
2023,gradient_boosting,persistence,48,30,19.36056615009519,17.73832917713667,20.93493249332487,45
2023,gradient_boosting,persistence,48,20,15.552371768026862,13.967787455458739,17.021699975991105,45
2023,gradient_boosting,persistence,72,100,20.703418170369236,19.061295228999906,22.222561565145774,45
2023,gradient_boosting,persistence,72,70,20.10169961601185,18.48649769400308,21.633940981112122,45
2023,gradient_boosting,persistence,72,50,19.78658662022018,18.45728174072983,21.170980623780817,45
2023,gradient_boosting,persistence,72,30,17.246231825580736,15.235107186701022,18.89001078599965,45
2023,gradient_boosting,persistence,72,20,14.47653537870467,12.089198409732871,16.52319535311473,45
2023,lstm,persistence,6,100,12.546275488623483,11.719183521712505,13.32650835179838,45
2023,lstm,persistence,6,70,24.85174733173353,23.193048495759196,26.576688886543426,45
2023,lstm,persistence,6,50,30.912374279573662,29.47000214818509,32.221021377587576,45
2023,lstm,persistence,6,30,34.577180949329076,33.47679498487862,35.56837825971547,45
2023,lstm,persistence,6,20,29.707812256782063,28.429926387937105,30.883029111427845,45
2023,lstm,persistence,12,100,14.55743543662733,13.686032138319511,15.401413005634831,45
2023,lstm,persistence,12,70,26.844411794462296,25.27171360963433,28.54620015777907,45
2023,lstm,persistence,12,50,31.755001543017137,30.540685293866794,32.988815975484734,45
2023,lstm,persistence,12,30,35.22621561539157,34.10814991900163,36.442254246764115,45
2023,lstm,persistence,12,20,31.336291576575604,29.95865441273929,32.703446951710745,45
2023,lstm,persistence,24,100,14.997273898557072,14.03547185321833,15.840413994641949,45
2023,lstm,persistence,24,70,20.659947602507668,19.52891643647643,21.81960943107218,45
2023,lstm,persistence,24,50,22.379718546313587,21.05344957936811,23.897597887207805,45
2023,lstm,persistence,24,30,21.43089439156697,20.24805311130027,22.699016364155643,45
2023,lstm,persistence,24,20,18.137371293179783,17.083112600545995,19.2590223228829,45
2023,lstm,persistence,48,100,18.404070823103424,16.931550863365057,19.671463478679982,45
2023,lstm,persistence,48,70,21.558860294490334,20.028557399984912,23.056881173692943,45
2023,lstm,persistence,48,50,22.97645751829025,21.510960824161923,24.64167798975058,45
2023,lstm,persistence,48,30,20.981351683405492,19.369932947079178,22.51575616156986,45
2023,lstm,persistence,48,20,17.016428660565563,15.50468856827733,18.32189025247216,45
2023,lstm,persistence,72,100,19.7764247549022,18.04138169726018,21.394778560073934,45
2023,lstm,persistence,72,70,20.838320350844043,19.286745918161458,22.414092843224875,45
2023,lstm,persistence,72,50,20.38332132138305,19.18771439385102,21.757648152246286,45
2023,lstm,persistence,72,30,18.76525117811081,16.9319371085331,20.400786568755684,45
2023,lstm,persistence,72,20,16.153337159820104,14.180766222206945,17.983525460049766,45
2023,tcn,persistence,6,100,12.544785484055565,11.749261852815673,13.33249379884843,45
2023,tcn,persistence,6,70,24.899966800978213,23.366269265177724,26.51982114743904,45
2023,tcn,persistence,6,50,30.601730456822875,29.192070158268713,31.836973720670496,45
2023,tcn,persistence,6,30,34.000618971586086,32.86771553154328,35.077694692249686,45
2023,tcn,persistence,6,20,30.39456054685895,29.132890842948445,31.578765680572257,45
2023,tcn,persistence,12,100,14.6263914119105,13.747162302493898,15.448994413115516,45
2023,tcn,persistence,12,70,27.09660355520346,25.563329602676514,28.75862159081762,45
2023,tcn,persistence,12,50,31.97554156776512,30.791560065375627,33.15351788726609,45
2023,tcn,persistence,12,30,35.081486026121546,33.84963867722353,36.48106263590725,45
2023,tcn,persistence,12,20,31.738617535259838,30.402923200107367,33.0430857878528,45
2023,tcn,persistence,24,100,15.207714069200373,14.076250847073837,16.169044276414766,45
2023,tcn,persistence,24,70,20.832283106470594,19.635121562536177,22.086041232971702,45
2023,tcn,persistence,24,50,22.49910903969734,21.16788587958206,23.97952640648943,45
2023,tcn,persistence,24,30,20.72016790066464,19.354019844771557,22.18979114333579,45
2023,tcn,persistence,24,20,18.60290891014531,17.608843888284937,19.703617725502806,45
2023,tcn,persistence,48,100,19.110295550080302,17.492321542809506,20.494848517817623,45
2023,tcn,persistence,48,70,21.31372533128476,19.880798414389915,22.799024705421395,45
2023,tcn,persistence,48,50,23.25740949972347,21.815855923873826,24.8729884328534,45
2023,tcn,persistence,48,30,20.55512104713637,18.849990882763368,22.302051060330374,45
2023,tcn,persistence,48,20,17.354337713387956,15.772192564150886,18.73967277262916,45
2023,tcn,persistence,72,100,20.520940159019474,18.656451576517824,22.199220348992895,45
2023,tcn,persistence,72,70,20.51439803126087,18.998516163244407,21.954427390198852,45
2023,tcn,persistence,72,50,20.304738441091587,19.083440731349754,21.61612475959554,45
2023,tcn,persistence,72,30,18.941765039156277,17.054299112117803,20.753458298210308,45
2023,tcn,persistence,72,20,16.458556572525218,14.133748886605007,18.466152497647222,45
2023,persistence,ridge,6,100,-10.59188359272567,-11.460268232753046,-9.664637247813152,45
2023,persistence,ridge,6,70,-24.790185924555153,-26.927915644244756,-22.665419714541677,45
2023,persistence,ridge,6,50,-31.75442110370963,-33.54917374299885,-29.791685738805633,45
2023,persistence,ridge,6,30,-38.85676780634877,-40.79047623242214,-36.943277747093184,45
2023,persistence,ridge,6,20,-29.57487788277655,-31.87501067061221,-27.148496092217027,45
2023,persistence,ridge,12,100,-12.796366236097679,-13.823277136960979,-11.722116344997147,45
2023,persistence,ridge,12,70,-28.82611453458084,-31.256527063463334,-26.649413942914595,45
2023,persistence,ridge,12,50,-35.00142629153595,-36.7314699999589,-33.225415370503995,45
2023,persistence,ridge,12,30,-43.07476331777478,-45.51516474758475,-40.8236335115629,45
2023,persistence,ridge,12,20,-34.341589217964795,-37.1441861921902,-31.635755568361525,45
2023,persistence,ridge,24,100,-12.760525380472142,-13.778239572693959,-11.57557793790457,45
2023,persistence,ridge,24,70,-20.974579942962677,-22.42906083938878,-19.631524763698792,45
2023,persistence,ridge,24,50,-21.37973496419803,-23.038949627802147,-19.846927067268926,45
2023,persistence,ridge,24,30,-20.959355840723237,-22.763053743448626,-19.35084099649474,45
2023,persistence,ridge,24,20,-15.490496188909674,-17.133210554591045,-14.018060518985584,45
2023,persistence,ridge,48,100,-16.289248489948637,-17.8606851430938,-14.548268207601323,45
2023,persistence,ridge,48,70,-21.700061231881328,-23.487282894968505,-20.005191698081052,45
2023,persistence,ridge,48,50,-23.725220278296998,-26.049380280101303,-21.666917835254594,45
2023,persistence,ridge,48,30,-20.212092602953025,-22.180241652479875,-18.293912571806448,45
2023,persistence,ridge,48,20,-14.962794592587535,-16.63124305825331,-13.399625455983669,45
2023,persistence,ridge,72,100,-17.830577044485494,-19.72019104213555,-15.652600454241366,45
2023,persistence,ridge,72,70,-20.51035004669426,-22.375084135343783,-18.531199636435364,45
2023,persistence,ridge,72,50,-20.29625568480413,-22.18867169834674,-18.62318495989493,45
2023,persistence,ridge,72,30,-17.156587470082595,-18.99039591968972,-15.333808854941932,45
2023,persistence,ridge,72,20,-13.311464151844032,-15.227880068286726,-11.580691572962836,45
2023,tide_persistence,ridge,6,100,-8.185779188632747,-8.91920405156535,-7.38147605742909,45
2023,tide_persistence,ridge,6,70,-20.968533686204218,-22.788288500285926,-19.130220856454898,45
2023,tide_persistence,ridge,6,50,-26.525908608546867,-28.07505575590242,-24.839373399531382,45
2023,tide_persistence,ridge,6,30,-29.785819859596497,-31.427531602157366,-28.24910700021588,45
2023,tide_persistence,ridge,6,20,-21.416760040406047,-23.57198476682084,-19.36403595371477,45
2023,tide_persistence,ridge,12,100,-11.886926008528388,-12.729214749660315,-10.948351747567434,45
2023,tide_persistence,ridge,12,70,-26.49731219599374,-28.345979574059648,-24.761726298584147,45
2023,tide_persistence,ridge,12,50,-31.877968680621006,-33.20554462757876,-30.445215096250283,45
2023,tide_persistence,ridge,12,30,-35.336951771513924,-37.39680200109869,-33.51705183753542,45
2023,tide_persistence,ridge,12,20,-27.482344132768933,-29.95101832865777,-25.125374726926236,45
2023,tide_persistence,ridge,24,100,-12.760525380472142,-13.778239572693959,-11.57557793790457,45
2023,tide_persistence,ridge,24,70,-20.974579942962677,-22.42906083938878,-19.631524763698792,45
2023,tide_persistence,ridge,24,50,-21.37973496419803,-23.038949627802147,-19.846927067268926,45
2023,tide_persistence,ridge,24,30,-20.959355840723237,-22.763053743448626,-19.35084099649474,45
2023,tide_persistence,ridge,24,20,-15.490496188909674,-17.133210554591045,-14.018060518985584,45
2023,tide_persistence,ridge,48,100,-16.289248489948637,-17.8606851430938,-14.548268207601323,45
2023,tide_persistence,ridge,48,70,-21.700061231881328,-23.487282894968505,-20.005191698081052,45
2023,tide_persistence,ridge,48,50,-23.725220278296998,-26.049380280101303,-21.666917835254594,45
2023,tide_persistence,ridge,48,30,-20.212092602953025,-22.180241652479875,-18.293912571806448,45
2023,tide_persistence,ridge,48,20,-14.962794592587535,-16.63124305825331,-13.399625455983669,45
2023,tide_persistence,ridge,72,100,-17.830577044485494,-19.72019104213555,-15.652600454241366,45
2023,tide_persistence,ridge,72,70,-20.51035004669426,-22.375084135343783,-18.531199636435364,45
2023,tide_persistence,ridge,72,50,-20.29625568480413,-22.18867169834674,-18.62318495989493,45
2023,tide_persistence,ridge,72,30,-17.156587470082595,-18.99039591968972,-15.333808854941932,45
2023,tide_persistence,ridge,72,20,-13.311464151844032,-15.227880068286726,-11.580691572962836,45
2023,climatology,ridge,6,100,-135.1082310282462,-144.21127323017453,-126.39784342615896,45
2023,climatology,ridge,6,70,-112.19515548441325,-120.89754265678172,-104.77007056307124,45
2023,climatology,ridge,6,50,-146.783397947113,-162.3628663043204,-130.89034693640187,45
2023,climatology,ridge,6,30,-233.60292794646665,-261.48219290135086,-201.69364818395934,45
2023,climatology,ridge,6,20,-251.81700685814636,-274.7873564636241,-226.7059456366318,45
2023,climatology,ridge,12,100,-79.66702293907258,-86.42758894219904,-73.65873464661794,45
2023,climatology,ridge,12,70,-71.77776400093123,-78.7876890789297,-65.43295887861333,45
2023,climatology,ridge,12,50,-106.62490006021636,-119.82652484841314,-92.91867205028812,45
2023,climatology,ridge,12,30,-188.40983285049057,-212.46132888960844,-161.62688769931478,45
2023,climatology,ridge,12,20,-207.45728017018118,-228.85240770481147,-186.5608887351749,45
2023,climatology,ridge,24,100,-45.61928161216926,-51.17581469023862,-40.902069844870795,45
2023,climatology,ridge,24,70,-50.17456828535951,-57.0772673601732,-44.122241499018266,45
2023,climatology,ridge,24,50,-87.36637336959996,-99.45354452236678,-74.93442839271678,45
2023,climatology,ridge,24,30,-165.77466931466728,-185.9748304620319,-143.42729198752062,45
2023,climatology,ridge,24,20,-177.4508986274094,-197.25810485178806,-158.45507297596552,45
2023,climatology,ridge,48,100,-17.46665046096063,-21.83655271361947,-13.6931231717418,45
2023,climatology,ridge,48,70,-26.480941624207645,-32.34934516121866,-21.18671169078499,45
2023,climatology,ridge,48,50,-61.96708367937711,-73.12582842254864,-50.80282968821944,45
2023,climatology,ridge,48,30,-122.27721181136712,-137.03352027558776,-105.17288668073634,45
2023,climatology,ridge,48,20,-128.3930805652469,-146.41442572765024,-111.35058909179867,45
2023,climatology,ridge,72,100,-7.533825147303519,-11.296603196236145,-4.109906604334309,45
2023,climatology,ridge,72,70,-17.52643385584185,-23.205360125387617,-12.606926034885879,45
2023,climatology,ridge,72,50,-51.0299783673368,-61.68818883419033,-40.650224689516335,45
2023,climatology,ridge,72,30,-101.77131365261931,-115.37266374065726,-87.0492518653906,45
2023,climatology,ridge,72,20,-105.99242782655325,-123.68827942517461,-90.26999137459416,45
2023,moving_average,ridge,6,100,-30.809025528094725,-33.43723698315595,-28.474213417953415,45
2023,moving_average,ridge,6,70,-29.42604581240742,-30.852433962142012,-28.08913926535006,45
2023,moving_average,ridge,6,50,-25.407332893722657,-26.580156710766833,-24.321814226218752,45
2023,moving_average,ridge,6,30,-23.595180324345645,-24.97573103166364,-22.329498154457426,45
2023,moving_average,ridge,6,20,-17.14952852761884,-18.433532681621962,-15.837362536363688,45
2023,moving_average,ridge,12,100,-19.173434340527116,-21.239476338357115,-17.388019806550687,45
2023,moving_average,ridge,12,70,-19.759271734173,-21.25101635347162,-18.39664852165585,45
2023,moving_average,ridge,12,50,-17.108697141122885,-18.30931976416243,-15.968421827457357,45
2023,moving_average,ridge,12,30,-17.101781531833815,-18.40119240831774,-15.734256361134097,45
2023,moving_average,ridge,12,20,-13.443380986092478,-14.58024660872155,-12.2123776212113,45
2023,moving_average,ridge,24,100,-18.15400054005263,-19.735271800902304,-16.56780314272667,45
2023,moving_average,ridge,24,70,-20.604200541904593,-22.41771973417047,-18.95885713825411,45
2023,moving_average,ridge,24,50,-19.739030921920975,-21.510558769084447,-18.18664459492906,45
2023,moving_average,ridge,24,30,-20.61211982698761,-22.529239170663008,-18.735729606453575,45
2023,moving_average,ridge,24,20,-16.70635573406518,-18.183579197070728,-15.007815323228705,45
2023,moving_average,ridge,48,100,-15.679029269325252,-17.290493192403904,-13.834326779575626,45
2023,moving_average,ridge,48,70,-16.408223359617736,-17.956945961821738,-14.859003204517892,45
2023,moving_average,ridge,48,50,-16.503576058449454,-18.156192803459888,-14.858553564392341,45
2023,moving_average,ridge,48,30,-15.388305969215054,-17.08353070138651,-13.55950232103067,45
2023,moving_average,ridge,48,20,-11.575049512994685,-13.197857416612486,-9.668572625852674,45
2023,moving_average,ridge,72,100,-15.276749081415119,-17.303149956812916,-13.117908813622714,45
2023,moving_average,ridge,72,70,-14.506150761471325,-16.056479670970383,-12.747038464204504,45
2023,moving_average,ridge,72,50,-11.978654753990249,-13.575770311543033,-10.201853864615325,45
2023,moving_average,ridge,72,30,-11.534615396287728,-13.343941152978436,-9.63664025157955,45
2023,moving_average,ridge,72,20,-9.457371440943941,-11.255163320297425,-7.49406196974509,45
2023,linear,ridge,6,100,0.0006639046982281904,-0.006103230315279151,0.007284213851861399,45
2023,linear,ridge,6,70,0.006535865439127875,-0.0037495950686411423,0.017249019342015223,45
2023,linear,ridge,6,50,0.017778290339165448,0.0060150621602553245,0.03045901053483374,45
2023,linear,ridge,6,30,0.02481705310849458,0.013015073428436497,0.03561675498924416,45
2023,linear,ridge,6,20,0.00665184317738543,-0.0064671998354515195,0.019915550604061305,45
2023,linear,ridge,12,100,0.0007434386006144322,-0.0066852676411865986,0.008240272521786716,45
2023,linear,ridge,12,70,0.0039540548154026744,-0.0058172986682791805,0.014339106551919114,45
2023,linear,ridge,12,50,0.01665483986659222,0.006902704578725938,0.025762540048002987,45
2023,linear,ridge,12,30,0.014965182337511873,0.004637610318503349,0.02525728925485693,45
2023,linear,ridge,12,20,0.0010982955209182244,-0.009285752780704981,0.011823677860875457,45
2023,linear,ridge,24,100,-0.000450771933602212,-0.004355411630835304,0.003205645025237125,45
2023,linear,ridge,24,70,0.0035799558025462197,-0.0006950760248780607,0.007854868334447318,45
2023,linear,ridge,24,50,0.009298458545936583,0.004087925491315925,0.014889843170160231,45
2023,linear,ridge,24,30,-0.005302318910316295,-0.011652503731956476,0.0012225820307662505,45
2023,linear,ridge,24,20,-0.0048200181394397745,-0.00975170489339039,5.433604066125745e-06,45
2023,linear,ridge,48,100,-0.0017074812185713384,-0.006248526367143015,0.0022209182816745883,45
2023,linear,ridge,48,70,-0.0015618692186913918,-0.005991814437945053,0.003033370783407095,45
2023,linear,ridge,48,50,0.006381015925138733,0.0011063825223261992,0.012228186535781504,45
2023,linear,ridge,48,30,-0.0037007006814082644,-0.010667276985603658,0.0025567883270197203,45
2023,linear,ridge,48,20,-0.0007914015244914197,-0.005909404012462982,0.004084039628785006,45
2023,linear,ridge,72,100,-0.002197917447199771,-0.007368951738356833,0.001743573801337438,45
2023,linear,ridge,72,70,-0.0032194075207270245,-0.007805448355279742,0.0013287953207050094,45
2023,linear,ridge,72,50,0.0012643658207300845,-0.0028841541116153557,0.005967732917544211,45
2023,linear,ridge,72,30,-0.0027516428581009222,-0.008811027824096596,0.0026219934103172138,45
2023,linear,ridge,72,20,0.0010568385934606184,-0.0034427316217483512,0.006224664865721317,45
2023,gradient_boosting,ridge,6,100,3.2268932552514618,2.983143520800772,3.4670602320098283,45
2023,gradient_boosting,ridge,6,70,5.359669834912173,4.935621054343333,5.817031312126375,45
2023,gradient_boosting,ridge,6,50,7.767432578887734,7.069180092490564,8.562539228520466,45
2023,gradient_boosting,ridge,6,30,7.57860784955281,7.001240269363679,8.17230191975424,45
2023,gradient_boosting,ridge,6,20,8.397071677812374,7.875715981173482,8.938289631546173,45
2023,gradient_boosting,ridge,12,100,3.470393689728568,3.078719938374217,3.8231873588954515,45
2023,gradient_boosting,ridge,12,70,4.87702063512423,4.366211652459503,5.410428691125279,45
2023,gradient_boosting,ridge,12,50,6.8297454469250285,6.0798496133624855,7.711078938906923,45
2023,gradient_boosting,ridge,12,30,6.036958294522088,5.418803562539224,6.733725216169422,45
2023,gradient_boosting,ridge,12,20,7.232180529432764,6.539488979414973,7.840083446895687,45
2023,gradient_boosting,ridge,24,100,4.090225286715898,3.4715582568634,4.669972286267148,45
2023,gradient_boosting,ridge,24,70,3.221940045591587,2.5523501225721326,3.8593340387234414,45
2023,gradient_boosting,ridge,24,50,4.826438635812568,4.191605154060638,5.562861711536506,45
2023,gradient_boosting,ridge,24,30,3.7939434822328977,3.251176090882904,4.348733463072286,45
2023,gradient_boosting,ridge,24,20,4.682799725397945,3.6682374280816528,5.533028992080764,45
2023,gradient_boosting,ridge,48,100,5.631309832679032,4.830166083509893,6.4384581117539055,45
2023,gradient_boosting,ridge,48,70,3.3711067758419477,2.3533284700595742,4.308429419281914,45
2023,gradient_boosting,ridge,48,50,4.054603778666854,3.3646158197057234,4.74291810258381,45
2023,gradient_boosting,ridge,48,30,3.0616491058553796,2.076997259867964,3.992246206586836,45
2023,gradient_boosting,ridge,48,20,2.916646617364771,1.365533643204991,4.273831650673692,45
2023,gradient_boosting,ridge,72,100,6.564380053593444,5.739859473930686,7.458450644833367,45
2023,gradient_boosting,ridge,72,70,3.7142785258966082,2.5875689892050255,4.901048281436711,45
2023,gradient_boosting,ridge,72,50,3.5062671471511875,2.522648655955753,4.430632354290715,45
2023,gradient_boosting,ridge,72,30,3.048509203947136,1.5151422984027973,4.298499142203934,45
2023,gradient_boosting,ridge,72,20,3.0921100442259264,1.225623535903007,4.842736598123992,45
2023,lstm,ridge,6,100,3.283278790875488,2.9538375912333095,3.5772288559806706,45
2023,lstm,ridge,6,70,6.222355776215793,5.695109254159257,6.801478015474959,45
2023,lstm,ridge,6,50,8.973998677754668,8.238430332514739,9.771121697267448,45
2023,lstm,ridge,6,30,9.155988058442166,8.67624558731679,9.650507062319786,45
2023,lstm,ridge,6,20,8.918983570593342,8.226452751516884,9.63754132260303,45
2023,lstm,ridge,12,100,3.6238919535839575,3.1388797403571216,4.053992629493786,45
2023,lstm,ridge,12,70,5.75649814988769,5.102119913532673,6.380188164823991,45
2023,lstm,ridge,12,50,7.868278710436427,7.076832713959541,8.777254834767106,45
2023,lstm,ridge,12,30,7.325061299755731,6.862684405271247,7.825876030668019,45
2023,lstm,ridge,12,20,7.756082887982085,6.914325546907542,8.51481085148783,45
2023,lstm,ridge,24,100,4.150479460289236,3.500155609575935,4.74193351230966,45
2023,lstm,ridge,24,70,4.0187048856071605,3.1905476210912096,4.720989608216654,45
2023,lstm,ridge,24,50,5.784708093050883,5.169143648009154,6.499080815980903,45
2023,lstm,ridge,24,30,4.9633159662218596,4.390305728309587,5.540064207020805,45
2023,lstm,ridge,24,20,5.45644391320852,4.416207627505805,6.406842394843981,45
2023,lstm,ridge,48,100,5.112707161796237,4.219012534862728,5.921599704064618,45
2023,lstm,ridge,48,70,4.537084947409165,3.5225367190108803,5.495455279877506,45
2023,lstm,ridge,48,50,4.702452398356948,3.799437484435362,5.752263151399948,45
2023,lstm,ridge,48,30,5.010029312053632,4.208349974456871,5.846998598884291,45
2023,lstm,ridge,48,20,4.599767335452654,3.1415411705325886,5.835601586213275,45
2023,lstm,ridge,72,100,5.472098362984246,4.492523006592959,6.38294147186038,45
2023,lstm,ridge,72,70,4.601982751959421,3.5049280074077678,5.744729595764416,45
2023,lstm,ridge,72,50,4.224116649022025,3.0791071179134692,5.442788562043118,45
2023,lstm,ridge,72,30,4.828140440381501,3.404011964491864,6.097214273845438,45
2023,lstm,ridge,72,20,4.992118693332026,3.0743549935937775,6.7044443981427255,45
2023,tcn,ridge,6,100,3.281630966758209,2.91461092210783,3.6212731758634398,45
2023,tcn,ridge,6,70,6.282528941538068,5.7881269866590745,6.822168728201962,45
2023,tcn,ridge,6,50,8.564711707394935,7.882199862863465,9.290992261891468,45
2023,tcn,ridge,6,30,8.35539273174789,7.778643328968279,8.934966100008861,45
2023,tcn,ridge,6,20,9.808836828822509,9.120196366132255,10.536168341379524,45
2023,tcn,ridge,12,100,3.7016717880060335,3.1826061930296037,4.157785541662787,45
2023,tcn,ridge,12,70,6.081386996426863,5.416175257791633,6.751759663278061,45
2023,tcn,ridge,12,50,8.16601088938993,7.415594520120456,9.006787993161325,45
2023,tcn,ridge,12,30,7.117989782456857,6.425971571808045,7.8703906996832425,45
2023,tcn,ridge,12,20,8.296573974714905,7.439732991600527,9.114712070208073,45
2023,tcn,ridge,24,100,4.387772902318188,3.7200147199253464,5.028912500663302,45
2023,tcn,ridge,24,70,4.227187037618885,3.4547325364794337,4.955895800092041,45
2023,tcn,ridge,24,50,5.929623957492525,5.257156262736171,6.632104463868652,45
2023,tcn,ridge,24,30,4.103625781037024,3.2014243177601793,4.947897636693383,45
2023,tcn,ridge,24,20,5.994095616988027,4.999245763075615,6.864156584708985,45
2023,tcn,ridge,48,100,5.933970589447846,5.044490069331451,6.707612840227475,45
2023,tcn,ridge,48,70,4.238755547087225,3.173869542658906,5.17047668329913,45
2023,tcn,ridge,48,50,5.050060856261441,4.336235026279481,5.8024460785630225,45
2023,tcn,ridge,48,30,4.49764854487964,3.505012335281684,5.501719356520627,45
2023,tcn,ridge,48,20,4.9882370257586235,3.6883323498547456,6.273193552102333,45
2023,tcn,ridge,72,100,6.349365159840725,5.498148675516326,7.136060422743188,45
2023,tcn,ridge,72,70,4.211622830750361,3.116113464577407,5.208830495744458,45
2023,tcn,ridge,72,50,4.129584386422113,3.2846917421391724,4.9517855699759625,45
2023,tcn,ridge,72,30,5.034938056394056,3.8032886817300007,6.289868444517835,45
2023,tcn,ridge,72,20,5.337967278743849,3.5975158158797074,7.127632022827639,45
2024,tide_persistence,persistence,6,100,2.1237844399782047,1.9222345383860153,2.34526168438021,45
2024,tide_persistence,persistence,6,70,3.098327190991712,2.687860461128724,3.5008268257756825,45
2024,tide_persistence,persistence,6,50,4.09840572211515,3.7612787444674627,4.430067466522352,45
2024,tide_persistence,persistence,6,30,6.871343978397282,6.147569615705432,7.520524498086265,45
2024,tide_persistence,persistence,6,20,6.46810640053761,5.7225529272579525,7.215858463467195,45
2024,tide_persistence,persistence,12,100,0.8469272751916779,0.575682835418741,1.130340677069817,45
2024,tide_persistence,persistence,12,70,2.0636164051610506,1.5271312771001628,2.640375766530249,45
2024,tide_persistence,persistence,12,50,2.7259116884770562,2.3293010762734454,3.1469886759042303,45
2024,tide_persistence,persistence,12,30,6.1683850710651855,5.271723633112588,6.972689690400656,45
2024,tide_persistence,persistence,12,20,5.598071615697631,4.664389339109796,6.505163553208165,45
2024,tide_persistence,persistence,24,100,0.0,0.0,0.0,45
2024,tide_persistence,persistence,24,70,0.0,0.0,0.0,45
2024,tide_persistence,persistence,24,50,0.0,0.0,0.0,45
2024,tide_persistence,persistence,24,30,0.0,0.0,0.0,45
2024,tide_persistence,persistence,24,20,0.0,0.0,0.0,45
2024,tide_persistence,persistence,48,100,0.0,0.0,0.0,45
2024,tide_persistence,persistence,48,70,0.0,0.0,0.0,45
2024,tide_persistence,persistence,48,50,0.0,0.0,0.0,45
2024,tide_persistence,persistence,48,30,0.0,0.0,0.0,45
2024,tide_persistence,persistence,48,20,0.0,0.0,0.0,45
2024,tide_persistence,persistence,72,100,0.0,0.0,0.0,45
2024,tide_persistence,persistence,72,70,0.0,0.0,0.0,45
2024,tide_persistence,persistence,72,50,0.0,0.0,0.0,45
2024,tide_persistence,persistence,72,30,0.0,0.0,0.0,45
2024,tide_persistence,persistence,72,20,0.0,0.0,0.0,45
2024,climatology,persistence,6,100,-107.4073969997487,-116.2790340064822,-98.52291235170438,45
2024,climatology,persistence,6,70,-72.73311236991098,-80.18643497271073,-65.04529137375611,45
2024,climatology,persistence,6,50,-92.87798099150999,-104.90850801131401,-79.60317919154511,45
2024,climatology,persistence,6,30,-111.80891160018538,-130.18877694686773,-92.11746348330936,45
2024,climatology,persistence,6,20,-107.68159245856621,-129.6056719561781,-86.7208452163834,45
2024,climatology,persistence,12,100,-55.29462569868573,-60.99860659278248,-49.49356054546894,45
2024,climatology,persistence,12,70,-34.93562070436895,-40.91909370113091,-28.944254606226462,45
2024,climatology,persistence,12,50,-55.865393756151846,-65.54138795902163,-45.22646627697072,45
2024,climatology,persistence,12,30,-70.27705315274045,-85.38840424242213,-54.10881332122198,45
2024,climatology,persistence,12,20,-66.64575009730574,-82.8565917064009,-50.26908493431669,45
2024,climatology,persistence,24,100,-26.07816919313981,-30.25528254037314,-22.167597855000558,45
2024,climatology,persistence,24,70,-25.03765944491887,-31.244883588738727,-19.394122037510105,45
2024,climatology,persistence,24,50,-54.43504655736648,-64.69113202397138,-43.56311976655848,45
2024,climatology,persistence,24,30,-73.10946838399018,-88.8962968620603,-56.723292573640315,45
2024,climatology,persistence,24,20,-63.71888032850994,-77.2514193901158,-49.40070393616598,45
2024,climatology,persistence,48,100,0.7596396904033687,-2.9690067853874913,4.10730635275984,45
2024,climatology,persistence,48,70,-3.261220221035055,-8.999129285406953,1.7108678077078787,45
2024,climatology,persistence,48,50,-30.35089053970048,-37.95488916791415,-22.35173350442612,45
2024,climatology,persistence,48,30,-47.98570004294991,-58.97786455451606,-35.648500669429275,45
2024,climatology,persistence,48,20,-37.320699341911336,-45.227484015622984,-29.22081993533865,45
2024,climatology,persistence,72,100,9.876259721737757,6.0865609624453665,13.3027738468609,45
2024,climatology,persistence,72,70,3.95755700664413,-1.6166222026681154,8.681113559297406,45
2024,climatology,persistence,72,50,-23.12188479407038,-30.369088267744537,-15.484545507723263,45
2024,climatology,persistence,72,30,-36.892095173605234,-45.53227214182651,-27.208357897784307,45
2024,climatology,persistence,72,20,-24.50796959227388,-30.222151342003713,-18.817846156169626,45
2024,moving_average,persistence,6,100,-18.225315086153394,-21.11901519881077,-15.199007748512411,45
2024,moving_average,persistence,6,70,-4.304598014902727,-6.367318957132781,-1.8971462976353124,45
2024,moving_average,persistence,6,50,2.91471614007347,1.4573579218596584,4.253574355510832,45
2024,moving_average,persistence,6,30,3.872767094303897,2.2619640072624505,5.393435698080084,45
2024,moving_average,persistence,6,20,1.8111174242820494,-0.40599469658153303,3.9902079652003075,45
2024,moving_average,persistence,12,100,-5.415628302056952,-7.435306208404656,-3.0320086805574196,45
2024,moving_average,persistence,12,70,6.58158944574695,4.874964259890565,8.493364283958869,45
2024,moving_average,persistence,12,50,11.945148521235826,10.693893040712595,13.196376290119805,45
2024,moving_average,persistence,12,30,13.284123154327343,11.800922292323985,14.70620729239668,45
2024,moving_average,persistence,12,20,10.676388492903044,8.381819402825938,12.970749729836118,45
2024,moving_average,persistence,24,100,-4.388670553449003,-5.260757618463181,-3.533334557191222,45
2024,moving_average,persistence,24,70,-0.5577592739800519,-1.1831240892903605,0.18502975943980746,45
2024,moving_average,persistence,24,50,1.0594956081527829,0.10533489282161496,2.0558218568404785,45
2024,moving_average,persistence,24,30,0.18763832339446784,-1.6609781488523132,2.07839735515588,45
2024,moving_average,persistence,24,20,-0.988177734824025,-3.5301107625006787,1.7027240539157136,45
2024,moving_average,persistence,48,100,0.8723214542416646,0.39157961218614534,1.363235189275733,45
2024,moving_average,persistence,48,70,3.6911255001464527,3.0532292887139394,4.3990248173822115,45
2024,moving_average,persistence,48,50,5.417508934970449,4.614340214524999,6.343443377145025,45
2024,moving_average,persistence,48,30,3.6972253305502023,2.312870491437271,5.245910045163544,45
2024,moving_average,persistence,48,20,2.258964924921747,0.15105374368172914,4.754542399997882,45
2024,moving_average,persistence,72,100,2.4089310712711254,1.8926653974798666,2.8618906456138946,45
2024,moving_average,persistence,72,70,4.654269524153165,4.141388799257796,5.2331352646013745,45
2024,moving_average,persistence,72,50,5.617479622520316,5.005225577026074,6.328383424981995,45
2024,moving_average,persistence,72,30,3.630384337443082,2.4957954197730867,4.863905444857551,45
2024,moving_average,persistence,72,20,2.194333514853075,0.7917600995719656,4.059075740912037,45
2024,linear,persistence,6,100,9.23087831754863,8.457298055151968,10.01471059020442,45
2024,linear,persistence,6,70,18.179798058925222,16.960446652068466,19.311274725319212,45
2024,linear,persistence,6,50,22.383416846027448,21.14625965043476,23.461436836195006,45
2024,linear,persistence,6,30,26.482085612495343,25.542798889612616,27.37837736655542,45
2024,linear,persistence,6,20,21.490566792518194,19.491256160800436,23.443038583214065,45
2024,linear,persistence,12,100,11.276847676663104,10.424618288318557,12.146406352033454,45
2024,linear,persistence,12,70,21.277186672326664,20.034934355953247,22.482232337014516,45
2024,linear,persistence,12,50,25.170301243377736,23.98826686421791,26.160766982294703,45
2024,linear,persistence,12,30,28.994293081473177,28.064206662275637,29.92581505923048,45
2024,linear,persistence,12,20,23.942814449335938,21.993320541499173,25.933074064759165,45
2024,linear,persistence,24,100,11.253969607129221,10.301058806901302,12.177306495867175,45
2024,linear,persistence,24,70,16.740346196407152,15.941578829412387,17.522508764554562,45
2024,linear,persistence,24,50,17.356667993207363,16.456223800633392,18.28956273759323,45
2024,linear,persistence,24,30,18.875063120617984,17.81761836449674,20.042458551584144,45
2024,linear,persistence,24,20,14.229857503130926,12.629323340469128,16.0166030996958,45
2024,linear,persistence,48,100,13.932711698965283,12.636246740368644,15.095626996283173,45
2024,linear,persistence,48,70,18.225151885765023,17.18594526311511,19.277592916203975,45
2024,linear,persistence,48,50,18.125882733955756,17.182915452521804,19.07256386269486,45
2024,linear,persistence,48,30,17.189281478391173,16.178028332104454,18.280382057379242,45
2024,linear,persistence,48,20,13.411303295920074,11.884157223895288,15.154498562909824,45
2024,linear,persistence,72,100,15.090899055606554,13.631933854432072,16.40876619615295,45
2024,linear,persistence,72,70,17.846414015606136,16.765677593549157,18.867759488821655,45
2024,linear,persistence,72,50,16.956206699432286,15.583306164487642,18.19163712559211,45
2024,linear,persistence,72,30,15.760536426054161,14.814328233494434,16.84347800570983,45
2024,linear,persistence,72,20,12.997121958662595,11.795931093518583,14.35715688392827,45
2024,ridge,persistence,6,100,9.230859316205187,8.457278267493983,10.014692047608168,45
2024,ridge,persistence,6,70,18.179750965005347,16.96034831868217,19.31125134025686,45
2024,ridge,persistence,6,50,22.383499766214175,21.1463857035191,23.461517069018374,45
2024,ridge,persistence,6,30,26.482065332873372,25.542803447536944,27.378391949605373,45
2024,ridge,persistence,6,20,21.49065023464811,19.491422591021628,23.44310431357562,45
2024,ridge,persistence,12,100,11.276850334700528,10.42461947689699,12.146413767572675,45
2024,ridge,persistence,12,70,21.277117277825152,20.034829698376473,22.482200625120875,45
2024,ridge,persistence,12,50,25.170416708120126,23.98843313722403,26.160809122226468,45
2024,ridge,persistence,12,30,28.994283851470904,28.06417761626379,29.925788824542742,45
2024,ridge,persistence,12,20,23.942872272289172,21.993390946075444,25.933114005750323,45
2024,ridge,persistence,24,100,11.253978225032002,10.301062144156932,12.177342441569047,45
2024,ridge,persistence,24,70,16.740326328584633,15.941559398216846,17.522478314527707,45
2024,ridge,persistence,24,50,17.35671750410979,16.456291441009576,18.28957834553659,45
2024,ridge,persistence,24,30,18.875048956457896,17.817602381097426,20.04244120139411,45
2024,ridge,persistence,24,20,14.229890035931358,12.62938107617857,16.016622234812708,45
2024,ridge,persistence,48,100,13.93271388755457,12.636226179344293,15.095650207767719,45
2024,ridge,persistence,48,70,18.225120346822266,17.18594326620153,19.277571714664447,45
2024,ridge,persistence,48,50,18.12591318009136,17.182954255695332,19.07258443415854,45
2024,ridge,persistence,48,30,17.18926929375648,16.17802905106691,18.280348081967297,45
2024,ridge,persistence,48,20,13.411318491777113,11.884175306963082,15.154504824244155,45
2024,ridge,persistence,72,100,15.090902971376007,13.63188984663449,16.408774527711763,45
2024,ridge,persistence,72,70,17.846370949916867,16.765628976804045,18.8677119889476,45
2024,ridge,persistence,72,50,16.95623051364057,15.583342466210409,18.19169229934887,45
2024,ridge,persistence,72,30,15.760521280700035,14.814312621878333,16.843462736493912,45
2024,ridge,persistence,72,20,12.997122111364845,11.795967697124746,14.357136274151088,45
2024,gradient_boosting,persistence,6,100,12.230257324829008,11.429948465124776,13.086879378220875,45
2024,gradient_boosting,persistence,6,70,22.60959146326873,21.335367916917004,23.92028157780707,45
2024,gradient_boosting,persistence,6,50,27.73772016731295,26.504157319958015,28.86288410156711,45
2024,gradient_boosting,persistence,6,30,31.818544708840555,30.91212865967225,32.77603208365559,45
2024,gradient_boosting,persistence,6,20,27.987637504251605,26.44781086199662,29.52986024483875,45
2024,gradient_boosting,persistence,12,100,14.150075145559871,13.30457423813654,15.014976078563564,45
2024,gradient_boosting,persistence,12,70,25.023620976024763,23.68551169844325,26.3677151421448,45
2024,gradient_boosting,persistence,12,50,29.39045233563312,28.16050715235736,30.48928005057723,45
2024,gradient_boosting,persistence,12,30,33.21749405164499,32.25286970573789,34.27867670442843,45
2024,gradient_boosting,persistence,12,20,30.430254520662025,28.840371104467177,32.03343810752988,45
2024,gradient_boosting,persistence,24,100,14.167444280369956,13.272186044512264,15.021254013706981,45
2024,gradient_boosting,persistence,24,70,19.26112729734045,18.210618128794568,20.305749578727507,45
2024,gradient_boosting,persistence,24,50,20.46003478871198,19.38692433519058,21.56854487782318,45
2024,gradient_boosting,persistence,24,30,22.780206748290478,21.379359070395353,24.12248900922041,45
2024,gradient_boosting,persistence,24,20,20.719823605536558,19.34533687244218,22.312526859925587,45
2024,gradient_boosting,persistence,48,100,17.812044556419625,16.41611926325868,19.054444756202248,45
2024,gradient_boosting,persistence,48,70,20.57033140876986,19.094195941056906,22.011588845491005,45
2024,gradient_boosting,persistence,48,50,20.044042579579056,18.66748426953679,21.43903482057492,45
2024,gradient_boosting,persistence,48,30,20.68841167576355,19.471925014943974,21.890278595958417,45
2024,gradient_boosting,persistence,48,20,18.49102404443056,17.129010537612725,20.007743911294725,45
2024,gradient_boosting,persistence,72,100,19.623144973181304,18.01910047559523,21.08240482442864,45
2024,gradient_boosting,persistence,72,70,20.40520512531635,18.662672251492634,22.043954348085816,45
2024,gradient_boosting,persistence,72,50,18.772188982780293,16.994700696830936,20.63220878394412,45
2024,gradient_boosting,persistence,72,30,19.654782180412035,18.40401973166746,20.942440442577514,45
2024,gradient_boosting,persistence,72,20,17.919158768444543,16.37442479432876,19.5635931924542,45
2024,lstm,persistence,6,100,12.540626502818753,11.669290243374222,13.437497580119398,45
2024,lstm,persistence,6,70,23.592003611136846,22.164608271154613,25.029532929275444,45
2024,lstm,persistence,6,50,28.703055380661958,27.356814381111615,29.923073369595954,45
2024,lstm,persistence,6,30,33.47525859332404,32.49313710499111,34.43039216575616,45
2024,lstm,persistence,6,20,28.72492857971025,27.14155113413786,30.2527920058925,45
2024,lstm,persistence,12,100,14.478049298421226,13.55819776311863,15.384039400345634,45
2024,lstm,persistence,12,70,26.13406994500984,24.803075321484666,27.57029138671474,45
2024,lstm,persistence,12,50,30.552585733018734,29.366798086457763,31.647339877084928,45
2024,lstm,persistence,12,30,35.21616388709435,34.235932977245156,36.248641058560175,45
2024,lstm,persistence,12,20,31.24841954151635,29.646661847060457,32.76450746772221,45
2024,lstm,persistence,24,100,14.899529536373812,14.014754703497895,15.728651416616637,45
2024,lstm,persistence,24,70,19.878224809179954,18.790625818628627,21.05949523266896,45
2024,lstm,persistence,24,50,21.55603447634573,20.680263770321694,22.437629702809723,45
2024,lstm,persistence,24,30,24.542980449965825,23.15821403855594,26.013744045282515,45
2024,lstm,persistence,24,20,21.799291328195338,20.512113188358523,23.165067234513913,45
2024,lstm,persistence,48,100,18.64561781189059,17.381376130894225,19.843208634156188,45
2024,lstm,persistence,48,70,21.49384122957736,19.9993304236828,22.979024548327224,45
2024,lstm,persistence,48,50,22.26110276643637,21.221708585252067,23.413852508707507,45
2024,lstm,persistence,48,30,22.85467172130019,21.777057915803656,23.95150251151385,45
2024,lstm,persistence,48,20,20.70547268327697,19.15302835465315,22.14620378464149,45
2024,lstm,persistence,72,100,19.962574571225346,18.404380526362093,21.377675747748857,45
2024,lstm,persistence,72,70,21.139608359261743,19.54103261363085,22.71504671332865,45
2024,lstm,persistence,72,50,20.797369675365797,19.28660164461914,22.5344172116246,45
2024,lstm,persistence,72,30,21.445703384653502,20.429695625246264,22.491150910587017,45
2024,lstm,persistence,72,20,20.282506752569063,18.615025216802653,22.139131835517194,45
2024,tcn,persistence,6,100,12.33061337328416,11.447341479015815,13.224522132384516,45
2024,tcn,persistence,6,70,23.32626708411579,21.932680186145284,24.699628650271144,45
2024,tcn,persistence,6,50,28.360571871272988,27.022213776677262,29.570734182965936,45
2024,tcn,persistence,6,30,32.766611934372115,31.79384842540522,33.75867448908578,45
2024,tcn,persistence,6,20,28.69546691630984,27.121049254204554,30.181387282700257,45
2024,tcn,persistence,12,100,14.291864485926876,13.426752895371298,15.16154972715131,45
2024,tcn,persistence,12,70,25.619340428407277,24.28542497855819,27.013307726526886,45
2024,tcn,persistence,12,50,30.002974289938443,28.702147039515364,31.17659943315613,45
2024,tcn,persistence,12,30,34.425526778833735,33.449745633925346,35.51162505255295,45
2024,tcn,persistence,12,20,31.228651646332594,29.735305850739675,32.74957920028513,45
2024,tcn,persistence,24,100,14.520501051009893,13.6231486114804,15.336714553674419,45
2024,tcn,persistence,24,70,19.85165287631738,18.829519988024522,20.875589592096105,45
2024,tcn,persistence,24,50,21.46892928111094,20.485797278192827,22.4759499959309,45
2024,tcn,persistence,24,30,23.93871713207323,22.586061322354524,25.311221037960767,45
2024,tcn,persistence,24,20,21.526950532102173,20.264519055300404,23.02058656199122,45
2024,tcn,persistence,48,100,17.785659520299756,16.52401495817166,19.019974129789947,45
2024,tcn,persistence,48,70,21.543502923053627,20.201487646285035,22.87280294624516,45
2024,tcn,persistence,48,50,21.764420140894902,20.548624905081095,22.93382805736527,45
2024,tcn,persistence,48,30,22.20278559300708,21.159843438575074,23.336876371678688,45
2024,tcn,persistence,48,20,19.77619143329298,18.503615471646732,21.001910563695805,45
2024,tcn,persistence,72,100,19.005530084163812,17.572408277276008,20.39801178043314,45
2024,tcn,persistence,72,70,21.16382171308606,19.757162908892813,22.455534348181622,45
2024,tcn,persistence,72,50,20.321846235907604,18.81791620361978,21.797879679451928,45
2024,tcn,persistence,72,30,21.084816114283335,19.99528735833495,22.160995152702835,45
2024,tcn,persistence,72,20,19.151261495382933,17.669594697198082,20.706162475009233,45
2024,persistence,ridge,6,100,-10.16960086508034,-11.129252458992644,-9.238613712848036,45
2024,persistence,ridge,6,70,-22.219134235621606,-23.933016296806734,-20.42439723206667,45
2024,persistence,ridge,6,50,-28.838584191239836,-30.65322981707965,-26.817268976310853,45
2024,persistence,ridge,6,30,-36.02123135365329,-37.7000629512926,-34.305352152328666,45
2024,persistence,ridge,6,20,-27.373364190226003,-30.621806470955814,-24.210367663819884,45
2024,persistence,ridge,12,100,-12.710155553811475,-13.82574610946771,-11.637817686098458,45
2024,persistence,ridge,12,70,-27.027868571474166,-29.002630159095773,-25.05444513561516,45
2024,persistence,ridge,12,50,-33.636986337262556,-35.42943635838975,-31.55892470279687,45
2024,persistence,ridge,12,30,-40.833732020702286,-42.70585191394284,-39.012799041054045,45
2024,persistence,ridge,12,20,-31.48011631205181,-35.01310159057056,-28.194266452811657,45
2024,persistence,ridge,24,100,-12.68110727663776,-13.865832332296787,-11.484040273100964,45
2024,persistence,ridge,24,70,-20.10616375299572,-21.245156203163205,-18.964852654800087,45
2024,persistence,ridge,24,50,-21.001970129844395,-22.383409576952104,-19.697822522913555,45
2024,persistence,ridge,24,30,-23.266638332178612,-25.06634983900971,-21.680558002083686,45
2024,persistence,ridge,24,20,-16.590733114242973,-19.07118158298226,-14.454952120947448,45
2024,persistence,ridge,48,100,-16.188164536002358,-17.779595904785545,-14.4639197997567,45
2024,persistence,ridge,48,70,-22.28694242549587,-23.88130808621757,-20.752447068105045,45
2024,persistence,ridge,48,50,-22.13876683591154,-23.567519817894926,-20.748088906330832,45
2024,persistence,ridge,48,30,-20.75729696762656,-22.369586328086427,-19.300463752155103,45
2024,persistence,ridge,48,20,-15.488535289111095,-17.86129575042093,-13.486993402652697,45
2024,persistence,ridge,72,100,-17.7730107838606,-19.629781077543367,-15.783475908767539,45
2024,persistence,ridge,72,70,-21.72316811353181,-23.255491110690123,-20.14267518231127,45
2024,persistence,ridge,72,50,-20.418425871703437,-22.236974228566996,-18.460032570184016,45
2024,persistence,ridge,72,30,-18.709186619277073,-20.255127612249566,-17.390612558968442,45
2024,persistence,ridge,72,20,-14.938726656836954,-16.763961008446433,-13.373501659800906,45
2024,tide_persistence,ridge,6,100,-7.829836024321657,-8.597066408545654,-7.033255506438656,45
2024,tide_persistence,ridge,6,70,-18.432385567004683,-19.8433847791959,-16.947597891300205,45
2024,tide_persistence,ridge,6,50,-23.558256284453893,-25.000199154607238,-21.886653107463346,45
2024,tide_persistence,ridge,6,30,-26.674744663692195,-28.014151660621977,-25.28184349556864,45
2024,tide_persistence,ridge,6,20,-19.134719468457906,-21.70675324735619,-16.607660023292382,45
2024,tide_persistence,ridge,12,100,-11.75558250451527,-12.694049067738774,-10.823340635193576,45
2024,tide_persistence,ridge,12,70,-24.4065006365068,-25.98254163008792,-22.814209851425282,45
2024,tide_persistence,ridge,12,50,-29.994160106566614,-31.461324631287546,-28.313178044766723,45
2024,tide_persistence,ridge,12,30,-32.14656511971332,-33.671342583238705,-30.553107689675148,45
2024,tide_persistence,ridge,12,20,-24.119765240500612,-26.74066014237474,-21.57338695909587,45
2024,tide_persistence,ridge,24,100,-12.68110727663776,-13.865832332296787,-11.484040273100964,45
2024,tide_persistence,ridge,24,70,-20.10616375299572,-21.245156203163205,-18.964852654800087,45
2024,tide_persistence,ridge,24,50,-21.001970129844395,-22.383409576952104,-19.697822522913555,45
2024,tide_persistence,ridge,24,30,-23.266638332178612,-25.06634983900971,-21.680558002083686,45
2024,tide_persistence,ridge,24,20,-16.590733114242973,-19.07118158298226,-14.454952120947448,45
2024,tide_persistence,ridge,48,100,-16.188164536002358,-17.779595904785545,-14.4639197997567,45
2024,tide_persistence,ridge,48,70,-22.28694242549587,-23.88130808621757,-20.752447068105045,45
2024,tide_persistence,ridge,48,50,-22.13876683591154,-23.567519817894926,-20.748088906330832,45
2024,tide_persistence,ridge,48,30,-20.75729696762656,-22.369586328086427,-19.300463752155103,45
2024,tide_persistence,ridge,48,20,-15.488535289111095,-17.86129575042093,-13.486993402652697,45
2024,tide_persistence,ridge,72,100,-17.7730107838606,-19.629781077543367,-15.783475908767539,45
2024,tide_persistence,ridge,72,70,-21.72316811353181,-23.255491110690123,-20.14267518231127,45
2024,tide_persistence,ridge,72,50,-20.418425871703437,-22.236974228566996,-18.460032570184016,45
2024,tide_persistence,ridge,72,30,-18.709186619277073,-20.255127612249566,-17.390612558968442,45
2024,tide_persistence,ridge,72,20,-14.938726656836954,-16.763961008446433,-13.373501659800906,45
2024,climatology,ridge,6,100,-128.49990143927576,-136.8764182413547,-119.71208674485241,45
2024,climatology,ridge,6,70,-111.1129144767486,-119.99338217194715,-102.63158586631269,45
2024,climatology,ridge,6,50,-148.50125992611015,-163.0862763811469,-131.98237593422746,45
2024,climatology,ridge,6,30,-188.1050896753432,-211.5728161547441,-162.9285425696282,45
2024,climatology,ridge,6,20,-164.53103111831044,-185.28060920919833,-142.71192844003028,45
2024,climatology,ridge,12,100,-75.03281419169798,-80.96090095088557,-69.34599571523921,45
2024,climatology,ridge,12,70,-71.40584292444868,-78.99582790449548,-64.42145620636117,45
2024,climatology,ridge,12,50,-108.29381495842911,-120.94061858646504,-94.33868988935546,45
2024,climatology,ridge,12,30,-139.80752872987927,-159.8276548631311,-118.01463466784996,45
2024,climatology,ridge,12,20,-119.10602605702879,-135.70445917703617,-101.29352739947876,45
2024,climatology,ridge,24,100,-42.066277080942726,-46.45982429430236,-38.055602592096555,45
2024,climatology,ridge,24,70,-50.177936005827384,-57.27733091510908,-43.793286813867205,45
2024,climatology,ridge,24,50,-86.86944890535588,-98.11961116928867,-74.78723658541968,45
2024,climatology,ridge,24,30,-113.38622231165027,-130.74520787261415,-94.3199391329325,45
2024,climatology,ridge,24,20,-90.88104282143988,-103.63913007119197,-77.177209881407,45
2024,climatology,ridge,48,100,-15.305553122635708,-19.086579859174517,-11.880637575471841,45
2024,climatology,ridge,48,70,-26.274988919561636,-32.50772390423759,-20.62331325672847,45
2024,climatology,ridge,48,50,-59.20897026481904,-67.44159616453251,-50.58386999671867,45
2024,climatology,ridge,48,30,-78.70353127048608,-90.05864431174899,-65.94607613364177,45
2024,climatology,ridge,48,20,-58.5896643187374,-65.98660757286066,-50.66868314195657,45
2024,climatology,ridge,72,100,-6.141442356736326,-9.910238504158649,-2.787689102598818,45
2024,climatology,ridge,72,70,-16.905904345145515,-22.85532564643753,-11.575859716525368,45
2024,climatology,ridge,72,50,-48.26143557259173,-55.87155494026113,-40.461390537371045,45
2024,climatology,ridge,72,30,-62.503492726673436,-71.52063489456225,-52.02600117256302,45
2024,climatology,ridge,72,20,-43.10787483564133,-48.97867635203467,-36.80148481148454,45
2024,moving_average,ridge,6,100,-30.2483577518988,-32.88505468757006,-27.59732472393983,45
2024,moving_average,ridge,6,70,-27.48017666175948,-29.0701276974174,-25.742138230168234,45
2024,moving_average,ridge,6,50,-25.083305183175607,-26.24813734040249,-23.99155156768599,45
2024,moving_average,ridge,6,30,-30.753445864522043,-32.3930793240892,-29.03003232862803,45
2024,moving_average,ridge,6,20,-25.066482997482574,-26.97765244747558,-23.35237598350907,45
2024,moving_average,ridge,12,100,-18.81411863727611,-20.741050113472625,-16.75587149534635,45
2024,moving_average,ridge,12,70,-18.667415780416707,-19.898466897181052,-17.29447765534711,45
2024,moving_average,ridge,12,50,-17.67384983997291,-18.667777524401057,-16.666278818755284,45
2024,moving_average,ridge,12,30,-22.125205616236833,-23.426375428459085,-20.838889372172694,45
2024,moving_average,ridge,12,20,-17.442788303656375,-18.723751759793736,-16.259744276181447,45
2024,moving_average,ridge,24,100,-17.62630985098785,-19.098353816977678,-15.95901827960486,45
2024,moving_average,ridge,24,70,-20.776067019949718,-22.16723668912778,-19.42060840153233,45
2024,moving_average,ridge,24,50,-19.719959570540357,-21.01416487880393,-18.422323796324847,45
2024,moving_average,ridge,24,30,-23.03534287870739,-24.53993112105071,-21.529028702176635,45
2024,moving_average,ridge,24,20,-17.74285677974603,-19.105758987412287,-16.25483229728369,45
2024,moving_average,ridge,48,100,-15.174630249465215,-16.88606139575079,-13.361541038203425,45
2024,moving_average,ridge,48,70,-17.773177910278992,-19.191110601721924,-16.262604259925737,45
2024,moving_average,ridge,48,50,-15.521888229513303,-16.950266932730848,-14.195413758528705,45
2024,moving_average,ridge,48,30,-16.29262759565173,-17.56394186814977,-15.012207099610686,45
2024,moving_average,ridge,48,20,-12.879689784624194,-14.170321341075976,-11.382454576993545,45
2024,moving_average,ridge,72,100,-14.93594013351669,-16.81994798677534,-12.974089077571534,45
2024,moving_average,ridge,72,70,-16.057843796189974,-17.507188218291958,-14.461722089131534,45
2024,moving_average,ridge,72,50,-13.65394533660076,-15.42737595904437,-11.825170518688122,45
2024,moving_average,ridge,72,30,-14.39958690114478,-15.674374587004028,-13.082173229712849,45
2024,moving_average,ridge,72,20,-12.416587656260614,-13.8901010406374,-10.807156365117269,45
2024,linear,ridge,6,100,2.0933704225623018e-05,-1.6893433185671822e-06,4.403669082664319e-05,45
2024,linear,ridge,6,70,5.7557781152350884e-05,1.2783432914720285e-05,9.785739948198202e-05,45
2024,linear,ridge,6,50,-0.00010683319460191854,-0.00016983226979960797,-3.8257016171661114e-05,45
2024,linear,ridge,6,30,2.7584591522078483e-05,-3.498774905741353e-05,9.384665071471288e-05,45
2024,linear,ridge,6,20,-0.00010628304802917654,-0.00020133268131383716,-1.582911978492697e-05,45
2024,linear,ridge,12,100,-2.9958781011529823e-06,-3.1476050373346887e-05,2.3274075444112967e-05,45
2024,linear,ridge,12,70,8.815035617004696e-05,2.9358910567101052e-05,0.00014727298666944444,45
2024,linear,ridge,12,50,-0.00015430360200685556,-0.00023947791475353863,-7.177722904094797e-05,45
2024,linear,ridge,12,30,1.2998956666621098e-05,-4.442903121071318e-05,7.156510509642722e-05,45
2024,linear,ridge,12,20,-7.602568616871253e-05,-0.00012768709739652273,-2.377752198468032e-05,45
2024,linear,ridge,24,100,-9.710748272162562e-06,-3.481989820586229e-05,1.5092540763539383e-05,45
2024,linear,ridge,24,70,2.3862479447966933e-05,-2.2366457890776736e-05,7.031157534448383e-05,45
2024,linear,ridge,24,50,-5.990916736031693e-05,-0.00011326259259092364,-1.1246154515420775e-05,45
2024,linear,ridge,24,30,1.7459683987475216e-05,-1.7530030041457142e-05,5.587888677022201e-05,45
2024,linear,ridge,24,20,-3.7930230534222176e-05,-8.189022372928623e-05,8.109278571144513e-06,45
2024,linear,ridge,48,100,-2.5428817274075755e-06,-3.37052494669976e-05,3.195811119738323e-05,45
2024,linear,ridge,48,70,3.856800877555244e-05,-1.735170459371549e-05,0.00010164209837709715,45
2024,linear,ridge,48,50,-3.7186534562749785e-05,-9.4872027485704e-05,2.0328322959395344e-05,45
2024,linear,ridge,48,30,1.4713835505553163e-05,-1.530517426073796e-05,4.7350701140314026e-05,45
2024,linear,ridge,48,20,-1.7549472719480264e-05,-5.418606699281182e-05,2.3716122569128466e-05,45
2024,linear,ridge,72,100,-4.611719583991203e-06,-4.416844816834686e-05,3.8788099212538896e-05,45
2024,linear,ridge,72,70,5.24209213481619e-05,-1.012880302964091e-06,0.00010909691465360583,45
2024,linear,ridge,72,50,-2.8676694752149956e-05,-7.559560559589062e-05,1.5856193202878892e-05,45
2024,linear,ridge,72,30,1.797892669186396e-05,-1.1497956446393507e-05,4.8920703602517435e-05,45
2024,linear,ridge,72,20,-1.7551402553550588e-07,-3.319746559315995e-05,3.7586356572971706e-05,45
2024,gradient_boosting,ridge,6,100,3.3044248144560417,2.9749922126424146,3.6631185382073856,45
2024,gradient_boosting,ridge,6,70,5.414112704996443,4.94048628629058,5.870031877183072,45
2024,gradient_boosting,ridge,6,50,6.898301759254178,6.413101146169417,7.374420424128285,45
2024,gradient_boosting,ridge,6,30,7.2587449581243195,6.695620674973518,7.780591390850125,45
2024,gradient_boosting,ridge,6,20,8.275431256304678,7.788570163447392,8.80223598170735,45
2024,gradient_boosting,ridge,12,100,3.2384161537302725,2.8604260419142364,3.639387571453238,45
2024,gradient_boosting,ridge,12,70,4.759103793774422,4.244407879277865,5.305565160806578,45
2024,gradient_boosting,ridge,12,50,5.639528434967145,5.094584029378865,6.1175810182975425,45
2024,gradient_boosting,ridge,12,30,5.947704535984155,5.358898369480042,6.523382257438668,45
2024,gradient_boosting,ridge,12,20,8.529617725768013,7.9828304000567964,9.112721372570844,45
2024,gradient_boosting,ridge,24,100,3.282925811283788,2.865678204381345,3.7258911322960504,45
2024,gradient_boosting,ridge,24,70,3.0276373394209632,2.4329728770051484,3.6866361111892925,45
2024,gradient_boosting,ridge,24,50,3.7550750537486466,3.167127025666222,4.380078567768062,45
2024,gradient_boosting,ridge,24,30,4.813756731559149,4.1752211614578965,5.479307799789241,45
2024,gradient_boosting,ridge,24,20,7.566661127430063,6.811703011537497,8.259085284406801,45
2024,gradient_boosting,ridge,48,100,4.507323100436533,3.6549333784098352,5.340551821434072,45
2024,gradient_boosting,ridge,48,70,2.867886901080219,1.8980585713867064,3.8113752216907457,45
2024,gradient_boosting,ridge,48,50,2.342779594851352,1.3417180467706518,3.344219708523255,45
2024,gradient_boosting,ridge,48,30,4.225469757560363,3.378481292080035,5.082413973034051,45
2024,gradient_boosting,ridge,48,20,5.866477539759107,4.740557325092245,6.903595599488292,45
2024,gradient_boosting,ridge,72,100,5.337757861536819,4.3354009258002435,6.421416156224698,45
2024,gradient_boosting,ridge,72,70,3.114694025068021,1.7467380813858913,4.3276777835078475,45
2024,gradient_boosting,ridge,72,50,2.1867486030219374,0.9344822372141237,3.507755932380919,45
2024,gradient_boosting,ridge,72,30,4.622845438880652,3.450643038552274,5.727811835985143,45
2024,gradient_boosting,ridge,72,20,5.657326259230155,4.0883049094473645,7.033999890702486,45
2024,lstm,ridge,6,100,3.6463572990555693,3.293405672740134,4.0517367289379,45
2024,lstm,ridge,6,70,6.614808326746447,6.055292446605462,7.200665939821388,45
2024,lstm,ridge,6,50,8.142025980832535,7.586045082381097,8.740300297049618,45
2024,lstm,ridge,6,30,9.51222758380571,8.951681567380373,10.06711404092735,45
2024,lstm,ridge,6,20,9.214543702990651,8.411796439430917,10.011348691985368,45
2024,lstm,ridge,12,100,3.608076331596599,3.143609399323763,4.109237307155551,45
2024,lstm,ridge,12,70,6.169683450650066,5.634458082790723,6.774158411491356,45
2024,lstm,ridge,12,50,7.192568484452133,6.620551767696865,7.75652727063675,45
2024,lstm,ridge,12,30,8.762505856019509,8.151227606513133,9.39630128572102,45
2024,lstm,ridge,12,20,9.605342046811804,8.593769190229168,10.62904490889963,45
2024,lstm,ridge,24,100,4.1078475839579465,3.5700262743054045,4.6078483723296895,45
2024,lstm,ridge,24,70,3.7688094875065747,2.8526277423407187,4.688230117961826,45
2024,lstm,ridge,24,50,5.081256268402424,4.45189533019389,5.702883672163033,45
2024,lstm,ridge,24,30,6.986668615018054,6.313895439263353,7.687734131296637,45
2024,lstm,ridge,24,20,8.825220459009554,7.56631484436352,10.10214254838634,45
2024,lstm,ridge,48,100,5.475836566031244,4.556639471239389,6.282733490161307,45
2024,lstm,ridge,48,70,3.9972188239448814,2.731867318797696,5.155848688031731,45
2024,lstm,ridge,48,50,5.050669567088817,3.9596656007940103,6.0901438940995964,45
2024,lstm,ridge,48,30,6.84138683384008,6.07156151459908,7.5770207952537225,45
2024,lstm,ridge,48,20,8.423911837492494,6.489361102855776,10.125109932756619,45
2024,lstm,ridge,72,100,5.737514318644832,4.523471216025136,6.867465125506921,45
2024,lstm,ridge,72,70,4.008632908154586,2.504737313291173,5.284757628566998,45
2024,lstm,ridge,72,50,4.625439314091063,3.324199424630145,5.876166467770394,45
2024,lstm,ridge,72,30,6.74883343342787,5.665067927941923,7.713392601760272,45
2024,lstm,ridge,72,20,8.373728338652898,6.103928480988536,10.361978473792925,45
2024,tcn,ridge,6,100,3.4149866724830336,3.0698257065123324,3.7905836016574086,45
2024,tcn,ridge,6,70,6.290027444073498,5.744566485648415,6.878906101103231,45
2024,tcn,ridge,6,50,7.700775076247302,7.145606929376466,8.300315292449307,45
2024,tcn,ridge,6,30,8.548317672352756,7.98668196786613,9.058156872466716,45
2024,tcn,ridge,6,20,9.17701739117115,8.562137690909212,9.838313802263578,45
2024,tcn,ridge,12,100,3.3982271398166453,2.9930806184665224,3.8458778323369183,45
2024,tcn,ridge,12,70,5.515833516801583,4.941260667891891,6.13047221373851,45
2024,tcn,ridge,12,50,6.458084315354884,5.94625426909993,6.965934714905378,45
2024,tcn,ridge,12,30,7.649022109715531,7.016184974654152,8.290136845504982,45
2024,tcn,ridge,12,20,9.579351195231755,8.746450905276406,10.429366483973402,45
2024,tcn,ridge,24,100,3.680754089756011,3.179055343863938,4.180121942086259,45
2024,tcn,ridge,24,70,3.7368949583103217,3.084434627106884,4.4027498053131,45
2024,tcn,ridge,24,50,4.975857266082883,4.560551092848207,5.421522016429529,45
2024,tcn,ridge,24,30,6.2418135363773715,5.634427843318089,6.9092049479048026,45
2024,tcn,ridge,24,20,8.507696328275372,7.587015380084234,9.427250069859893,45
2024,tcn,ridge,48,100,4.4766668112567025,3.6512117197050524,5.24896463742676,45
2024,tcn,ridge,48,70,4.05794859045373,3.2006452663447074,4.84499037725354,45
2024,tcn,ridge,48,50,4.444027533164241,3.882221002646158,5.051275482952102,45
2024,tcn,ridge,48,30,6.054186766006408,5.30505587942584,6.772838341229064,45
2024,tcn,ridge,48,20,7.350698533169631,5.828911139596374,8.739964603944966,45
2024,tcn,ridge,72,100,4.610374211691514,3.501362501211415,5.706149348103922,45
2024,tcn,ridge,72,70,4.038106169536093,2.979108801909212,5.051194291636385,45
2024,tcn,ridge,72,50,4.052821473644519,3.362847958954533,4.879435119629983,45
2024,tcn,ridge,72,30,6.32042709015892,5.1609016272863695,7.369436179299034,45
2024,tcn,ridge,72,20,7.0734894446772945,5.076078895418412,8.864725156199375,45
2025,tide_persistence,persistence,6,100,2.332029027468252,2.1421365810593813,2.5150390272254146,45
2025,tide_persistence,persistence,6,70,3.3641366759120994,2.924510348807853,3.7737363830060753,45
2025,tide_persistence,persistence,6,50,4.078421142356536,3.756618781164271,4.4000419215604385,45
2025,tide_persistence,persistence,6,30,7.517402784920524,6.7223516426124466,8.251371823761131,45
2025,tide_persistence,persistence,6,20,7.112063132689183,6.285512450824586,7.912360961306633,45
2025,tide_persistence,persistence,12,100,1.0349031555892396,0.7844340394917989,1.3123737551680323,45
2025,tide_persistence,persistence,12,70,2.303529215015798,1.699749532241048,2.914874047552083,45
2025,tide_persistence,persistence,12,50,2.5421032640272623,2.1050222548207334,2.9926673531296557,45
2025,tide_persistence,persistence,12,30,7.027060891678105,5.933130203900333,8.129980113679332,45
2025,tide_persistence,persistence,12,20,6.600206384660801,5.543410935555799,7.598303867850095,45
2025,tide_persistence,persistence,24,100,0.0,0.0,0.0,45
2025,tide_persistence,persistence,24,70,0.0,0.0,0.0,45
2025,tide_persistence,persistence,24,50,0.0,0.0,0.0,45
2025,tide_persistence,persistence,24,30,0.0,0.0,0.0,45
2025,tide_persistence,persistence,24,20,0.0,0.0,0.0,45
2025,tide_persistence,persistence,48,100,0.0,0.0,0.0,45
2025,tide_persistence,persistence,48,70,0.0,0.0,0.0,45
2025,tide_persistence,persistence,48,50,0.0,0.0,0.0,45
2025,tide_persistence,persistence,48,30,0.0,0.0,0.0,45
2025,tide_persistence,persistence,48,20,0.0,0.0,0.0,45
2025,tide_persistence,persistence,72,100,0.0,0.0,0.0,45
2025,tide_persistence,persistence,72,70,0.0,0.0,0.0,45
2025,tide_persistence,persistence,72,50,0.0,0.0,0.0,45
2025,tide_persistence,persistence,72,30,0.0,0.0,0.0,45
2025,tide_persistence,persistence,72,20,0.0,0.0,0.0,45
2025,climatology,persistence,6,100,-106.30626895607512,-116.40757943944153,-97.06623648955805,45
2025,climatology,persistence,6,70,-62.389440789321114,-70.53932244335543,-55.042402819425654,45
2025,climatology,persistence,6,50,-92.75168298251167,-108.09819176065906,-77.31837663507746,45
2025,climatology,persistence,6,30,-177.8069683071699,-199.52813257575514,-153.79905761974445,45
2025,climatology,persistence,6,20,-169.12016159568944,-186.45399313577136,-152.58242991874312,45
2025,climatology,persistence,12,100,-53.76343272583113,-60.29906351939132,-47.40157398730512,45
2025,climatology,persistence,12,70,-26.598466121539953,-32.39211434926042,-21.20525642952511,45
2025,climatology,persistence,12,50,-58.37303634334818,-70.73135473139604,-46.06953615236317,45
2025,climatology,persistence,12,30,-131.74014291467216,-149.32659527817208,-112.78383965981551,45
2025,climatology,persistence,12,20,-124.07106796121647,-137.8322402014995,-110.58401693667179,45
2025,climatology,persistence,24,100,-25.90074653705532,-30.773851867474523,-21.38329377777166,45
2025,climatology,persistence,24,70,-21.1483322972424,-26.22507874268828,-16.478081244227162,45
2025,climatology,persistence,24,50,-63.69508483431978,-75.86676303191769,-51.54596352366158,45
2025,climatology,persistence,24,30,-154.9846464560118,-175.15457466159927,-134.13958491307244,45
2025,climatology,persistence,24,20,-140.3749267676178,-158.3497501000456,-123.51650645766503,45
2025,climatology,persistence,48,100,0.9066234005762563,-2.5767261283062965,4.154274390563247,45
2025,climatology,persistence,48,70,-1.9525836293377008,-6.441077889931238,1.9657516000196884,45
2025,climatology,persistence,48,50,-38.54856479876254,-46.92296065382353,-29.447363671824345,45
2025,climatology,persistence,48,30,-110.28144309428151,-129.88242805179326,-91.83746203232316,45
2025,climatology,persistence,48,20,-92.39853175747629,-112.24896085083901,-74.91865854294305,45
2025,climatology,persistence,72,100,10.010839194967469,6.785120769978939,13.16429606151468,45
2025,climatology,persistence,72,70,4.619723876509219,0.7562303418372307,8.179051316773725,45
2025,climatology,persistence,72,50,-30.702072901635958,-38.67890890985585,-22.842797696038204,45
2025,climatology,persistence,72,30,-90.5184242996433,-109.82367787152634,-72.72146369741975,45
2025,climatology,persistence,72,20,-69.04145532645607,-89.79004784908523,-51.458306669037,45
2025,moving_average,persistence,6,100,-17.918221197651274,-20.491723413574785,-15.212708432908995,45
2025,moving_average,persistence,6,70,-2.4030109101327968,-4.756706237344675,0.1668081371556329,45
2025,moving_average,persistence,6,50,6.802526191077163,4.945719593202765,8.60203777949164,45
2025,moving_average,persistence,6,30,11.014063248037864,8.687200791481494,13.002402363996582,45
2025,moving_average,persistence,6,20,9.800955052672133,7.724191044873978,11.82886557507178,45
2025,moving_average,persistence,12,100,-4.596126026753278,-6.655214198772967,-2.3729294245711525,45
2025,moving_average,persistence,12,70,9.117191007011039,7.069667754511245,11.404442914414824,45
2025,moving_average,persistence,12,50,15.176904523066936,13.542489644075447,16.765619908296944,45
2025,moving_average,persistence,12,30,18.55146553914191,16.192389551270097,20.780341650634877,45
2025,moving_average,persistence,12,20,16.676734120873803,14.626856598558621,18.707078387402166,45
2025,moving_average,persistence,24,100,-4.345266263047698,-5.21645046592447,-3.450335235944863,45
2025,moving_average,persistence,24,70,0.5375562091301633,-0.280587309946263,1.420701512487631,45
2025,moving_average,persistence,24,50,1.9634787017428157,0.6227833770794922,3.4342226578440584,45
2025,moving_average,persistence,24,30,-0.9531739157507158,-2.756329815121075,1.192630469174194,45
2025,moving_average,persistence,24,20,-2.8739124998319765,-5.019209063646681,-0.38317144704367545,45
2025,moving_average,persistence,48,100,0.8989660940639133,0.2807305080117467,1.5133905955445461,45
2025,moving_average,persistence,48,70,4.078749649400382,3.4195676936226262,4.793992688317566,45
2025,moving_average,persistence,48,50,5.775962623001895,4.652004873156352,6.984162429078328,45
2025,moving_average,persistence,48,30,2.206914527444348,0.9156730406046185,3.7400393491081165,45
2025,moving_average,persistence,48,20,0.20108196893744434,-1.2997994641157955,2.0820457273632336,45
2025,moving_average,persistence,72,100,2.2216237316625254,1.6716906383552697,2.775056057045718,45
2025,moving_average,persistence,72,70,4.935207829304977,4.381867483009396,5.518997629899623,45
2025,moving_average,persistence,72,50,5.874102553261917,4.775759062472776,7.089692500389176,45
2025,moving_average,persistence,72,30,2.729953939046581,1.3869676672793665,4.330663072693975,45
2025,moving_average,persistence,72,20,1.2647172182784105,-0.22445296491355013,3.1468390457801476,45
2025,linear,persistence,6,100,10.123315430294056,9.366959515071278,10.878678945742767,45
2025,linear,persistence,6,70,21.366633217814368,19.940991000085646,22.74216736554231,45
2025,linear,persistence,6,50,24.859110892718984,23.738045168525577,25.973461758767964,45
2025,linear,persistence,6,30,28.259125480861346,26.831374116846757,29.482381567195638,45
2025,linear,persistence,6,20,23.859347701580937,21.974420168296334,25.37373721907987,45
2025,linear,persistence,12,100,12.08643104531112,11.253597129526138,12.926968320779666,45
2025,linear,persistence,12,70,23.883096635528744,22.473127046416554,25.26258323450049,45
2025,linear,persistence,12,50,26.941280246571907,25.785016859472226,27.979019449826147,45
2025,linear,persistence,12,30,31.0318168352529,29.219839885329613,32.625167820938366,45
2025,linear,persistence,12,20,27.21421092126326,24.98346857419109,28.991078809351066,45
2025,linear,persistence,24,100,11.713431869433377,10.86669792461751,12.471483466689339,45
2025,linear,persistence,24,70,16.903254587702364,16.06358771842819,17.657600335484716,45
2025,linear,persistence,24,50,16.8145669494261,15.400804989926328,18.21251035176629,45
2025,linear,persistence,24,30,16.694160636880028,15.636730124293607,17.77099894358878,45
2025,linear,persistence,24,20,12.439601799727463,10.521377319258967,14.146333016476682,45
2025,linear,persistence,48,100,14.265866280090101,13.33834766296702,15.234782252489481,45
2025,linear,persistence,48,70,16.96089719943127,15.8552887378481,17.946683483799507,45
2025,linear,persistence,48,50,17.279414371924272,15.80534354145025,18.68995962806644,45
2025,linear,persistence,48,30,14.867249380063708,13.128766138857525,16.448197535968635,45
2025,linear,persistence,48,20,11.451256772016505,9.449589913706914,13.14155792805167,45
2025,linear,persistence,72,100,15.133772354022323,13.928450702826305,16.26890534749053,45
2025,linear,persistence,72,70,16.067233893947165,14.892765285011796,17.107984658859056,45
2025,linear,persistence,72,50,15.309399784098233,13.945878796502676,16.652416277669012,45
2025,linear,persistence,72,30,12.819985027832958,11.053572355888235,14.473726012325097,45
2025,linear,persistence,72,20,11.246584550204808,9.144498502584538,13.003766714281472,45
2025,ridge,persistence,6,100,10.120223567440556,9.366708028630455,10.871894769039086,45
2025,ridge,persistence,6,70,21.357669624199282,19.938282703895315,22.727444967423146,45
2025,ridge,persistence,6,50,24.846280398709798,23.73213829978668,25.955288642456043,45
2025,ridge,persistence,6,30,28.250231066309304,26.830396074390954,29.471319221895786,45
2025,ridge,persistence,6,20,23.860007785803216,21.98162725634689,25.364032334578447,45
2025,ridge,persistence,12,100,12.080806522881215,11.251819814936987,12.914550317288068,45
2025,ridge,persistence,12,70,23.87355259295809,22.46926502263426,25.244626741797806,45
2025,ridge,persistence,12,50,26.931507803064715,25.7761824004811,27.96542949936289,45
2025,ridge,persistence,12,30,31.025104805402194,29.217198177976055,32.61320704419784,45
2025,ridge,persistence,12,20,27.215259916293522,24.98701321154629,28.98853541327548,45
2025,ridge,persistence,24,100,11.711950493195932,10.867856586392762,12.4676541993874,45
2025,ridge,persistence,24,70,16.90011602366702,16.060414247349808,17.65211679038291,45
2025,ridge,persistence,24,50,16.811209113260396,15.39770583191659,18.20830648656321,45
2025,ridge,persistence,24,30,16.69542322851525,15.639530534303233,17.770334709608303,45
2025,ridge,persistence,24,20,12.444379099182024,10.525536964816752,14.148518268732472,45
2025,ridge,persistence,48,100,14.26519945109831,13.338936411513586,15.229967633349005,45
2025,ridge,persistence,48,70,16.960581793218456,15.855679370441027,17.946279909661136,45
2025,ridge,persistence,48,50,17.27673351705573,15.800976810435438,18.686581897249166,45
2025,ridge,persistence,48,30,14.867608885334093,13.129798675602725,16.44769531783025,45
2025,ridge,persistence,48,20,11.455283758253032,9.456005062125017,13.143247136237827,45
2025,ridge,persistence,72,100,15.133463154816296,13.930629373180233,16.2683707811727,45
2025,ridge,persistence,72,70,16.067790250881842,14.896416226865739,17.1063123040898,45
2025,ridge,persistence,72,50,15.308063947253059,13.944777580603029,16.65170451599563,45
2025,ridge,persistence,72,30,12.818559788589202,11.052985166494938,14.469099521425091,45
2025,ridge,persistence,72,20,11.248485959591136,9.14653126016706,13.000205135622798,45
2025,gradient_boosting,persistence,6,100,13.105255262922777,12.28461560095363,13.9519352296301,45
2025,gradient_boosting,persistence,6,70,25.559706860812803,24.00818535046269,27.09026451919489,45
2025,gradient_boosting,persistence,6,50,30.233296371238318,29.01130293137427,31.37300425339724,45
2025,gradient_boosting,persistence,6,30,33.411641120071856,31.93492454210014,34.72588762419472,45
2025,gradient_boosting,persistence,6,20,30.039992045436847,28.532421159326184,31.39348445492788,45
2025,gradient_boosting,persistence,12,100,14.944399871828196,14.051185607263006,15.827740937913456,45
2025,gradient_boosting,persistence,12,70,27.74147027609317,26.14281639147613,29.312581827638624,45
2025,gradient_boosting,persistence,12,50,31.28443204481892,30.08635439244359,32.40081873072645,45
2025,gradient_boosting,persistence,12,30,34.68950773379276,32.783825450928546,36.408983234306746,45
2025,gradient_boosting,persistence,12,20,32.73075239785378,30.842395356711915,34.3673353020328,45
2025,gradient_boosting,persistence,24,100,14.650314679886534,13.957411684526702,15.412154038789058,45
2025,gradient_boosting,persistence,24,70,20.036373545898655,19.100407931885055,20.96615641989667,45
2025,gradient_boosting,persistence,24,50,19.635898280764508,17.985911883267818,21.36637389723955,45
2025,gradient_boosting,persistence,24,30,18.9225662047093,17.594362920362062,20.13312555021244,45
2025,gradient_boosting,persistence,24,20,17.25392108127086,15.682041391304052,18.701869243173288,45
2025,gradient_boosting,persistence,48,100,17.818513836300877,16.775181968465567,18.97472440589258,45
2025,gradient_boosting,persistence,48,70,20.052199452151942,18.73313221856394,21.412037441388904,45
2025,gradient_boosting,persistence,48,50,18.07812926629151,16.31442289249391,19.88745803805532,45
2025,gradient_boosting,persistence,48,30,16.112794943626152,13.8980806984648,18.13082950722114,45
2025,gradient_boosting,persistence,48,20,14.878927981641421,12.340252218350761,17.029773119443632,45
2025,gradient_boosting,persistence,72,100,19.28369846569794,17.784707403370444,20.80994062074344,45
2025,gradient_boosting,persistence,72,70,19.78335106868958,18.48291416475181,21.10688209006691,45
2025,gradient_boosting,persistence,72,50,16.06798824310213,14.38140682399506,17.804845182428142,45
2025,gradient_boosting,persistence,72,30,14.653164253422757,11.950738825049068,16.884293964439014,45
2025,gradient_boosting,persistence,72,20,14.478332548501715,10.872791124515448,17.41677614884486,45
2025,lstm,persistence,6,100,13.532045164635365,12.651365192889038,14.4189995447946,45
2025,lstm,persistence,6,70,26.555644925205645,24.962791983411698,28.055341869146268,45
2025,lstm,persistence,6,50,32.08612018117648,30.725352093663716,33.32257233991523,45
2025,lstm,persistence,6,30,34.16744098478296,32.67962588802034,35.44655790964392,45
2025,lstm,persistence,6,20,30.8163497964387,29.078287539796293,32.21289706326761,45
2025,lstm,persistence,12,100,15.687269954988082,14.73271262519194,16.61729194529429,45
2025,lstm,persistence,12,70,28.5878383840674,27.00893449164162,30.143116692493383,45
2025,lstm,persistence,12,50,32.95581336852087,31.69062202404212,34.1467625212579,45
2025,lstm,persistence,12,30,34.88039956847505,33.23340092847089,36.4071022940794,45
2025,lstm,persistence,12,20,33.066246278256,30.870768586131447,34.750389031989705,45
2025,lstm,persistence,24,100,15.052613169038388,14.171235377817654,15.971644166484461,45
2025,lstm,persistence,24,70,20.360303606625774,19.47432659278445,21.189961283532472,45
2025,lstm,persistence,24,50,19.800135019290433,18.619660441278718,21.027318783969196,45
2025,lstm,persistence,24,30,18.072357236173907,16.311518151764545,19.640380075173017,45
2025,lstm,persistence,24,20,18.055760464432968,15.851290327575867,19.837481064318364,45
2025,lstm,persistence,48,100,18.411112105185456,17.29464495111833,19.531468085196472,45
2025,lstm,persistence,48,70,21.138424229835906,19.917928091558807,22.354894320826105,45
2025,lstm,persistence,48,50,17.78923207250522,16.114422732812635,19.342083704319858,45
2025,lstm,persistence,48,30,16.69431451793565,13.743560428650161,19.06881880856827,45
2025,lstm,persistence,48,20,16.864886982714733,13.438784567433732,19.4487893330279,45
2025,lstm,persistence,72,100,19.426893297113267,17.963945391800827,20.83464891500276,45
2025,lstm,persistence,72,70,21.249511488204842,19.995353707737074,22.61826502221691,45
2025,lstm,persistence,72,50,14.558812552965916,12.477312218779918,16.554994314147923,45
2025,lstm,persistence,72,30,15.794781238385758,12.393371317376614,18.52422637444964,45
2025,lstm,persistence,72,20,16.820672181518947,12.591012683991654,20.12250868995703,45
2025,tcn,persistence,6,100,12.886084141384757,12.089134387067189,13.694880039997193,45
2025,tcn,persistence,6,70,26.39739579095871,24.769507715534882,27.946055387249462,45
2025,tcn,persistence,6,50,31.324225901158933,29.965295200157875,32.59950542002168,45
2025,tcn,persistence,6,30,34.20405369799735,32.66239874201817,35.58648404939362,45
2025,tcn,persistence,6,20,30.163103713198602,28.484047300964438,31.546455695715775,45
2025,tcn,persistence,12,100,15.130126212520967,14.215953416606734,15.9927233596723,45
2025,tcn,persistence,12,70,28.69748688998581,27.127465421976183,30.270257027848345,45
2025,tcn,persistence,12,50,32.55421547700759,31.301838862625818,33.70656730587529,45
2025,tcn,persistence,12,30,35.4806399320741,33.62077076303515,37.0683038714008,45
2025,tcn,persistence,12,20,32.48560128327338,30.23846563796124,34.21739174115254,45
2025,tcn,persistence,24,100,14.916372271038735,14.104771240454768,15.76152057784749,45
2025,tcn,persistence,24,70,20.1277803340839,19.079134919444392,21.097838671509546,45
2025,tcn,persistence,24,50,21.25549158798593,19.661193145536938,22.779490362818812,45
2025,tcn,persistence,24,30,19.638883984314614,18.136203861329488,20.924546805902033,45
2025,tcn,persistence,24,20,18.25598862622514,16.067347761272828,19.921546915452943,45
2025,tcn,persistence,48,100,18.4435813130997,17.49809914838285,19.429173501646908,45
2025,tcn,persistence,48,70,20.278231398480926,18.928365741413103,21.660740334595204,45
2025,tcn,persistence,48,50,19.92734310771417,17.746700200674816,21.709890014629114,45
2025,tcn,persistence,48,30,18.960709067096147,16.735740033346485,20.719853449856586,45
2025,tcn,persistence,48,20,16.545758197163796,13.303493846857863,18.943548378640667,45
2025,tcn,persistence,72,100,19.479274745133857,18.268640493495294,20.73158563922286,45
2025,tcn,persistence,72,70,19.938617344214283,18.572154725553062,21.359466117010186,45
2025,tcn,persistence,72,50,17.191190021520097,15.232984916730786,18.877262950238933,45
2025,tcn,persistence,72,30,17.66361316639746,15.340083149178014,19.637655643385834,45
2025,tcn,persistence,72,20,16.44649999741571,12.9317729658612,19.09939205785651,45
2025,persistence,ridge,6,100,-11.259733801223003,-12.198054439651736,-10.33473222153749,45
2025,persistence,ridge,6,70,-27.157981613895977,-29.41205333585061,-24.903641321403562,45
2025,persistence,ridge,6,50,-33.06061300827916,-35.053534788596444,-31.11682669601509,45
2025,persistence,ridge,6,30,-39.3732711424025,-41.78629021022571,-36.668773163169284,45
2025,persistence,ridge,6,20,-31.337024199687757,-33.98365860394995,-28.17493692665162,45
2025,persistence,ridge,12,100,-13.740806808043882,-14.82974522762022,-12.678366883066925,45
2025,persistence,ridge,12,70,-31.36039235524568,-33.769648523874565,-28.981107485939095,45
2025,persistence,ridge,12,50,-36.85789454978556,-38.82223397066044,-34.72764302789829,45
2025,persistence,ridge,12,30,-44.98028553413751,-48.397031178290774,-41.27725605851724,45
2025,persistence,ridge,12,20,-37.39143656348085,-40.82233219518876,-33.310250080169126,45
2025,persistence,ridge,24,100,-13.265612456749686,-14.243482325068662,-12.19297121333695,45
2025,persistence,ridge,24,70,-20.337111455510826,-21.436029807484534,-19.133301783909612,45
2025,persistence,ridge,24,50,-20.20850277310633,-22.261803985722686,-18.20010438312561,45
2025,persistence,ridge,24,30,-20.041423743515253,-21.61061296660348,-18.538932570652978,45
2025,persistence,ridge,24,20,-14.213112728969035,-16.48022627099799,-11.763733034762842,45
2025,persistence,ridge,48,100,-16.638750378805245,-17.966216611098343,-15.392075715642086,45
2025,persistence,ridge,48,70,-20.424735817613595,-21.871378766315377,-18.843433997769683,45
2025,persistence,ridge,48,50,-20.884974991428585,-22.98093308717708,-18.766223509672102,45
2025,persistence,ridge,48,30,-17.46410348713068,-19.68550763550773,-15.11427219382144,45
2025,persistence,ridge,48,20,-12.937286655227997,-15.132095898251642,-10.443547444958401,45
2025,persistence,ridge,72,100,-17.832073414782144,-19.429182201314347,-16.185350575129025,45
2025,persistence,ridge,72,70,-19.143771263630583,-20.636447478307655,-17.50386478499556,45
2025,persistence,ridge,72,50,-18.074995874127907,-19.978458370837775,-16.204452518483443,45
2025,persistence,ridge,72,30,-14.703312720579987,-16.916809694538824,-12.426482516039881,45
2025,persistence,ridge,72,20,-12.674134161215168,-14.942799818342658,-10.067344222757635,45
2025,tide_persistence,ridge,6,100,-8.665124513094579,-9.485187932969156,-7.849472938090664,45
2025,tide_persistence,ridge,6,70,-22.880213318073327,-24.54863031735193,-21.229764580888315,45
2025,tide_persistence,ridge,6,50,-27.633840835200285,-29.364936863986618,-25.9236540207489,45
2025,tide_persistence,ridge,6,30,-28.896020976108705,-30.806336188093216,-26.864841321915904,45
2025,tide_persistence,ridge,6,20,-21.996252122010684,-24.167192997324268,-19.51771667736518,45
2025,tide_persistence,ridge,12,100,-12.563699609194767,-13.482907572374444,-11.628764142005469,45
2025,tide_persistence,ridge,12,70,-28.334467340383206,-29.908773623324464,-26.658445551815607,45
2025,tide_persistence,ridge,12,50,-33.37882554535649,-35.03073397421317,-31.617330204751106,45
2025,tide_persistence,ridge,12,30,-34.792432588724886,-37.218334195128726,-32.227238994512376,45
2025,tide_persistence,ridge,12,20,-28.323318195440805,-31.060713716514755,-25.277605248323365,45
2025,tide_persistence,ridge,24,100,-13.265612456749686,-14.243482325068662,-12.19297121333695,45
2025,tide_persistence,ridge,24,70,-20.337111455510826,-21.436029807484534,-19.133301783909612,45
2025,tide_persistence,ridge,24,50,-20.20850277310633,-22.261803985722686,-18.20010438312561,45
2025,tide_persistence,ridge,24,30,-20.041423743515253,-21.61061296660348,-18.538932570652978,45
2025,tide_persistence,ridge,24,20,-14.213112728969035,-16.48022627099799,-11.763733034762842,45
2025,tide_persistence,ridge,48,100,-16.638750378805245,-17.966216611098343,-15.392075715642086,45
2025,tide_persistence,ridge,48,70,-20.424735817613595,-21.871378766315377,-18.843433997769683,45
2025,tide_persistence,ridge,48,50,-20.884974991428585,-22.98093308717708,-18.766223509672102,45
2025,tide_persistence,ridge,48,30,-17.46410348713068,-19.68550763550773,-15.11427219382144,45
2025,tide_persistence,ridge,48,20,-12.937286655227997,-15.132095898251642,-10.443547444958401,45
2025,tide_persistence,ridge,72,100,-17.832073414782144,-19.429182201314347,-16.185350575129025,45
2025,tide_persistence,ridge,72,70,-19.143771263630583,-20.636447478307655,-17.50386478499556,45
2025,tide_persistence,ridge,72,50,-18.074995874127907,-19.978458370837775,-16.204452518483443,45
2025,tide_persistence,ridge,72,30,-14.703312720579987,-16.916809694538824,-12.426482516039881,45
2025,tide_persistence,ridge,72,20,-12.674134161215168,-14.942799818342658,-10.067344222757635,45
2025,climatology,ridge,6,100,-129.53580565576434,-139.7305859017719,-120.01186044043375,45
2025,climatology,ridge,6,70,-106.49113526179343,-115.23042542637585,-98.3655992192197,45
2025,climatology,ridge,6,50,-156.4765709603049,-174.97990083057215,-136.75010784423873,45
2025,climatology,ridge,6,30,-287.1886591912401,-316.78131486390674,-254.6047530688582,45
2025,climatology,ridge,6,20,-253.4544117611694,-275.9432125452608,-230.48312974065504,45
2025,climatology,ridge,12,100,-74.8917689581041,-81.97772802452825,-68.42881977649186,45
2025,climatology,ridge,12,70,-66.30024181297767,-72.73086660064136,-60.16459144239423,45
2025,climatology,ridge,12,50,-116.74600307407306,-131.56699922855347,-101.22031710188881,45
2025,climatology,ridge,12,30,-235.97752089491007,-261.1796656561502,-208.66492815734875,45
2025,climatology,ridge,12,20,-207.85445919504878,-227.90787388357273,-187.87180778853212,45
2025,climatology,ridge,24,100,-42.60225165281577,-47.708607784085835,-37.841504580127335,45
2025,climatology,ridge,24,70,-45.78640366302522,-50.96597970075389,-40.95250495103841,45
2025,climatology,ridge,24,50,-96.77541059250203,-108.9045402884793,-84.33862652498875,45
2025,climatology,ridge,24,30,-206.08719993316535,-229.82415818393278,-182.2269009315829,45
2025,climatology,ridge,24,20,-174.53968608127605,-195.9143827698026,-153.74139001949857,45
2025,climatology,ridge,48,100,-15.581276173731284,-19.56557596675771,-11.911658359378542,45
2025,climatology,ridge,48,70,-22.776129494861497,-27.06340740763511,-18.79112322450428,45
2025,climatology,ridge,48,50,-67.48439790796732,-76.6575759933593,-57.21392614829237,45
2025,climatology,ridge,48,30,-147.00521193049863,-168.92977547743652,-125.2450958288228,45
2025,climatology,ridge,48,20,-117.28968133139088,-139.4689011840264,-97.90855259687913,45
2025,climatology,ridge,72,100,-6.036094025132299,-9.599873611856392,-2.6697526604860142,45
2025,climatology,ridge,72,70,-13.639658015191113,-17.416567122752816,-10.149140692568253,45
2025,climatology,ridge,72,50,-54.32646718600633,-62.89007698099922,-45.2712018040267,45
2025,climatology,ridge,72,30,-118.5309440147413,-140.43883163204578,-98.35954113145701,45
2025,climatology,ridge,72,20,-90.46599616260171,-113.6043557291198,-72.21381098874673,45
2025,moving_average,ridge,6,100,-31.195499007644113,-33.37265039148679,-29.01652299887812,45
2025,moving_average,ridge,6,70,-30.213601785182554,-31.527034530841192,-28.760771212175662,45
2025,moving_average,ridge,6,50,-24.009129958383134,-25.238920229169725,-22.626449902184874,45
2025,moving_average,ridge,6,30,-24.022610907918974,-25.786307083326225,-22.361124989845845,45
2025,moving_average,ridge,6,20,-18.464741490359238,-19.905295142449077,-16.934425156903647,45
2025,moving_average,ridge,12,100,-18.96847763278755,-20.62584131807526,-17.203551737500668,45
2025,moving_average,ridge,12,70,-19.384014476658805,-20.58875944702666,-18.10065738731362,45
2025,moving_average,ridge,12,50,-16.087102561684972,-17.232967582413284,-14.932028589856976,45
2025,moving_average,ridge,12,30,-18.08431782472244,-19.63304784790753,-16.58390529674854,45
2025,moving_average,ridge,12,20,-14.47903198294016,-16.20221780819823,-12.688657575676885,45
2025,moving_average,ridge,24,100,-18.18730490246716,-19.371436385038816,-16.975744991676077,45
2025,moving_average,ridge,24,70,-19.690231840993853,-21.096403112502994,-18.307082079928996,45
2025,moving_average,ridge,24,50,-17.848234423472455,-19.492497210325695,-16.24491397510645,45
2025,moving_average,ridge,24,30,-21.18562728273423,-23.19126092841479,-19.13033190894808,45
2025,moving_average,ridge,24,20,-17.495497652134073,-19.771685906602485,-14.943899347447026,45
2025,moving_average,ridge,48,100,-15.590207560359959,-16.915709996815924,-14.15467912082892,45
2025,moving_average,ridge,48,70,-15.512912327661343,-16.893739637774985,-13.990172463185813,45
2025,moving_average,ridge,48,50,-13.902704019098477,-15.386095747794299,-12.336794261042625,45
2025,moving_average,ridge,48,30,-14.87177112274094,-16.991613182866473,-12.728829688213079,45
2025,moving_average,ridge,48,20,-12.710190135557141,-15.188329349193797,-9.985281543089611,45
2025,moving_average,ridge,72,100,-15.214288108289331,-16.895224383747852,-13.452357372277934,45
2025,moving_average,ridge,72,70,-13.26377853609868,-14.821497884829649,-11.613896711063827,45
2025,moving_average,ridge,72,50,-11.139149526721859,-12.755852832179318,-9.431942095327386,45
2025,moving_average,ridge,72,30,-11.571965116747585,-13.81452622602204,-9.201409735800432,45
2025,moving_average,ridge,72,20,-11.249124985932157,-14.147753468759802,-8.137136090199652,45
2025,linear,ridge,6,100,0.003439998380305731,-0.0010434444472479099,0.00817874305770655,45
2025,linear,ridge,6,70,0.011397924721012753,0.003949089434364117,0.0191719804604859,45
2025,linear,ridge,6,50,0.017072333980616694,0.008768675531550252,0.025355165548812675,45
2025,linear,ridge,6,30,0.01239643651014255,0.00335082318225155,0.021584505300759612,45
2025,linear,ridge,6,20,-0.0008669349747636446,-0.01049704780076599,0.009937849319134046,45
2025,linear,ridge,12,100,0.006397377190869857,0.00010593479229742411,0.01346548681146253,45
2025,linear,ridge,12,70,0.01253709176736173,0.005237032695483146,0.020584896822403165,45
2025,linear,ridge,12,50,0.013374360430018495,0.0060446332624244925,0.0206063383880159,45
2025,linear,ridge,12,30,0.009731120042688612,0.00205114922934152,0.017566159447988117,45
2025,linear,ridge,12,20,-0.0014412293415588806,-0.008227892620162325,0.0054659699259959615,45
2025,linear,ridge,24,100,0.0016778898681457655,-0.0016028426502290305,0.004965470172952623,45
2025,linear,ridge,24,70,0.0037768573013075013,0.0010164134956147652,0.0064694786224975265,45
2025,linear,ridge,24,50,0.00403640458036536,-9.125367618822983e-05,0.008369535211701362,45
2025,linear,ridge,24,30,-0.0015156329749688169,-0.007579993685876141,0.005040595286862625,45
2025,linear,ridge,24,20,-0.005456302411444014,-0.009077271155648603,-0.001318132282310814,45
2025,linear,ridge,48,100,0.0007777810031917021,-0.002342530741478721,0.0037580423281080573,45
2025,linear,ridge,48,70,0.0003798270985289065,-0.0028562679819527093,0.0034846186144518727,45
2025,linear,ridge,48,50,0.003240750737387721,-0.0014322327854815464,0.007908179222960991,45
2025,linear,ridge,48,30,-0.0004222896428540679,-0.007511528774714059,0.006314050986476748,45
2025,linear,ridge,48,20,-0.004547968989498941,-0.007387471355045361,-0.0016159492640061006,45
2025,linear,ridge,72,100,0.000364335835445484,-0.002630688069666931,0.0032894567956051604,45
2025,linear,ridge,72,70,-0.0006628646336492849,-0.003689579884257333,0.0021655304580484036,45
2025,linear,ridge,72,50,0.0015772892998144883,-0.001991996761306347,0.004717497252088587,45
2025,linear,ridge,72,30,0.0016347966267926672,-0.0035432210356456384,0.006342987346168728,45
2025,linear,ridge,72,20,-0.0021423965629097097,-0.006161187163161719,0.002356869278726802,45
2025,gradient_boosting,ridge,6,100,3.3211383182756515,3.001959820546893,3.662053040709729,45
2025,gradient_boosting,ridge,6,70,5.3432257367420855,4.924936215221345,5.803342541590213,45
2025,gradient_boosting,ridge,6,50,7.167996475900374,6.575897195381628,7.79266662311041,45
2025,gradient_boosting,ridge,6,30,7.193626029001699,6.603769521163103,7.737132790313575,45
2025,gradient_boosting,ridge,6,20,8.11660742261191,7.53664975110691,8.77529270249632,45
2025,gradient_boosting,ridge,12,100,3.257074178793784,2.8216266877430116,3.7029746839041824,45
2025,gradient_boosting,ridge,12,70,5.0809118445441666,4.545753983298748,5.653130434692128,45
2025,gradient_boosting,ridge,12,50,5.957320468612027,5.327922733426903,6.681635343027851,45
2025,gradient_boosting,ridge,12,30,5.312661828701937,4.645069992523471,5.9766272614226335,45
2025,gradient_boosting,ridge,12,20,7.577814353966417,6.898570600335825,8.279765205137945,45
2025,gradient_boosting,ridge,24,100,3.3281561922649083,2.739775631111589,3.999635266291583,45
2025,gradient_boosting,ridge,24,70,3.774081710059718,3.125106992157938,4.391833738131273,45
2025,gradient_boosting,ridge,24,50,3.3955165562508105,2.596460314656223,4.201016914116322,45
2025,gradient_boosting,ridge,24,30,2.673494137427046,1.9696533916887466,3.3932884856929952,45
2025,gradient_boosting,ridge,24,20,5.493127605750203,4.523689940169118,6.452003364396695,45
2025,gradient_boosting,ridge,48,100,4.144541495930598,3.0974650466874176,5.298584414011984,45
2025,gradient_boosting,ridge,48,70,3.723072398261329,2.7516982512161623,4.705959158916908,45
2025,gradient_boosting,ridge,48,50,0.9687670510460378,-0.010983480601415218,1.9998515550128149,45
2025,gradient_boosting,ridge,48,30,1.4626466401195026,-0.07580391143129638,2.8183765610873883,45
2025,gradient_boosting,ridge,48,20,3.8665708906233,2.0259602598931714,5.553379007499287,45
2025,gradient_boosting,ridge,72,100,4.89030831840428,3.56832431849867,6.311601801395718,45
2025,gradient_boosting,ridge,72,70,4.42685928192994,3.3999053093035805,5.5688886837912195,45
2025,gradient_boosting,ridge,72,50,0.8972805809702722,-0.1640077665858358,1.937363240471093,45
2025,gradient_boosting,ridge,72,30,2.1043520964837636,0.3020832077630506,3.7933144275245056,45
2025,gradient_boosting,ridge,72,20,3.639201678790538,0.9642090770761802,6.125943604824717,45
2025,lstm,ridge,6,100,3.795983626811572,3.3595158928849385,4.2508167992903365,45
2025,lstm,ridge,6,70,6.609640477548517,6.126982647248752,7.122902435939356,45
2025,lstm,ridge,6,50,9.633375195367433,8.934783056809321,10.317220063155986,45
2025,lstm,ridge,6,30,8.247009023739416,7.296861157626894,9.088573846906046,45
2025,lstm,ridge,6,20,9.136252589921378,8.457949541226146,9.752059592750374,45
2025,lstm,ridge,12,100,4.102020604915424,3.59956430041891,4.614854823106137,45
2025,lstm,ridge,12,70,6.192704311948782,5.559660610859046,6.801756670620181,45
2025,lstm,ridge,12,50,8.244737758128851,7.602020218943369,8.95611457119669,45
2025,lstm,ridge,12,30,5.589417355685677,4.503577623334651,6.564482410712534,45
2025,lstm,ridge,12,20,8.038754215833599,7.171297642381876,8.853154286654918,45
2025,lstm,ridge,24,100,3.783822039906992,3.1202285119577415,4.553656465486283,45
2025,lstm,ridge,24,70,4.16388978827481,3.5477927025633424,4.752780706928025,45
2025,lstm,ridge,24,50,3.5929430806362017,2.646305437925316,4.573428770561914,45
2025,lstm,ridge,24,30,1.652891186802108,0.07151299772274577,3.116212541270592,45
2025,lstm,ridge,24,20,6.408933324346422,5.311647051133704,7.586687360906512,45
2025,lstm,ridge,48,100,4.835740711524017,3.8048376588820654,5.939980108726732,45
2025,lstm,ridge,48,70,5.031155717172709,4.1984117219957655,5.847801143761154,45
2025,lstm,ridge,48,50,0.6195337505865428,-0.9988945078381695,2.060391501119887,45
2025,lstm,ridge,48,30,2.145723394684329,-0.11664774623824758,4.208956233890051,45
2025,lstm,ridge,48,20,6.109459100520775,3.8307003669075113,8.326687416907934,45
2025,lstm,ridge,72,100,5.059037757283768,3.864854166719857,6.358514081689844,45
2025,lstm,ridge,72,70,6.17369809851509,5.065378845678652,7.369893420176017,45
2025,lstm,ridge,72,50,-0.8846785528914047,-2.9374441770842723,0.8353044953418564,45
2025,lstm,ridge,72,30,3.413824596817139,0.7581265972204311,5.808084855290747,45
2025,lstm,ridge,72,20,6.278412579407688,3.096237205053394,9.204967935565984,45
2025,tcn,ridge,6,100,3.0772891118832857,2.676154328859074,3.4854145562314254,45
2025,tcn,ridge,6,70,6.408414072518653,5.968226092986449,6.9063702796609645,45
2025,tcn,ridge,6,50,8.619593995901075,8.02704306479775,9.214242977849496,45
2025,tcn,ridge,6,30,8.298037359800304,7.555907762099176,8.94276493873595,45
2025,tcn,ridge,6,20,8.278298623492809,7.660530587912991,8.889529730286784,45
2025,tcn,ridge,12,100,3.4683208171528035,2.982625228510666,3.942632912082039,45
2025,tcn,ridge,12,70,6.336739019534865,5.8150102468460005,6.8680606993148166,45
2025,tcn,ridge,12,50,7.6951193392474355,7.102001055208255,8.310746864953318,45
2025,tcn,ridge,12,30,6.4596475487227245,5.572904850932928,7.2093885428058835,45
2025,tcn,ridge,12,20,7.240997715893027,6.448102925628968,8.028666838683254,45
2025,tcn,ridge,24,100,3.629507952371125,3.0402085820279754,4.222629007953907,45
2025,tcn,ridge,24,70,3.884077998636093,3.3514439271498304,4.402917353541779,45
2025,tcn,ridge,24,50,5.34240542187513,4.664884573191571,6.009061727383938,45
2025,tcn,ridge,24,30,3.5333721985931987,2.4380523577095543,4.521896791749279,45
2025,tcn,ridge,24,20,6.637620140489253,5.683879036498534,7.599333634926826,45
2025,tcn,ridge,48,100,4.873612389893067,3.961413622411373,5.83756167788821,45
2025,tcn,ridge,48,70,3.9952707724914327,3.231652476694808,4.775467524799558,45
2025,tcn,ridge,48,50,3.204188740787861,1.969587121671461,4.343547813487982,45
2025,tcn,ridge,48,30,4.807923433336914,3.502626126282757,6.035709725204543,45
2025,tcn,ridge,48,20,5.749043709183754,3.8462788283132356,7.380616555088469,45
2025,tcn,ridge,72,100,5.120759903571104,4.061366987852788,6.23785705041035,45
2025,tcn,ridge,72,70,4.611849378090649,3.6543893445901108,5.65650647585064,45
2025,tcn,ridge,72,50,2.2235010344954342,1.0651756039238949,3.376657766668197,45
2025,tcn,ridge,72,30,5.557436727426445,3.975140307794825,6.906259319051046,45
2025,tcn,ridge,72,20,5.856817310697259,3.7089396904573997,7.937475587325564,45
